{"type":"FeatureCollection","name":"taiwan_counties","crs":{"type":"name","properties":{"name":"urn:ogc:def:crs:OGC:1.3:CRS84"}},"features":[{"type":"Feature","properties":{"name":"臺北市","nameEn":"Taipei City","code":"63000"},"geometry":{"type":"MultiPolygon","coordinates":[[[[121.5718,25.1954],[121.5732,25.195],[121.5759,25.1956],[121.5772,25.1953],[121.5792,25.1941],[121.5805,25.1954],[121.5831,25.195],[121.5838,25.1946],[121.5827,25.1931],[121.5838,25.1919],[121.584,25.1888],[121.5829,25.1884],[121.583,25.1875],[121.5823,25.1871],[121.5819,25.1858],[121.5828,25.1844],[121.5818,25.1835],[121.5809,25.1821],[121.5813,25.1804],[121.5822,25.1798],[121.5822,25.179],[121.5833,25.1776],[121.583,25.1756],[121.5817,25.1738],[121.5793,25.1719],[121.5773,25.17],[121.5774,25.1686],[121.5771,25.167],[121.5789,25.1656],[121.5825,25.1655],[121.5832,25.1658],[121.5836,25.1651],[121.5845,25.1648],[121.5864,25.1635],[121.5885,25.163],[121.5899,25.1637],[121.5905,25.1603],[121.5918,25.1576],[121.5916,25.1551],[121.5908,25.1547],[121.5904,25.1533],[121.5895,25.1527],[121.5896,25.1522],[121.5918,25.151],[121.5929,25.1508],[121.5937,25.15],[121.5939,25.1481],[121.5954,25.1463],[121.596,25.1448],[121.5958,25.1436],[121.5968,25.1428],[121.5982,25.141],[121.5984,25.1403],[121.6006,25.1393],[121.6017,25.1379],[121.6034,25.1371],[121.6041,25.1362],[121.6051,25.137],[121.6057,25.1367],[121.6046,25.1345],[121.6049,25.1327],[121.6046,25.1308],[121.6078,25.1302],[121.6075,25.1292],[121.6045,25.126],[121.6034,25.1255],[121.6027,25.1262],[121.6017,25.126],[121.6012,25.1243],[121.6008,25.1218],[121.5998,25.1203],[121.5989,25.1201],[121.5975,25.1162],[121.596,25.1142],[121.5956,25.1133],[121.5964,25.1121],[121.5965,25.1113],[121.5975,25.1095],[121.5996,25.1084],[121.602,25.1084],[121.6048,25.1074],[121.6062,25.1073],[121.608,25.1068],[121.6104,25.1052],[121.6122,25.1046],[121.6139,25.1045],[121.6155,25.1038],[121.6174,25.1011],[121.618,25.1009],[121.6217,25.0981],[121.622,25.0974],[121.6233,25.0969],[121.6254,25.0971],[121.6262,25.0961],[121.6254,25.0951],[121.6251,25.0937],[121.6263,25.0915],[121.626,25.0905],[121.6281,25.0884],[121.6286,25.0865],[121.6276,25.0848],[121.628,25.0833],[121.6272,25.0822],[121.6259,25.082],[121.6241,25.08],[121.6242,25.0781],[121.6251,25.0788],[121.6248,25.0777],[121.6234,25.0773],[121.6228,25.0747],[121.6218,25.0749],[121.6207,25.0734],[121.6213,25.0718],[121.6215,25.0695],[121.6185,25.0676],[121.6178,25.0677],[121.618,25.0664],[121.6176,25.0652],[121.6171,25.0659],[121.6161,25.0639],[121.6187,25.063],[121.6208,25.0614],[121.6217,25.0603],[121.6225,25.0584],[121.6243,25.0557],[121.6235,25.055],[121.6216,25.0565],[121.6205,25.0566],[121.6203,25.0555],[121.621,25.0537],[121.6182,25.0523],[121.6163,25.0506],[121.6165,25.0481],[121.6191,25.0435],[121.6198,25.0429],[121.6219,25.0401],[121.6229,25.0398],[121.6249,25.0377],[121.6261,25.0379],[121.6278,25.0372],[121.6295,25.0367],[121.6301,25.0352],[121.6329,25.0358],[121.6342,25.0348],[121.6347,25.035],[121.6381,25.0336],[121.6399,25.032],[121.6422,25.0312],[121.644,25.0299],[121.6458,25.0294],[121.6469,25.028],[121.648,25.0286],[121.6489,25.0279],[121.6502,25.0276],[121.652,25.0281],[121.6532,25.0275],[121.6541,25.0279],[121.6554,25.0276],[121.6568,25.0279],[121.6581,25.0291],[121.6608,25.0304],[121.664,25.03],[121.6648,25.0295],[121.6659,25.0299],[121.6649,25.0281],[121.6654,25.026],[121.6641,25.0232],[121.6628,25.0227],[121.6608,25.0234],[121.6582,25.0236],[121.6577,25.0232],[121.6561,25.0238],[121.6555,25.0237],[121.6538,25.0244],[121.6521,25.024],[121.6499,25.024],[121.6488,25.023],[121.6471,25.0219],[121.6461,25.0218],[121.6447,25.0237],[121.643,25.0246],[121.6408,25.0235],[121.6385,25.0237],[121.6375,25.0241],[121.6357,25.0232],[121.6356,25.024],[121.6346,25.0243],[121.6324,25.0256],[121.6309,25.0247],[121.6303,25.0232],[121.6303,25.0222],[121.629,25.02],[121.6282,25.0196],[121.627,25.0196],[121.6262,25.0186],[121.6225,25.0174],[121.6206,25.0184],[121.6192,25.0181],[121.6174,25.0184],[121.6161,25.0197],[121.6135,25.0192],[121.6098,25.0202],[121.6094,25.0209],[121.6082,25.0194],[121.6041,25.0191],[121.6031,25.0168],[121.6027,25.0151],[121.5975,25.0148],[121.5975,25.013],[121.5965,25.0119],[121.5956,25.0072],[121.596,25.006],[121.5959,25.0045],[121.5971,25.0046],[121.5979,25.0041],[121.5997,25.0025],[121.6006,25.0007],[121.6005,24.9985],[121.5997,24.9976],[121.5996,24.9964],[121.5988,24.9959],[121.5981,24.9945],[121.5985,24.9936],[121.5993,24.9931],[121.5991,24.9917],[121.5998,24.9912],[121.6019,24.9904],[121.6019,24.988],[121.6005,24.9873],[121.5999,24.9865],[121.5999,24.9851],[121.6004,24.9831],[121.6007,24.9803],[121.6003,24.9795],[121.5993,24.9787],[121.6002,24.9769],[121.6021,24.9759],[121.6028,24.9759],[121.6045,24.9751],[121.6051,24.9744],[121.6083,24.9745],[121.6087,24.9748],[121.6101,24.9742],[121.6113,24.9746],[121.6134,24.9734],[121.6141,24.9736],[121.6162,24.9717],[121.6178,24.9709],[121.6192,24.9706],[121.62,24.9695],[121.6196,24.9686],[121.6196,24.9672],[121.6178,24.9669],[121.6169,24.9675],[121.6149,24.9662],[121.6137,24.9664],[121.6121,24.9654],[121.6112,24.9653],[121.6094,24.9642],[121.6085,24.9632],[121.6053,24.963],[121.6034,24.9623],[121.6022,24.9612],[121.6011,24.9609],[121.6,24.9613],[121.5984,24.9612],[121.5971,24.9605],[121.5948,24.9616],[121.5934,24.9642],[121.592,24.9639],[121.5912,24.9646],[121.5887,24.9634],[121.5881,24.9637],[121.5857,24.9632],[121.5844,24.9646],[121.5822,24.9648],[121.5805,24.9654],[121.5786,24.9666],[121.5774,24.9665],[121.5746,24.9668],[121.5743,24.9653],[121.573,24.9641],[121.5721,24.964],[121.5704,24.9644],[121.5684,24.9641],[121.5651,24.9641],[121.5644,24.9646],[121.5612,24.9647],[121.5596,24.9668],[121.5585,24.9685],[121.5575,24.9723],[121.5561,24.9734],[121.5552,24.9765],[121.5541,24.9769],[121.5532,24.979],[121.5531,24.9808],[121.5539,24.9844],[121.5538,24.9852],[121.5526,24.9867],[121.5515,24.9874],[121.5508,24.9872],[121.5508,24.9853],[121.549,24.9838],[121.5471,24.9833],[121.5449,24.9838],[121.5442,24.9851],[121.5448,24.987],[121.5439,24.9883],[121.54,24.9877],[121.5382,24.988],[121.5369,24.9887],[121.5366,24.9897],[121.5371,24.9915],[121.5369,24.9928],[121.5363,24.9941],[121.535,24.9951],[121.5344,24.9933],[121.5332,24.9919],[121.5317,24.9905],[121.5314,24.9926],[121.5318,24.9932],[121.5316,24.9947],[121.5305,24.998],[121.5316,25.0012],[121.5334,25.0025],[121.5339,25.0036],[121.5326,25.0058],[121.5322,25.0081],[121.5315,25.0091],[121.5305,25.0098],[121.5278,25.0106],[121.5258,25.0119],[121.5232,25.0152],[121.5211,25.0181],[121.5193,25.0195],[121.5172,25.0205],[121.5143,25.0214],[121.512,25.0218],[121.5108,25.0218],[121.5091,25.0213],[121.5061,25.0188],[121.5041,25.0165],[121.5015,25.0132],[121.5003,25.012],[121.4973,25.01],[121.4953,25.0093],[121.4936,25.0092],[121.4927,25.0095],[121.4914,25.0115],[121.4903,25.0128],[121.4896,25.0132],[121.4888,25.0153],[121.4884,25.021],[121.4888,25.0233],[121.4876,25.0261],[121.4875,25.0272],[121.4868,25.0279],[121.4849,25.0315],[121.4836,25.0353],[121.4841,25.0376],[121.4851,25.0391],[121.4888,25.0426],[121.4913,25.0429],[121.4957,25.043],[121.4999,25.0449],[121.5014,25.046],[121.5047,25.0498],[121.5062,25.0536],[121.5063,25.0561],[121.5055,25.0581],[121.5054,25.0593],[121.5056,25.0608],[121.5068,25.0647],[121.507,25.0699],[121.507,25.0711],[121.5063,25.073],[121.5062,25.0744],[121.5047,25.078],[121.5041,25.0801],[121.5026,25.083],[121.4998,25.0872],[121.4992,25.0878],[121.4944,25.092],[121.4926,25.0935],[121.4891,25.0969],[121.4861,25.0988],[121.4832,25.0998],[121.4811,25.1009],[121.4783,25.1014],[121.4732,25.1016],[121.4664,25.1017],[121.4636,25.1027],[121.4614,25.1039],[121.4582,25.1062],[121.4573,25.1071],[121.4572,25.1086],[121.4577,25.1102],[121.4609,25.1162],[121.4601,25.119],[121.4594,25.1219],[121.4588,25.1229],[121.4609,25.123],[121.4618,25.1236],[121.4648,25.1243],[121.4643,25.1276],[121.4647,25.1285],[121.4656,25.1315],[121.4666,25.1328],[121.4683,25.1344],[121.469,25.1356],[121.4707,25.1367],[121.472,25.1377],[121.473,25.1397],[121.4749,25.1411],[121.4766,25.143],[121.4766,25.1437],[121.4805,25.1467],[121.4817,25.148],[121.4829,25.1502],[121.484,25.1508],[121.4865,25.1508],[121.4875,25.1515],[121.4876,25.153],[121.4888,25.1544],[121.4898,25.1562],[121.4928,25.1608],[121.4947,25.1619],[121.4956,25.1629],[121.4974,25.1637],[121.4991,25.1656],[121.4997,25.1675],[121.5004,25.1686],[121.5018,25.1693],[121.5017,25.1713],[121.5027,25.1728],[121.5026,25.1733],[121.5048,25.1732],[121.5054,25.1725],[121.5053,25.1718],[121.5061,25.171],[121.5071,25.1712],[121.5081,25.1704],[121.5104,25.1694],[121.5113,25.1694],[121.513,25.1709],[121.5139,25.171],[121.5164,25.1702],[121.5179,25.1699],[121.5195,25.1693],[121.5201,25.1694],[121.5212,25.1715],[121.5212,25.1723],[121.5226,25.1747],[121.522,25.1769],[121.5223,25.1776],[121.5217,25.179],[121.5257,25.1828],[121.5272,25.1832],[121.5293,25.183],[121.5312,25.1836],[121.5334,25.1836],[121.5346,25.1844],[121.5358,25.1867],[121.5372,25.187],[121.5382,25.1869],[121.5407,25.1872],[121.5428,25.189],[121.5427,25.1911],[121.5432,25.1937],[121.5446,25.1954],[121.5463,25.197],[121.5476,25.1971],[121.5481,25.198],[121.5491,25.1981],[121.5507,25.1971],[121.5518,25.1977],[121.5526,25.1988],[121.5526,25.2009],[121.5515,25.2021],[121.5518,25.2036],[121.5531,25.2042],[121.5534,25.2051],[121.5543,25.2062],[121.555,25.2084],[121.5568,25.2087],[121.5583,25.2098],[121.5597,25.2102],[121.5628,25.2093],[121.5635,25.2058],[121.5644,25.2048],[121.5651,25.2022],[121.5649,25.2009],[121.5664,25.1996],[121.5699,25.1983],[121.5708,25.1976],[121.5709,25.1962],[121.5718,25.1954]]]]}},{"type":"Feature","properties":{"name":"新北市","nameEn":"New Taipei City","code":"65000"},"geometry":{"type":"MultiPolygon","coordinates":[[[[121.7087,25.1753],[121.706,25.1738],[121.704,25.1741],[121.7022,25.1735],[121.7022,25.1725],[121.7011,25.1707],[121.701,25.1693],[121.7005,25.1689],[121.6991,25.1689],[121.6989,25.1672],[121.6975,25.1668],[121.6965,25.1672],[121.6957,25.1664],[121.695,25.1667],[121.6913,25.1663],[121.6911,25.1648],[121.6896,25.164],[121.6888,25.1641],[121.6879,25.1628],[121.6876,25.1619],[121.6848,25.1601],[121.6832,25.1607],[121.6825,25.1593],[121.6813,25.1593],[121.6784,25.1574],[121.6777,25.1558],[121.6764,25.1555],[121.6758,25.1558],[121.6741,25.1554],[121.6715,25.1556],[121.6696,25.1546],[121.6692,25.1534],[121.6676,25.1529],[121.666,25.1529],[121.6638,25.1522],[121.6623,25.1526],[121.6611,25.1521],[121.6583,25.1522],[121.6572,25.1514],[121.6567,25.1501],[121.6558,25.1492],[121.653,25.1482],[121.652,25.1484],[121.6515,25.148],[121.6504,25.1458],[121.6495,25.1449],[121.6463,25.1458],[121.644,25.1458],[121.6424,25.145],[121.6406,25.1454],[121.6398,25.1458],[121.6389,25.1444],[121.6368,25.1436],[121.6355,25.1435],[121.6348,25.1439],[121.6332,25.1433],[121.6321,25.1426],[121.631,25.1426],[121.6293,25.1418],[121.627,25.14],[121.6268,25.1396],[121.6278,25.1372],[121.6279,25.1361],[121.6287,25.1347],[121.6327,25.1322],[121.6331,25.1311],[121.6347,25.1305],[121.6379,25.1308],[121.6408,25.1296],[121.6418,25.1281],[121.643,25.1278],[121.6444,25.125],[121.6449,25.1234],[121.6447,25.1222],[121.6451,25.1215],[121.6462,25.1211],[121.6463,25.12],[121.6457,25.119],[121.646,25.1183],[121.646,25.1159],[121.6458,25.1154],[121.6462,25.1136],[121.6477,25.1119],[121.6488,25.1112],[121.6494,25.1101],[121.6502,25.1096],[121.6505,25.1081],[121.6516,25.1061],[121.6522,25.1047],[121.6517,25.1034],[121.6502,25.1034],[121.6489,25.1019],[121.6504,25.1005],[121.6506,25.0987],[121.6511,25.0982],[121.6529,25.0973],[121.6535,25.0963],[121.6554,25.0956],[121.6562,25.0946],[121.6557,25.0934],[121.6577,25.0927],[121.6584,25.0916],[121.6601,25.0908],[121.6609,25.0909],[121.6619,25.0893],[121.6631,25.0896],[121.6643,25.0894],[121.6649,25.0887],[121.6664,25.088],[121.6668,25.0868],[121.6679,25.0858],[121.669,25.0856],[121.6695,25.0851],[121.6725,25.0838],[121.674,25.0829],[121.675,25.0834],[121.6786,25.0872],[121.6806,25.0883],[121.6817,25.0871],[121.6815,25.0844],[121.6805,25.0846],[121.6799,25.0837],[121.6805,25.0819],[121.6797,25.08],[121.679,25.0795],[121.6792,25.0785],[121.6802,25.0781],[121.6804,25.0771],[121.6815,25.077],[121.6839,25.0749],[121.6848,25.0745],[121.6858,25.0735],[121.6878,25.0724],[121.6884,25.0717],[121.6901,25.0717],[121.6916,25.0705],[121.695,25.07],[121.6965,25.0701],[121.6977,25.0692],[121.6994,25.0674],[121.7004,25.0673],[121.7024,25.0678],[121.7043,25.0679],[121.7053,25.0669],[121.7069,25.0666],[121.7093,25.0677],[121.7107,25.068],[121.7124,25.068],[121.715,25.0664],[121.7167,25.0646],[121.7178,25.0638],[121.719,25.0616],[121.7208,25.0604],[121.722,25.0601],[121.7221,25.0589],[121.7227,25.0585],[121.7256,25.0584],[121.7262,25.0581],[121.7269,25.0567],[121.7284,25.0548],[121.7297,25.054],[121.7301,25.0534],[121.7321,25.0527],[121.7328,25.0533],[121.7348,25.0542],[121.7378,25.0547],[121.7394,25.0537],[121.7398,25.0531],[121.7424,25.0529],[121.7429,25.0525],[121.7437,25.0531],[121.7459,25.053],[121.7476,25.0537],[121.7482,25.055],[121.7491,25.0554],[121.7508,25.057],[121.7522,25.0576],[121.7556,25.0583],[121.7567,25.0593],[121.7579,25.059],[121.7593,25.0594],[121.7606,25.058],[121.7618,25.0578],[121.7623,25.057],[121.764,25.0574],[121.7647,25.0585],[121.7648,25.0595],[121.7659,25.06],[121.7673,25.0618],[121.77,25.0635],[121.7717,25.0632],[121.7722,25.0638],[121.7731,25.0668],[121.7746,25.0684],[121.7757,25.07],[121.7746,25.0714],[121.7736,25.0731],[121.7722,25.0741],[121.7713,25.0761],[121.7694,25.0779],[121.7671,25.0788],[121.7639,25.0786],[121.7617,25.0784],[121.76,25.081],[121.7591,25.0845],[121.7596,25.0868],[121.7592,25.0887],[121.7598,25.0902],[121.759,25.0919],[121.7584,25.0948],[121.7594,25.0963],[121.7594,25.0993],[121.7599,25.1005],[121.7568,25.1019],[121.7567,25.1028],[121.7575,25.1027],[121.758,25.1034],[121.7575,25.1041],[121.7574,25.1066],[121.7561,25.1084],[121.7539,25.1087],[121.7527,25.1068],[121.7517,25.1076],[121.7509,25.1077],[121.75,25.1097],[121.7518,25.111],[121.7549,25.1104],[121.7558,25.1106],[121.757,25.1101],[121.7576,25.111],[121.7594,25.1126],[121.7615,25.1124],[121.7633,25.1134],[121.7655,25.1132],[121.7669,25.1125],[121.768,25.1139],[121.7697,25.115],[121.7705,25.1168],[121.7714,25.1175],[121.7716,25.1185],[121.773,25.1201],[121.7749,25.1199],[121.7758,25.1187],[121.7772,25.1186],[121.7794,25.1176],[121.7806,25.1177],[121.7835,25.1166],[121.7853,25.1182],[121.786,25.1181],[121.7873,25.1159],[121.7902,25.1123],[121.7929,25.1129],[121.7947,25.1126],[121.7957,25.1137],[121.7978,25.1143],[121.7979,25.1161],[121.7986,25.1167],[121.7976,25.117],[121.7976,25.1177],[121.7987,25.1184],[121.7988,25.1193],[121.7976,25.1198],[121.7971,25.1213],[121.7942,25.1233],[121.7945,25.1242],[121.7943,25.1253],[121.7947,25.1264],[121.7963,25.1254],[121.7976,25.125],[121.7981,25.1243],[121.7991,25.1243],[121.7998,25.1231],[121.8007,25.1231],[121.8023,25.1218],[121.8032,25.1222],[121.8034,25.1235],[121.8049,25.1251],[121.805,25.1258],[121.8039,25.1272],[121.8042,25.1285],[121.8053,25.1292],[121.8051,25.13],[121.8054,25.1311],[121.8039,25.1335],[121.8025,25.1343],[121.8035,25.1362],[121.8068,25.1356],[121.8074,25.1347],[121.8104,25.1331],[121.8118,25.1337],[121.8139,25.1341],[121.8154,25.1348],[121.8175,25.1341],[121.8198,25.1348],[121.8219,25.136],[121.8253,25.1361],[121.8266,25.1356],[121.8258,25.1347],[121.8231,25.1325],[121.8219,25.1326],[121.8217,25.1305],[121.8198,25.1294],[121.8191,25.127],[121.8196,25.1248],[121.8211,25.1224],[121.8225,25.1214],[121.8254,25.1217],[121.8256,25.1225],[121.8274,25.1226],[121.8278,25.1232],[121.828,25.1227],[121.8296,25.1244],[121.8291,25.126],[121.8285,25.1273],[121.8303,25.1278],[121.8315,25.127],[121.8318,25.1277],[121.8338,25.127],[121.8343,25.1275],[121.8341,25.1284],[121.835,25.1285],[121.8365,25.128],[121.8367,25.1284],[121.8378,25.1282],[121.839,25.1286],[121.8395,25.1281],[121.8407,25.1286],[121.8421,25.1281],[121.8419,25.1289],[121.843,25.1285],[121.8429,25.1278],[121.8447,25.1276],[121.8449,25.1273],[121.8489,25.1273],[121.85,25.1267],[121.8527,25.1262],[121.8561,25.1248],[121.8591,25.1249],[121.8606,25.1246],[121.8624,25.1263],[121.8628,25.1254],[121.8626,25.1243],[121.8641,25.1242],[121.865,25.1231],[121.8685,25.1231],[121.8695,25.1252],[121.8703,25.1253],[121.8706,25.1243],[121.8715,25.1238],[121.872,25.1241],[121.8725,25.1254],[121.8736,25.1248],[121.8746,25.1255],[121.8748,25.1249],[121.876,25.1256],[121.8774,25.125],[121.8779,25.1236],[121.88,25.1231],[121.8812,25.1237],[121.8834,25.1233],[121.8845,25.124],[121.8844,25.1233],[121.8863,25.1225],[121.8884,25.1225],[121.8897,25.1217],[121.889,25.1205],[121.8898,25.1199],[121.891,25.1203],[121.8912,25.1196],[121.8921,25.1197],[121.8932,25.1206],[121.8934,25.1201],[121.8946,25.1202],[121.895,25.1208],[121.896,25.121],[121.896,25.1202],[121.8971,25.1197],[121.8981,25.1201],[121.9008,25.1208],[121.9044,25.1233],[121.9045,25.1243],[121.9066,25.1239],[121.9081,25.1239],[121.9103,25.1234],[121.9119,25.1238],[121.9118,25.1242],[121.9134,25.1245],[121.9147,25.1242],[121.9152,25.1248],[121.9157,25.1267],[121.9165,25.1273],[121.9189,25.1276],[121.9212,25.1285],[121.9223,25.1295],[121.924,25.1301],[121.926,25.1297],[121.9268,25.1288],[121.9241,25.124],[121.9229,25.1226],[121.9212,25.1213],[121.9209,25.1196],[121.9208,25.1175],[121.9169,25.1162],[121.9161,25.1149],[121.916,25.1139],[121.9169,25.1131],[121.9186,25.1125],[121.9213,25.1137],[121.9212,25.1141],[121.9232,25.1133],[121.9245,25.1117],[121.9249,25.1105],[121.9266,25.1081],[121.9255,25.1061],[121.9232,25.1053],[121.9232,25.1047],[121.9241,25.1039],[121.9236,25.1034],[121.9219,25.1041],[121.9205,25.1033],[121.9194,25.1021],[121.919,25.1011],[121.9192,25.1002],[121.9186,25.1002],[121.9187,25.0992],[121.9193,25.0989],[121.9197,25.0977],[121.9196,25.0949],[121.9174,25.0943],[121.916,25.0925],[121.916,25.092],[121.9144,25.0897],[121.9146,25.0878],[121.9144,25.0855],[121.9149,25.0843],[121.9165,25.0824],[121.9169,25.0814],[121.9154,25.0781],[121.9155,25.0766],[121.9167,25.076],[121.9199,25.0763],[121.9208,25.0753],[121.9225,25.0744],[121.9237,25.0732],[121.9255,25.072],[121.9267,25.0718],[121.9285,25.0709],[121.9281,25.0688],[121.9302,25.0663],[121.9317,25.0631],[121.9313,25.0629],[121.9317,25.061],[121.9307,25.0611],[121.9307,25.0599],[121.9313,25.0561],[121.9307,25.056],[121.9316,25.0541],[121.9304,25.0528],[121.9298,25.0513],[121.9291,25.0476],[121.929,25.0462],[121.9302,25.0456],[121.9304,25.0441],[121.9291,25.0432],[121.929,25.0422],[121.9303,25.0417],[121.9291,25.0413],[121.9295,25.0398],[121.9308,25.0386],[121.9321,25.0359],[121.9346,25.0324],[121.9393,25.0277],[121.9422,25.0246],[121.9448,25.0226],[121.9471,25.0211],[121.95,25.0205],[121.9497,25.0216],[121.9521,25.0222],[121.956,25.0224],[121.9587,25.023],[121.9609,25.023],[121.9649,25.0247],[121.9669,25.0239],[121.9689,25.0245],[121.9699,25.0255],[121.9737,25.0266],[121.9757,25.0268],[121.9779,25.0266],[121.983,25.0249],[121.988,25.0223],[121.9902,25.0211],[121.9923,25.0165],[121.9915,25.015],[121.9912,25.013],[121.9932,25.0142],[121.9939,25.016],[121.9963,25.0184],[121.9976,25.0195],[121.9991,25.0196],[121.9999,25.0184],[122.0007,25.0164],[122.0018,25.0148],[122.0036,25.0146],[122.0041,25.0155],[122.0051,25.0156],[122.0054,25.0148],[122.0052,25.013],[122.0061,25.0124],[122.0061,25.0115],[122.0066,25.011],[122.0075,25.0119],[122.006,25.0094],[122.0058,25.0086],[122.0071,25.0086],[122.0069,25.008],[122.0057,25.0078],[122.0057,25.0063],[122.0053,25.0058],[122.0053,25.0045],[122.006,25.0033],[122.0052,25.0015],[122.0036,25.002],[121.9967,25.0008],[121.9958,25.0001],[121.9961,24.9995],[121.9945,24.9992],[121.9927,24.9974],[121.9907,24.9957],[121.9893,24.9937],[121.986,24.9921],[121.9839,24.9906],[121.9809,24.9911],[121.9775,24.9901],[121.9761,24.9888],[121.9747,24.9853],[121.9722,24.9854],[121.9709,24.9846],[121.9704,24.9851],[121.9677,24.9848],[121.9673,24.9827],[121.9668,24.9825],[121.966,24.9831],[121.9647,24.9851],[121.9641,24.9856],[121.9628,24.9878],[121.9611,24.9883],[121.9598,24.9884],[121.9582,24.9873],[121.9568,24.988],[121.9555,24.9883],[121.9536,24.9883],[121.9532,24.988],[121.9504,24.9883],[121.9487,24.987],[121.9479,24.9867],[121.9463,24.987],[121.9458,24.9878],[121.9448,24.9882],[121.9439,24.9879],[121.943,24.9864],[121.941,24.9856],[121.9406,24.9845],[121.9387,24.9849],[121.9376,24.9831],[121.9358,24.9834],[121.9345,24.9831],[121.934,24.9815],[121.9335,24.9809],[121.9322,24.9812],[121.9306,24.981],[121.929,24.9804],[121.9286,24.9797],[121.9268,24.9802],[121.9265,24.9797],[121.9243,24.9794],[121.9223,24.9786],[121.9209,24.9797],[121.9191,24.9787],[121.9182,24.979],[121.9173,24.9788],[121.9163,24.9795],[121.9148,24.9793],[121.914,24.9786],[121.9125,24.9783],[121.9108,24.9768],[121.9105,24.9749],[121.9101,24.9748],[121.9083,24.9759],[121.9068,24.9756],[121.9063,24.9744],[121.9054,24.9734],[121.904,24.9747],[121.9028,24.9744],[121.902,24.9733],[121.9003,24.9718],[121.8994,24.9703],[121.8994,24.9693],[121.8972,24.9671],[121.8961,24.9671],[121.8918,24.9651],[121.8894,24.9647],[121.8885,24.9632],[121.8876,24.9637],[121.8847,24.9644],[121.8823,24.9641],[121.8792,24.9627],[121.878,24.9627],[121.8762,24.9615],[121.8747,24.9617],[121.8723,24.9613],[121.8716,24.9607],[121.87,24.961],[121.8692,24.9615],[121.8652,24.9622],[121.8636,24.9621],[121.8612,24.9637],[121.8588,24.9634],[121.855,24.9617],[121.8543,24.9615],[121.854,24.96],[121.8526,24.9596],[121.8517,24.9599],[121.8504,24.9612],[121.8488,24.96],[121.8472,24.9604],[121.8455,24.9592],[121.8451,24.9577],[121.8435,24.9569],[121.843,24.9552],[121.8414,24.9542],[121.8413,24.9526],[121.8418,24.9513],[121.8407,24.9479],[121.8392,24.9463],[121.839,24.9446],[121.8398,24.9422],[121.8407,24.9412],[121.8415,24.941],[121.8424,24.9394],[121.8458,24.9383],[121.8466,24.9378],[121.8479,24.9353],[121.8478,24.934],[121.8494,24.9311],[121.8491,24.9303],[121.8505,24.9295],[121.8517,24.9292],[121.8522,24.9286],[121.8538,24.9279],[121.854,24.9259],[121.8536,24.9251],[121.8521,24.9237],[121.8508,24.9234],[121.8502,24.9225],[121.8456,24.9194],[121.8449,24.9172],[121.8433,24.9154],[121.8423,24.9151],[121.8418,24.9144],[121.8396,24.9127],[121.838,24.9101],[121.8366,24.9085],[121.8344,24.9068],[121.8334,24.9067],[121.8318,24.9049],[121.83,24.905],[121.8279,24.9053],[121.827,24.9045],[121.826,24.9052],[121.8224,24.9045],[121.8207,24.9037],[121.8198,24.9029],[121.8183,24.9027],[121.8164,24.9037],[121.8154,24.9047],[121.8134,24.9054],[121.8117,24.9065],[121.8105,24.9052],[121.8105,24.9037],[121.8086,24.9029],[121.8077,24.9032],[121.8073,24.9027],[121.8061,24.9025],[121.8058,24.9018],[121.8045,24.9012],[121.8043,24.9017],[121.8031,24.9017],[121.8022,24.901],[121.8001,24.9012],[121.799,24.9009],[121.7975,24.9011],[121.7971,24.9016],[121.7953,24.8998],[121.7936,24.8997],[121.7925,24.9],[121.7918,24.8995],[121.7921,24.8975],[121.7931,24.897],[121.793,24.8962],[121.7906,24.8946],[121.79,24.8935],[121.7882,24.8928],[121.7869,24.8929],[121.7856,24.8923],[121.7858,24.8908],[121.7842,24.8902],[121.783,24.8904],[121.7817,24.8894],[121.7822,24.8874],[121.7819,24.8846],[121.7823,24.8832],[121.7819,24.8824],[121.7824,24.8804],[121.7822,24.8792],[121.7842,24.8777],[121.7849,24.8756],[121.7846,24.8749],[121.7852,24.8741],[121.7845,24.8736],[121.7832,24.8742],[121.782,24.8731],[121.7791,24.8714],[121.7774,24.8708],[121.7773,24.8697],[121.7765,24.8688],[121.7752,24.8666],[121.7757,24.866],[121.7755,24.8651],[121.7734,24.8651],[121.7712,24.8649],[121.7692,24.8659],[121.7677,24.8654],[121.7674,24.8649],[121.7679,24.8638],[121.7661,24.8625],[121.7654,24.861],[121.7643,24.8599],[121.7635,24.8599],[121.7627,24.8612],[121.7615,24.8599],[121.762,24.8595],[121.762,24.8583],[121.761,24.8577],[121.761,24.8567],[121.7574,24.8567],[121.7536,24.856],[121.7537,24.8551],[121.7529,24.8549],[121.7512,24.8549],[121.7506,24.8545],[121.7488,24.8551],[121.7478,24.8549],[121.7474,24.8537],[121.7458,24.8529],[121.7435,24.8528],[121.742,24.8525],[121.7404,24.8535],[121.7383,24.8553],[121.7362,24.8557],[121.7326,24.8558],[121.7305,24.8553],[121.7294,24.8544],[121.7272,24.8531],[121.7263,24.8517],[121.7248,24.8506],[121.7235,24.8505],[121.7219,24.8498],[121.7195,24.8466],[121.7197,24.8456],[121.7187,24.8457],[121.7172,24.8449],[121.7156,24.8444],[121.7152,24.8429],[121.7143,24.8418],[121.7113,24.8414],[121.7107,24.841],[121.709,24.8406],[121.7084,24.8391],[121.7074,24.8388],[121.7068,24.8378],[121.7059,24.8374],[121.7033,24.8352],[121.7017,24.8343],[121.6999,24.8349],[121.6991,24.8355],[121.6982,24.8342],[121.6964,24.8345],[121.6967,24.8337],[121.6961,24.832],[121.6964,24.8305],[121.696,24.8297],[121.6945,24.8292],[121.6932,24.8279],[121.6918,24.8272],[121.6911,24.8272],[121.6889,24.8262],[121.6877,24.825],[121.6877,24.8243],[121.6897,24.8227],[121.6901,24.8214],[121.689,24.8193],[121.6893,24.8173],[121.6884,24.8162],[121.6872,24.8163],[121.6863,24.8175],[121.6845,24.8174],[121.6831,24.8169],[121.6817,24.8176],[121.6808,24.8175],[121.6789,24.8153],[121.6768,24.8141],[121.6753,24.8147],[121.6742,24.8141],[121.6727,24.8151],[121.671,24.8169],[121.669,24.818],[121.6688,24.8169],[121.6673,24.8162],[121.6658,24.8148],[121.6648,24.8144],[121.6641,24.8134],[121.663,24.8126],[121.6609,24.8118],[121.6607,24.8108],[121.6561,24.8112],[121.6531,24.8113],[121.6518,24.8117],[121.6504,24.813],[121.6487,24.8127],[121.6475,24.8139],[121.6464,24.8108],[121.6457,24.8097],[121.6444,24.8092],[121.642,24.8104],[121.6403,24.8103],[121.6388,24.8107],[121.6372,24.8094],[121.6344,24.8091],[121.6322,24.8092],[121.6301,24.8089],[121.6289,24.8081],[121.6281,24.808],[121.626,24.8088],[121.6257,24.8086],[121.6264,24.8058],[121.6261,24.8034],[121.6248,24.8016],[121.6252,24.7995],[121.626,24.7965],[121.6253,24.795],[121.623,24.794],[121.6217,24.7927],[121.6204,24.7926],[121.6172,24.7938],[121.6158,24.7939],[121.6133,24.7932],[121.6096,24.7938],[121.6072,24.7904],[121.6056,24.7891],[121.6029,24.7894],[121.5989,24.7877],[121.5947,24.7873],[121.592,24.7875],[121.5929,24.7862],[121.5934,24.7846],[121.5932,24.7826],[121.5935,24.7817],[121.5943,24.7811],[121.5945,24.7788],[121.5951,24.7779],[121.5957,24.776],[121.5976,24.7726],[121.5973,24.7716],[121.5961,24.7701],[121.5956,24.769],[121.5963,24.7673],[121.5958,24.7665],[121.5934,24.7648],[121.5905,24.7607],[121.5908,24.7588],[121.5894,24.7572],[121.589,24.7552],[121.5897,24.7536],[121.59,24.7519],[121.5908,24.7509],[121.5923,24.7503],[121.5946,24.7502],[121.5952,24.7488],[121.5961,24.7482],[121.5944,24.7463],[121.5928,24.746],[121.5917,24.7449],[121.5919,24.7433],[121.5934,24.7424],[121.5943,24.7411],[121.5948,24.7409],[121.5954,24.7391],[121.5949,24.7367],[121.5942,24.7347],[121.595,24.7334],[121.595,24.7325],[121.5937,24.7305],[121.5941,24.7293],[121.5978,24.7293],[121.5975,24.7277],[121.5939,24.7258],[121.5927,24.7246],[121.5904,24.7235],[121.5891,24.7217],[121.5877,24.7203],[121.5858,24.7201],[121.5835,24.7206],[121.5815,24.7213],[121.5797,24.7223],[121.5786,24.7224],[121.5778,24.7218],[121.5775,24.7204],[121.5777,24.7189],[121.5773,24.7175],[121.5775,24.7166],[121.5773,24.7149],[121.5756,24.711],[121.5748,24.7101],[121.5724,24.7104],[121.5705,24.714],[121.5695,24.7127],[121.5675,24.7115],[121.5655,24.7117],[121.5633,24.7128],[121.5618,24.7126],[121.5603,24.7117],[121.5582,24.7109],[121.5564,24.7112],[121.5554,24.7101],[121.5544,24.7084],[121.5512,24.706],[121.5503,24.7057],[121.5475,24.7063],[121.5453,24.7058],[121.5434,24.7057],[121.5429,24.7047],[121.5417,24.7036],[121.5408,24.7023],[121.5385,24.7006],[121.5379,24.6997],[121.5386,24.6982],[121.5385,24.6964],[121.5388,24.6946],[121.5375,24.6938],[121.5378,24.6923],[121.5376,24.6901],[121.5369,24.6885],[121.5362,24.6883],[121.5333,24.6884],[121.5319,24.6877],[121.5291,24.6876],[121.5282,24.6889],[121.5271,24.6885],[121.527,24.6854],[121.5262,24.6848],[121.5249,24.6845],[121.5238,24.6833],[121.5198,24.6833],[121.5148,24.6832],[121.5137,24.6843],[121.5122,24.6845],[121.5101,24.6832],[121.5092,24.6832],[121.5075,24.6824],[121.5055,24.6799],[121.5044,24.6794],[121.503,24.6794],[121.4992,24.678],[121.4971,24.6763],[121.4968,24.6755],[121.4939,24.6735],[121.4927,24.6732],[121.4893,24.6742],[121.4885,24.6751],[121.4869,24.6752],[121.485,24.6739],[121.483,24.6739],[121.4818,24.6743],[121.48,24.6738],[121.4792,24.6755],[121.4771,24.6783],[121.476,24.6792],[121.4755,24.6809],[121.4755,24.6833],[121.4742,24.6848],[121.4735,24.6885],[121.473,24.6897],[121.4746,24.6927],[121.4748,24.6937],[121.4742,24.6961],[121.4723,24.6966],[121.4706,24.6968],[121.4698,24.6962],[121.467,24.6977],[121.4647,24.6998],[121.4636,24.701],[121.4604,24.7026],[121.4565,24.7032],[121.4523,24.7051],[121.4504,24.7056],[121.4498,24.7064],[121.4491,24.7085],[121.4488,24.7122],[121.4465,24.7142],[121.4451,24.7148],[121.4442,24.7171],[121.4415,24.7231],[121.441,24.7261],[121.4383,24.7266],[121.4363,24.7287],[121.4343,24.73],[121.4344,24.731],[121.4354,24.7329],[121.4351,24.7341],[121.433,24.7368],[121.4328,24.7376],[121.4331,24.7392],[121.4327,24.7408],[121.432,24.7422],[121.4304,24.7435],[121.4302,24.7455],[121.4287,24.7479],[121.4287,24.7488],[121.4292,24.7499],[121.4285,24.7515],[121.4285,24.7535],[121.4279,24.7547],[121.4266,24.7561],[121.4255,24.7591],[121.4259,24.7603],[121.4251,24.7612],[121.4236,24.7617],[121.4234,24.7631],[121.4254,24.767],[121.4267,24.7683],[121.4294,24.7702],[121.4314,24.7719],[121.4358,24.773],[121.4381,24.7749],[121.4397,24.7774],[121.4406,24.7791],[121.4425,24.7805],[121.4441,24.7806],[121.4461,24.7819],[121.4469,24.7827],[121.4475,24.7842],[121.4495,24.7859],[121.4495,24.7867],[121.4488,24.7882],[121.4505,24.79],[121.4504,24.7909],[121.4495,24.7911],[121.4473,24.7901],[121.4457,24.7901],[121.4446,24.7911],[121.4427,24.792],[121.4417,24.7933],[121.4383,24.7953],[121.4375,24.7966],[121.4371,24.7982],[121.4381,24.8011],[121.4379,24.8042],[121.437,24.8054],[121.4373,24.8082],[121.4365,24.8104],[121.4364,24.8122],[121.4323,24.8135],[121.43,24.8149],[121.4286,24.8168],[121.4277,24.8174],[121.4272,24.8187],[121.4253,24.82],[121.425,24.8209],[121.425,24.8228],[121.4241,24.825],[121.4235,24.8255],[121.4194,24.8256],[121.4176,24.8252],[121.4167,24.8259],[121.4162,24.8269],[121.4161,24.8287],[121.4144,24.8307],[121.4138,24.832],[121.4149,24.8335],[121.4156,24.8355],[121.4125,24.8371],[121.4115,24.8383],[121.4103,24.8387],[121.4088,24.8407],[121.4055,24.8424],[121.4047,24.8425],[121.4027,24.8436],[121.4012,24.8419],[121.3999,24.8416],[121.398,24.8418],[121.3971,24.8428],[121.3973,24.8437],[121.3937,24.844],[121.3924,24.8432],[121.3891,24.8422],[121.3881,24.8424],[121.385,24.8408],[121.3844,24.8387],[121.3845,24.838],[121.3833,24.837],[121.3809,24.8365],[121.3779,24.8345],[121.3758,24.8338],[121.3744,24.8338],[121.3736,24.8333],[121.3729,24.8336],[121.3728,24.835],[121.3707,24.8355],[121.3703,24.8361],[121.3673,24.8368],[121.3664,24.8373],[121.3642,24.8381],[121.3626,24.838],[121.3601,24.8382],[121.3578,24.8395],[121.3558,24.8423],[121.3553,24.8425],[121.3549,24.844],[121.3517,24.8445],[121.3488,24.8455],[121.3467,24.8459],[121.3425,24.8447],[121.3414,24.8438],[121.3396,24.8434],[121.336,24.8439],[121.3358,24.8446],[121.3362,24.8469],[121.337,24.8482],[121.3402,24.8487],[121.342,24.8486],[121.3446,24.8496],[121.3467,24.8502],[121.3475,24.8499],[121.3476,24.8508],[121.3483,24.8507],[121.3481,24.8498],[121.3485,24.8486],[121.3503,24.8487],[121.3498,24.8494],[121.3525,24.8491],[121.3529,24.8494],[121.3518,24.8501],[121.3533,24.8506],[121.3538,24.8519],[121.3548,24.8534],[121.3567,24.8536],[121.3579,24.8531],[121.3578,24.8545],[121.3569,24.8545],[121.3556,24.8551],[121.3543,24.8566],[121.3537,24.8584],[121.3514,24.8594],[121.3507,24.8593],[121.3493,24.8598],[121.3473,24.8621],[121.3461,24.866],[121.345,24.8669],[121.3459,24.8682],[121.348,24.8683],[121.3494,24.8688],[121.3506,24.8701],[121.3522,24.8705],[121.3531,24.8711],[121.3544,24.8732],[121.3534,24.875],[121.3535,24.8765],[121.3521,24.8768],[121.3506,24.8786],[121.3497,24.8788],[121.3472,24.8787],[121.3456,24.8801],[121.3453,24.8836],[121.3447,24.8858],[121.3438,24.8867],[121.3414,24.8875],[121.3412,24.8887],[121.3421,24.8926],[121.3406,24.8923],[121.3384,24.8933],[121.3376,24.8927],[121.3353,24.8918],[121.3333,24.8918],[121.3332,24.8932],[121.3321,24.8936],[121.3334,24.8966],[121.3332,24.8982],[121.3336,24.8992],[121.3319,24.8999],[121.3306,24.8979],[121.3291,24.8973],[121.3278,24.8959],[121.3267,24.896],[121.3256,24.8973],[121.3224,24.8986],[121.3213,24.8999],[121.3203,24.9002],[121.3212,24.901],[121.3219,24.9023],[121.3218,24.9035],[121.3237,24.9044],[121.3255,24.9062],[121.3263,24.9074],[121.3262,24.9092],[121.3244,24.9099],[121.3235,24.91],[121.3231,24.9117],[121.3215,24.9132],[121.3203,24.9135],[121.3196,24.9149],[121.3176,24.9164],[121.3203,24.9188],[121.3214,24.9203],[121.3246,24.9233],[121.3274,24.9246],[121.3299,24.925],[121.3342,24.9247],[121.3355,24.9251],[121.3385,24.9272],[121.3398,24.9285],[121.3378,24.9286],[121.3358,24.929],[121.3343,24.9297],[121.331,24.9296],[121.3247,24.9287],[121.3221,24.928],[121.3232,24.9313],[121.3219,24.9323],[121.3209,24.9325],[121.3207,24.9337],[121.3183,24.9347],[121.3158,24.9385],[121.3185,24.9402],[121.3231,24.9428],[121.325,24.9436],[121.3279,24.9443],[121.3304,24.9445],[121.3316,24.9458],[121.3293,24.9474],[121.3281,24.9489],[121.3281,24.9555],[121.3287,24.9574],[121.3292,24.9606],[121.3287,24.9641],[121.3281,24.9656],[121.3298,24.9669],[121.3289,24.9679],[121.3276,24.9671],[121.3286,24.9685],[121.3289,24.9696],[121.3283,24.971],[121.3286,24.9715],[121.3279,24.9728],[121.3251,24.9712],[121.324,24.9711],[121.3237,24.9728],[121.3253,24.9735],[121.3274,24.9747],[121.3274,24.9754],[121.3286,24.9763],[121.3271,24.9777],[121.3274,24.9784],[121.3285,24.9784],[121.331,24.9793],[121.3316,24.9786],[121.334,24.9787],[121.3347,24.9798],[121.3359,24.9799],[121.3366,24.9806],[121.3381,24.9804],[121.3391,24.9807],[121.3403,24.9801],[121.3421,24.9809],[121.3427,24.9823],[121.3448,24.9803],[121.3473,24.9788],[121.3486,24.9798],[121.3501,24.9799],[121.3523,24.9808],[121.3531,24.9801],[121.3533,24.9785],[121.354,24.9778],[121.3578,24.9778],[121.3592,24.9782],[121.3612,24.9778],[121.3614,24.9788],[121.3637,24.9796],[121.3651,24.9785],[121.3659,24.9786],[121.3688,24.9768],[121.3697,24.977],[121.3712,24.9783],[121.3724,24.9799],[121.3747,24.9806],[121.3755,24.9811],[121.3768,24.9813],[121.3787,24.9832],[121.381,24.9843],[121.3821,24.9839],[121.3856,24.9865],[121.3837,24.9881],[121.3834,24.9886],[121.3843,24.9918],[121.3837,24.9929],[121.3837,24.9946],[121.3843,24.9957],[121.3853,24.9957],[121.388,24.9964],[121.3884,24.9957],[121.39,24.9946],[121.3903,24.9935],[121.3908,24.9933],[121.3924,24.9936],[121.3943,24.9935],[121.3956,24.9949],[121.3965,24.9955],[121.3968,24.9973],[121.3979,24.9976],[121.3987,24.9984],[121.4,24.9983],[121.4016,24.9992],[121.4027,24.9989],[121.4032,24.9993],[121.403,25.0006],[121.402,25.001],[121.402,25.0025],[121.4009,25.0033],[121.4001,25.0044],[121.4004,25.0055],[121.3997,25.0059],[121.3995,25.007],[121.3977,25.0078],[121.3954,25.0091],[121.3936,25.0098],[121.3921,25.011],[121.3913,25.0122],[121.3921,25.0125],[121.3926,25.0138],[121.3924,25.0149],[121.393,25.0156],[121.3944,25.0147],[121.3961,25.0152],[121.3976,25.0162],[121.4002,25.0158],[121.4016,25.0158],[121.4043,25.0172],[121.4057,25.0171],[121.4075,25.0175],[121.4095,25.0184],[121.4112,25.018],[121.4121,25.0188],[121.4107,25.0199],[121.4107,25.021],[121.4087,25.0209],[121.4058,25.0232],[121.4046,25.0238],[121.4039,25.0252],[121.4022,25.0258],[121.4011,25.027],[121.4015,25.0282],[121.4007,25.0292],[121.3992,25.0295],[121.3983,25.0302],[121.398,25.0312],[121.3988,25.0315],[121.3982,25.0325],[121.3988,25.0348],[121.4009,25.0342],[121.4001,25.0348],[121.3996,25.0359],[121.4012,25.0364],[121.4013,25.0374],[121.4007,25.0379],[121.3998,25.0375],[121.3991,25.0386],[121.3976,25.0385],[121.3972,25.0392],[121.3944,25.0401],[121.3944,25.0412],[121.3936,25.042],[121.3926,25.042],[121.3913,25.0415],[121.3907,25.0419],[121.3927,25.0434],[121.3939,25.0438],[121.3945,25.0435],[121.3962,25.0436],[121.3968,25.0431],[121.3977,25.0437],[121.3996,25.0429],[121.4007,25.0432],[121.3985,25.0438],[121.3983,25.0441],[121.4029,25.0454],[121.4026,25.0457],[121.4008,25.0454],[121.3999,25.045],[121.3995,25.046],[121.399,25.0458],[121.398,25.0468],[121.3994,25.0478],[121.3971,25.0482],[121.396,25.0486],[121.3944,25.0475],[121.3943,25.0496],[121.394,25.0503],[121.3947,25.0504],[121.3952,25.0496],[121.3966,25.0496],[121.3985,25.0485],[121.3983,25.0498],[121.3975,25.0504],[121.3981,25.0511],[121.3998,25.0494],[121.4003,25.0496],[121.4002,25.051],[121.4007,25.0514],[121.3993,25.0516],[121.3983,25.0513],[121.3974,25.0515],[121.3965,25.0524],[121.3944,25.0531],[121.3929,25.054],[121.391,25.0536],[121.3926,25.0551],[121.3916,25.0549],[121.3907,25.0542],[121.3909,25.0534],[121.3899,25.0528],[121.3893,25.0535],[121.3883,25.0529],[121.3878,25.0532],[121.3862,25.0526],[121.3846,25.0525],[121.3858,25.0531],[121.386,25.0537],[121.3873,25.0547],[121.3873,25.0555],[121.3857,25.0569],[121.3858,25.0581],[121.3887,25.057],[121.3885,25.0581],[121.3897,25.0591],[121.3877,25.0596],[121.389,25.0607],[121.3909,25.0608],[121.3911,25.0615],[121.3883,25.0615],[121.388,25.0622],[121.3884,25.063],[121.3871,25.0626],[121.3862,25.0632],[121.3839,25.0627],[121.3829,25.0629],[121.3821,25.0643],[121.3802,25.0648],[121.3801,25.0652],[121.3767,25.0661],[121.3744,25.066],[121.3673,25.0651],[121.3642,25.065],[121.3582,25.0649],[121.3549,25.0651],[121.355,25.0672],[121.3539,25.0678],[121.3538,25.0686],[121.3523,25.0688],[121.3523,25.0679],[121.3513,25.0683],[121.3503,25.0693],[121.349,25.0699],[121.348,25.0698],[121.3465,25.0703],[121.3482,25.0711],[121.3487,25.0721],[121.3496,25.0713],[121.3505,25.072],[121.3506,25.0729],[121.3521,25.0737],[121.3535,25.0734],[121.3518,25.0745],[121.3499,25.0735],[121.3504,25.0752],[121.35,25.0765],[121.3487,25.0742],[121.348,25.0738],[121.3444,25.0733],[121.3419,25.0727],[121.3427,25.0732],[121.3423,25.0736],[121.3411,25.0735],[121.3405,25.0741],[121.3406,25.0763],[121.3411,25.0757],[121.3415,25.0766],[121.3428,25.0753],[121.3437,25.0751],[121.3461,25.0755],[121.3445,25.0761],[121.344,25.0774],[121.3443,25.078],[121.345,25.0771],[121.3459,25.0768],[121.3452,25.0783],[121.3458,25.0787],[121.3466,25.0784],[121.348,25.0788],[121.3479,25.0792],[121.3465,25.0795],[121.3436,25.0796],[121.3425,25.0801],[121.3469,25.0807],[121.3489,25.0812],[121.3494,25.0807],[121.3502,25.0812],[121.3493,25.0824],[121.3482,25.0824],[121.3467,25.0835],[121.3441,25.0837],[121.3415,25.0841],[121.3387,25.0836],[121.3364,25.0852],[121.3335,25.0866],[121.3326,25.0867],[121.331,25.088],[121.3301,25.0883],[121.3292,25.0898],[121.3281,25.091],[121.3268,25.0917],[121.3247,25.0926],[121.3213,25.0926],[121.3195,25.0932],[121.3182,25.093],[121.3171,25.094],[121.3157,25.0942],[121.3135,25.0953],[121.3113,25.096],[121.3104,25.0966],[121.3091,25.0963],[121.3084,25.0966],[121.3053,25.0967],[121.3044,25.0964],[121.3028,25.0968],[121.3014,25.0985],[121.3012,25.1017],[121.3001,25.1023],[121.2998,25.1035],[121.2983,25.1045],[121.2976,25.1044],[121.2955,25.103],[121.2939,25.103],[121.293,25.1026],[121.2916,25.1026],[121.2907,25.1049],[121.2903,25.1068],[121.2867,25.107],[121.2848,25.1088],[121.2829,25.1094],[121.2827,25.1101],[121.2838,25.1121],[121.2836,25.1138],[121.2838,25.1144],[121.2834,25.1178],[121.2877,25.1179],[121.2913,25.1186],[121.2926,25.1191],[121.2949,25.1208],[121.2951,25.1216],[121.2962,25.1228],[121.2968,25.1226],[121.2964,25.1246],[121.2967,25.1262],[121.2982,25.1253],[121.2988,25.1242],[121.3006,25.1252],[121.3042,25.1242],[121.3045,25.1259],[121.3049,25.1261],[121.3095,25.1259],[121.31,25.1255],[121.3102,25.1237],[121.3135,25.1235],[121.3165,25.1241],[121.3189,25.1239],[121.3201,25.1234],[121.3235,25.1243],[121.3247,25.124],[121.3269,25.1242],[121.3307,25.1255],[121.3317,25.1253],[121.3355,25.1261],[121.3386,25.127],[121.3411,25.1286],[121.3417,25.1287],[121.345,25.1284],[121.3469,25.1299],[121.3486,25.1301],[121.3514,25.1311],[121.3535,25.1316],[121.3554,25.1331],[121.3599,25.1347],[121.363,25.1367],[121.3645,25.1379],[121.3653,25.1402],[121.3663,25.1393],[121.3673,25.1391],[121.3691,25.1396],[121.3717,25.141],[121.372,25.142],[121.3754,25.142],[121.3774,25.1429],[121.3795,25.143],[121.3827,25.1445],[121.386,25.1458],[121.3898,25.1477],[121.3878,25.1519],[121.388,25.152],[121.3916,25.1677],[121.3917,25.168],[121.4003,25.1604],[121.4023,25.1588],[121.404,25.1595],[121.4055,25.1604],[121.4068,25.1624],[121.4113,25.1675],[121.4125,25.1685],[121.4134,25.1705],[121.4141,25.1712],[121.4188,25.1774],[121.4177,25.1794],[121.4164,25.1807],[121.4123,25.1815],[121.4095,25.1819],[121.4076,25.1825],[121.4043,25.1831],[121.4046,25.1861],[121.4039,25.187],[121.4049,25.1898],[121.4069,25.1901],[121.41,25.1907],[121.4118,25.1907],[121.4122,25.1899],[121.4142,25.1901],[121.4159,25.1907],[121.4167,25.1915],[121.4188,25.1915],[121.4194,25.1926],[121.4186,25.1929],[121.4178,25.1944],[121.4187,25.1951],[121.4182,25.1963],[121.4183,25.1974],[121.4189,25.1993],[121.4236,25.2062],[121.4247,25.2079],[121.4287,25.2123],[121.43,25.215],[121.4309,25.2159],[121.4359,25.2171],[121.4376,25.218],[121.4373,25.2197],[121.4394,25.2243],[121.4397,25.2255],[121.4409,25.2284],[121.4423,25.2297],[121.4435,25.2325],[121.4434,25.2342],[121.4444,25.2355],[121.4443,25.2361],[121.4454,25.238],[121.4461,25.2404],[121.4458,25.2426],[121.4472,25.2452],[121.4476,25.2467],[121.4485,25.248],[121.4499,25.2495],[121.4508,25.2508],[121.4527,25.2528],[121.4562,25.2532],[121.4575,25.253],[121.4609,25.2521],[121.4625,25.252],[121.4674,25.2533],[121.4697,25.255],[121.4716,25.256],[121.4729,25.2573],[121.4749,25.2606],[121.4753,25.2628],[121.4759,25.2633],[121.477,25.2663],[121.478,25.2677],[121.4809,25.2709],[121.4826,25.2714],[121.4855,25.2727],[121.4866,25.2727],[121.4889,25.2739],[121.491,25.2747],[121.4922,25.2759],[121.4938,25.2764],[121.4955,25.2779],[121.4973,25.2789],[121.4987,25.2787],[121.499,25.2792],[121.5012,25.2799],[121.5027,25.2798],[121.5029,25.2808],[121.5038,25.2813],[121.505,25.2815],[121.5058,25.2811],[121.5064,25.2815],[121.506,25.2822],[121.5079,25.2829],[121.509,25.2829],[121.5094,25.2844],[121.5094,25.2855],[121.5084,25.2869],[121.5084,25.2887],[121.5093,25.2913],[121.5107,25.292],[121.5119,25.2918],[121.5128,25.2909],[121.5136,25.2894],[121.5136,25.2882],[121.514,25.2867],[121.5148,25.2859],[121.5169,25.2849],[121.5186,25.2848],[121.5208,25.2855],[121.5208,25.2865],[121.523,25.287],[121.5259,25.286],[121.5276,25.2867],[121.5305,25.2883],[121.5317,25.2897],[121.5333,25.2899],[121.5345,25.2911],[121.5348,25.2925],[121.5336,25.295],[121.5334,25.296],[121.5338,25.2971],[121.5356,25.2987],[121.5359,25.2994],[121.5371,25.3003],[121.5394,25.2992],[121.5407,25.2978],[121.541,25.2969],[121.5412,25.2946],[121.5458,25.2924],[121.5504,25.2916],[121.5518,25.292],[121.5527,25.2927],[121.5538,25.293],[121.5556,25.2928],[121.557,25.2923],[121.5604,25.292],[121.5621,25.293],[121.5639,25.2935],[121.5657,25.2933],[121.5654,25.294],[121.5669,25.295],[121.5672,25.2968],[121.5681,25.2978],[121.5693,25.2985],[121.5722,25.2984],[121.5745,25.2991],[121.5777,25.2989],[121.5796,25.2977],[121.5826,25.2963],[121.5867,25.2934],[121.5906,25.2921],[121.5938,25.2921],[121.5954,25.2914],[121.597,25.2916],[121.5976,25.29],[121.6024,25.2877],[121.604,25.2865],[121.6063,25.2838],[121.6079,25.2815],[121.6157,25.2792],[121.6179,25.2781],[121.6231,25.2739],[121.6297,25.2668],[121.6341,25.26],[121.6351,25.2567],[121.6359,25.2501],[121.6351,25.2452],[121.6339,25.2406],[121.6342,25.2396],[121.6364,25.2364],[121.6373,25.2361],[121.6378,25.2368],[121.6382,25.236],[121.6377,25.2354],[121.6388,25.234],[121.6408,25.2323],[121.6427,25.2309],[121.6452,25.2303],[121.6458,25.2303],[121.6463,25.2315],[121.6473,25.2312],[121.6459,25.2301],[121.6487,25.2301],[121.6471,25.2324],[121.6473,25.233],[121.6479,25.2322],[121.6485,25.2327],[121.6513,25.2333],[121.6526,25.2328],[121.6524,25.2319],[121.6516,25.2315],[121.6513,25.2305],[121.653,25.23],[121.6538,25.2293],[121.6517,25.2259],[121.6521,25.2251],[121.6511,25.2248],[121.6508,25.2234],[121.6502,25.2227],[121.6512,25.2205],[121.6535,25.2163],[121.6559,25.2133],[121.661,25.2087],[121.6621,25.2085],[121.6634,25.2097],[121.6638,25.2095],[121.6621,25.2079],[121.6627,25.2074],[121.6637,25.2084],[121.6641,25.2092],[121.6643,25.207],[121.6662,25.206],[121.6688,25.204],[121.6695,25.2041],[121.6696,25.2033],[121.6706,25.2027],[121.6731,25.2022],[121.674,25.2034],[121.6744,25.2024],[121.6753,25.2032],[121.6739,25.204],[121.6749,25.204],[121.6757,25.2047],[121.6781,25.2059],[121.6778,25.2046],[121.6782,25.2042],[121.6785,25.2026],[121.6793,25.2028],[121.6815,25.2043],[121.6814,25.2056],[121.6825,25.2056],[121.6842,25.2072],[121.6871,25.208],[121.6873,25.2052],[121.6891,25.2054],[121.6893,25.2058],[121.6884,25.2066],[121.6904,25.2082],[121.6927,25.2085],[121.6929,25.2094],[121.694,25.2099],[121.6946,25.2112],[121.6944,25.2118],[121.6954,25.2121],[121.6961,25.213],[121.6962,25.2143],[121.6971,25.2151],[121.6987,25.2159],[121.7013,25.2175],[121.7023,25.217],[121.7017,25.2165],[121.7025,25.2163],[121.7009,25.2153],[121.7014,25.2147],[121.7005,25.2138],[121.6992,25.2131],[121.6992,25.2126],[121.6962,25.21],[121.696,25.2097],[121.6934,25.2077],[121.6928,25.2067],[121.6925,25.2051],[121.6919,25.2043],[121.6927,25.2033],[121.6938,25.2044],[121.6942,25.2034],[121.696,25.2037],[121.6948,25.2021],[121.694,25.2018],[121.6947,25.2004],[121.6933,25.1999],[121.6923,25.1978],[121.6898,25.1966],[121.6894,25.1953],[121.6887,25.1953],[121.6875,25.194],[121.6867,25.1926],[121.6859,25.1924],[121.6864,25.1906],[121.6857,25.1903],[121.6858,25.1895],[121.6877,25.1856],[121.6887,25.1846],[121.6901,25.1823],[121.6927,25.1801],[121.6961,25.1818],[121.6972,25.1815],[121.6964,25.1825],[121.6979,25.1814],[121.6989,25.181],[121.7009,25.181],[121.7027,25.1806],[121.7035,25.18],[121.7035,25.1787],[121.7046,25.1768],[121.7066,25.177],[121.7072,25.176],[121.7083,25.176],[121.7097,25.1766],[121.7087,25.1753]],[[121.5708,25.1976],[121.5699,25.1983],[121.5664,25.1996],[121.5649,25.2009],[121.5651,25.2022],[121.5644,25.2048],[121.5635,25.2058],[121.5628,25.2093],[121.5597,25.2102],[121.5583,25.2098],[121.5568,25.2087],[121.555,25.2084],[121.5543,25.2062],[121.5534,25.2051],[121.5531,25.2042],[121.5518,25.2036],[121.5515,25.2021],[121.5526,25.2009],[121.5526,25.1988],[121.5518,25.1977],[121.5507,25.1971],[121.5491,25.1981],[121.5481,25.198],[121.5476,25.1971],[121.5463,25.197],[121.5446,25.1954],[121.5432,25.1937],[121.5427,25.1911],[121.5428,25.189],[121.5407,25.1872],[121.5382,25.1869],[121.5372,25.187],[121.5358,25.1867],[121.5346,25.1844],[121.5334,25.1836],[121.5312,25.1836],[121.5293,25.183],[121.5272,25.1832],[121.5257,25.1828],[121.5217,25.179],[121.5223,25.1776],[121.522,25.1769],[121.5226,25.1747],[121.5212,25.1723],[121.5212,25.1715],[121.5201,25.1694],[121.5195,25.1693],[121.5179,25.1699],[121.5164,25.1702],[121.5139,25.171],[121.513,25.1709],[121.5113,25.1694],[121.5104,25.1694],[121.5081,25.1704],[121.5071,25.1712],[121.5061,25.171],[121.5053,25.1718],[121.5054,25.1725],[121.5048,25.1732],[121.5026,25.1733],[121.5027,25.1728],[121.5017,25.1713],[121.5018,25.1693],[121.5004,25.1686],[121.4997,25.1675],[121.4991,25.1656],[121.4974,25.1637],[121.4956,25.1629],[121.4947,25.1619],[121.4928,25.1608],[121.4898,25.1562],[121.4888,25.1544],[121.4876,25.153],[121.4875,25.1515],[121.4865,25.1508],[121.484,25.1508],[121.4829,25.1502],[121.4817,25.148],[121.4805,25.1467],[121.4766,25.1437],[121.4766,25.143],[121.4749,25.1411],[121.473,25.1397],[121.472,25.1377],[121.4707,25.1367],[121.469,25.1356],[121.4683,25.1344],[121.4666,25.1328],[121.4656,25.1315],[121.4647,25.1285],[121.4643,25.1276],[121.4648,25.1243],[121.4618,25.1236],[121.4609,25.123],[121.4588,25.1229],[121.4594,25.1219],[121.4601,25.119],[121.4609,25.1162],[121.4577,25.1102],[121.4572,25.1086],[121.4573,25.1071],[121.4582,25.1062],[121.4614,25.1039],[121.4636,25.1027],[121.4664,25.1017],[121.4732,25.1016],[121.4783,25.1014],[121.4811,25.1009],[121.4832,25.0998],[121.4861,25.0988],[121.4891,25.0969],[121.4926,25.0935],[121.4944,25.092],[121.4992,25.0878],[121.4998,25.0872],[121.5026,25.083],[121.5041,25.0801],[121.5047,25.078],[121.5062,25.0744],[121.5063,25.073],[121.507,25.0711],[121.507,25.0699],[121.5068,25.0647],[121.5056,25.0608],[121.5054,25.0593],[121.5055,25.0581],[121.5063,25.0561],[121.5062,25.0536],[121.5047,25.0498],[121.5014,25.046],[121.4999,25.0449],[121.4957,25.043],[121.4913,25.0429],[121.4888,25.0426],[121.4851,25.0391],[121.4841,25.0376],[121.4836,25.0353],[121.4849,25.0315],[121.4868,25.0279],[121.4875,25.0272],[121.4876,25.0261],[121.4888,25.0233],[121.4884,25.021],[121.4888,25.0153],[121.4896,25.0132],[121.4903,25.0128],[121.4914,25.0115],[121.4927,25.0095],[121.4936,25.0092],[121.4953,25.0093],[121.4973,25.01],[121.5003,25.012],[121.5015,25.0132],[121.5041,25.0165],[121.5061,25.0188],[121.5091,25.0213],[121.5108,25.0218],[121.512,25.0218],[121.5143,25.0214],[121.5172,25.0205],[121.5193,25.0195],[121.5211,25.0181],[121.5232,25.0152],[121.5258,25.0119],[121.5278,25.0106],[121.5305,25.0098],[121.5315,25.0091],[121.5322,25.0081],[121.5326,25.0058],[121.5339,25.0036],[121.5334,25.0025],[121.5316,25.0012],[121.5305,24.998],[121.5316,24.9947],[121.5318,24.9932],[121.5314,24.9926],[121.5317,24.9905],[121.5332,24.9919],[121.5344,24.9933],[121.535,24.9951],[121.5363,24.9941],[121.5369,24.9928],[121.5371,24.9915],[121.5366,24.9897],[121.5369,24.9887],[121.5382,24.988],[121.54,24.9877],[121.5439,24.9883],[121.5448,24.987],[121.5442,24.9851],[121.5449,24.9838],[121.5471,24.9833],[121.549,24.9838],[121.5508,24.9853],[121.5508,24.9872],[121.5515,24.9874],[121.5526,24.9867],[121.5538,24.9852],[121.5539,24.9844],[121.5531,24.9808],[121.5532,24.979],[121.5541,24.9769],[121.5552,24.9765],[121.5561,24.9734],[121.5575,24.9723],[121.5585,24.9685],[121.5596,24.9668],[121.5612,24.9647],[121.5644,24.9646],[121.5651,24.9641],[121.5684,24.9641],[121.5704,24.9644],[121.5721,24.964],[121.573,24.9641],[121.5743,24.9653],[121.5746,24.9668],[121.5774,24.9665],[121.5786,24.9666],[121.5805,24.9654],[121.5822,24.9648],[121.5844,24.9646],[121.5857,24.9632],[121.5881,24.9637],[121.5887,24.9634],[121.5912,24.9646],[121.592,24.9639],[121.5934,24.9642],[121.5948,24.9616],[121.5971,24.9605],[121.5984,24.9612],[121.6,24.9613],[121.6011,24.9609],[121.6022,24.9612],[121.6034,24.9623],[121.6053,24.963],[121.6085,24.9632],[121.6094,24.9642],[121.6112,24.9653],[121.6121,24.9654],[121.6137,24.9664],[121.6149,24.9662],[121.6169,24.9675],[121.6178,24.9669],[121.6196,24.9672],[121.6196,24.9686],[121.62,24.9695],[121.6192,24.9706],[121.6178,24.9709],[121.6162,24.9717],[121.6141,24.9736],[121.6134,24.9734],[121.6113,24.9746],[121.6101,24.9742],[121.6087,24.9748],[121.6083,24.9745],[121.6051,24.9744],[121.6045,24.9751],[121.6028,24.9759],[121.6021,24.9759],[121.6002,24.9769],[121.5993,24.9787],[121.6003,24.9795],[121.6007,24.9803],[121.6004,24.9831],[121.5999,24.9851],[121.5999,24.9865],[121.6005,24.9873],[121.6019,24.988],[121.6019,24.9904],[121.5998,24.9912],[121.5991,24.9917],[121.5993,24.9931],[121.5985,24.9936],[121.5981,24.9945],[121.5988,24.9959],[121.5996,24.9964],[121.5997,24.9976],[121.6005,24.9985],[121.6006,25.0007],[121.5997,25.0025],[121.5979,25.0041],[121.5971,25.0046],[121.5959,25.0045],[121.596,25.006],[121.5956,25.0072],[121.5965,25.0119],[121.5975,25.013],[121.5975,25.0148],[121.6027,25.0151],[121.6031,25.0168],[121.6041,25.0191],[121.6082,25.0194],[121.6094,25.0209],[121.6098,25.0202],[121.6135,25.0192],[121.6161,25.0197],[121.6174,25.0184],[121.6192,25.0181],[121.6206,25.0184],[121.6225,25.0174],[121.6262,25.0186],[121.627,25.0196],[121.6282,25.0196],[121.629,25.02],[121.6303,25.0222],[121.6303,25.0232],[121.6309,25.0247],[121.6324,25.0256],[121.6346,25.0243],[121.6356,25.024],[121.6357,25.0232],[121.6375,25.0241],[121.6385,25.0237],[121.6408,25.0235],[121.643,25.0246],[121.6447,25.0237],[121.6461,25.0218],[121.6471,25.0219],[121.6488,25.023],[121.6499,25.024],[121.6521,25.024],[121.6538,25.0244],[121.6555,25.0237],[121.6561,25.0238],[121.6577,25.0232],[121.6582,25.0236],[121.6608,25.0234],[121.6628,25.0227],[121.6641,25.0232],[121.6654,25.026],[121.6649,25.0281],[121.6659,25.0299],[121.6648,25.0295],[121.664,25.03],[121.6608,25.0304],[121.6581,25.0291],[121.6568,25.0279],[121.6554,25.0276],[121.6541,25.0279],[121.6532,25.0275],[121.652,25.0281],[121.6502,25.0276],[121.6489,25.0279],[121.648,25.0286],[121.6469,25.028],[121.6458,25.0294],[121.644,25.0299],[121.6422,25.0312],[121.6399,25.032],[121.6381,25.0336],[121.6347,25.035],[121.6342,25.0348],[121.6329,25.0358],[121.6301,25.0352],[121.6295,25.0367],[121.6278,25.0372],[121.6261,25.0379],[121.6249,25.0377],[121.6229,25.0398],[121.6219,25.0401],[121.6198,25.0429],[121.6191,25.0435],[121.6165,25.0481],[121.6163,25.0506],[121.6182,25.0523],[121.621,25.0537],[121.6203,25.0555],[121.6205,25.0566],[121.6216,25.0565],[121.6235,25.055],[121.6243,25.0557],[121.6225,25.0584],[121.6217,25.0603],[121.6208,25.0614],[121.6187,25.063],[121.6161,25.0639],[121.6171,25.0659],[121.6176,25.0652],[121.618,25.0664],[121.6178,25.0677],[121.6185,25.0676],[121.6215,25.0695],[121.6213,25.0718],[121.6207,25.0734],[121.6218,25.0749],[121.6228,25.0747],[121.6234,25.0773],[121.6248,25.0777],[121.6251,25.0788],[121.6242,25.0781],[121.6241,25.08],[121.6259,25.082],[121.6272,25.0822],[121.628,25.0833],[121.6276,25.0848],[121.6286,25.0865],[121.6281,25.0884],[121.626,25.0905],[121.6263,25.0915],[121.6251,25.0937],[121.6254,25.0951],[121.6262,25.0961],[121.6254,25.0971],[121.6233,25.0969],[121.622,25.0974],[121.6217,25.0981],[121.618,25.1009],[121.6174,25.1011],[121.6155,25.1038],[121.6139,25.1045],[121.6122,25.1046],[121.6104,25.1052],[121.608,25.1068],[121.6062,25.1073],[121.6048,25.1074],[121.602,25.1084],[121.5996,25.1084],[121.5975,25.1095],[121.5965,25.1113],[121.5964,25.1121],[121.5956,25.1133],[121.596,25.1142],[121.5975,25.1162],[121.5989,25.1201],[121.5998,25.1203],[121.6008,25.1218],[121.6012,25.1243],[121.6017,25.126],[121.6027,25.1262],[121.6034,25.1255],[121.6045,25.126],[121.6075,25.1292],[121.6078,25.1302],[121.6046,25.1308],[121.6049,25.1327],[121.6046,25.1345],[121.6057,25.1367],[121.6051,25.137],[121.6041,25.1362],[121.6034,25.1371],[121.6017,25.1379],[121.6006,25.1393],[121.5984,25.1403],[121.5982,25.141],[121.5968,25.1428],[121.5958,25.1436],[121.596,25.1448],[121.5954,25.1463],[121.5939,25.1481],[121.5937,25.15],[121.5929,25.1508],[121.5918,25.151],[121.5896,25.1522],[121.5895,25.1527],[121.5904,25.1533],[121.5908,25.1547],[121.5916,25.1551],[121.5918,25.1576],[121.5905,25.1603],[121.5899,25.1637],[121.5885,25.163],[121.5864,25.1635],[121.5845,25.1648],[121.5836,25.1651],[121.5832,25.1658],[121.5825,25.1655],[121.5789,25.1656],[121.5771,25.167],[121.5774,25.1686],[121.5773,25.17],[121.5793,25.1719],[121.5817,25.1738],[121.583,25.1756],[121.5833,25.1776],[121.5822,25.179],[121.5822,25.1798],[121.5813,25.1804],[121.5809,25.1821],[121.5818,25.1835],[121.5828,25.1844],[121.5819,25.1858],[121.5823,25.1871],[121.583,25.1875],[121.5829,25.1884],[121.584,25.1888],[121.5838,25.1919],[121.5827,25.1931],[121.5838,25.1946],[121.5831,25.195],[121.5805,25.1954],[121.5792,25.1941],[121.5772,25.1953],[121.5759,25.1956],[121.5732,25.195],[121.5718,25.1954],[121.5709,25.1962],[121.5708,25.1976]]],[[[121.8264,25.1242],[121.8277,25.1252],[121.8274,25.1244],[121.8264,25.1242]]]]}},{"type":"Feature","properties":{"name":"桃園市","nameEn":"Taoyuan City","code":"68000"},"geometry":{"type":"MultiPolygon","coordinates":[[[[121.2838,25.1144],[121.2836,25.1138],[121.2838,25.1121],[121.2827,25.1101],[121.2829,25.1094],[121.2848,25.1088],[121.2867,25.107],[121.2903,25.1068],[121.2907,25.1049],[121.2916,25.1026],[121.293,25.1026],[121.2939,25.103],[121.2955,25.103],[121.2976,25.1044],[121.2983,25.1045],[121.2998,25.1035],[121.3001,25.1023],[121.3012,25.1017],[121.3014,25.0985],[121.3028,25.0968],[121.3044,25.0964],[121.3053,25.0967],[121.3084,25.0966],[121.3091,25.0963],[121.3104,25.0966],[121.3113,25.096],[121.3135,25.0953],[121.3157,25.0942],[121.3171,25.094],[121.3182,25.093],[121.3195,25.0932],[121.3213,25.0926],[121.3247,25.0926],[121.3268,25.0917],[121.3281,25.091],[121.3292,25.0898],[121.3301,25.0883],[121.331,25.088],[121.3326,25.0867],[121.3335,25.0866],[121.3364,25.0852],[121.3387,25.0836],[121.3415,25.0841],[121.3441,25.0837],[121.3467,25.0835],[121.3482,25.0824],[121.3493,25.0824],[121.3502,25.0812],[121.3494,25.0807],[121.3489,25.0812],[121.3469,25.0807],[121.3425,25.0801],[121.3436,25.0796],[121.3465,25.0795],[121.3479,25.0792],[121.348,25.0788],[121.3466,25.0784],[121.3458,25.0787],[121.3452,25.0783],[121.3459,25.0768],[121.345,25.0771],[121.3443,25.078],[121.344,25.0774],[121.3445,25.0761],[121.3461,25.0755],[121.3437,25.0751],[121.3428,25.0753],[121.3415,25.0766],[121.3411,25.0757],[121.3406,25.0763],[121.3405,25.0741],[121.3411,25.0735],[121.3423,25.0736],[121.3427,25.0732],[121.3419,25.0727],[121.3444,25.0733],[121.348,25.0738],[121.3487,25.0742],[121.35,25.0765],[121.3504,25.0752],[121.3499,25.0735],[121.3518,25.0745],[121.3535,25.0734],[121.3521,25.0737],[121.3506,25.0729],[121.3505,25.072],[121.3496,25.0713],[121.3487,25.0721],[121.3482,25.0711],[121.3465,25.0703],[121.348,25.0698],[121.349,25.0699],[121.3503,25.0693],[121.3513,25.0683],[121.3523,25.0679],[121.3523,25.0688],[121.3538,25.0686],[121.3539,25.0678],[121.355,25.0672],[121.3549,25.0651],[121.3582,25.0649],[121.3642,25.065],[121.3673,25.0651],[121.3744,25.066],[121.3767,25.0661],[121.3801,25.0652],[121.3802,25.0648],[121.3821,25.0643],[121.3829,25.0629],[121.3839,25.0627],[121.3862,25.0632],[121.3871,25.0626],[121.3884,25.063],[121.388,25.0622],[121.3883,25.0615],[121.3911,25.0615],[121.3909,25.0608],[121.389,25.0607],[121.3877,25.0596],[121.3897,25.0591],[121.3885,25.0581],[121.3887,25.057],[121.3858,25.0581],[121.3857,25.0569],[121.3873,25.0555],[121.3873,25.0547],[121.386,25.0537],[121.3858,25.0531],[121.3846,25.0525],[121.3862,25.0526],[121.3878,25.0532],[121.3883,25.0529],[121.3893,25.0535],[121.3899,25.0528],[121.3909,25.0534],[121.3907,25.0542],[121.3916,25.0549],[121.3926,25.0551],[121.391,25.0536],[121.3929,25.054],[121.3944,25.0531],[121.3965,25.0524],[121.3974,25.0515],[121.3983,25.0513],[121.3993,25.0516],[121.4007,25.0514],[121.4002,25.051],[121.4003,25.0496],[121.3998,25.0494],[121.3981,25.0511],[121.3975,25.0504],[121.3983,25.0498],[121.3985,25.0485],[121.3966,25.0496],[121.3952,25.0496],[121.3947,25.0504],[121.394,25.0503],[121.3943,25.0496],[121.3944,25.0475],[121.396,25.0486],[121.3971,25.0482],[121.3994,25.0478],[121.398,25.0468],[121.399,25.0458],[121.3995,25.046],[121.3999,25.045],[121.4008,25.0454],[121.4026,25.0457],[121.4029,25.0454],[121.3983,25.0441],[121.3985,25.0438],[121.4007,25.0432],[121.3996,25.0429],[121.3977,25.0437],[121.3968,25.0431],[121.3962,25.0436],[121.3945,25.0435],[121.3939,25.0438],[121.3927,25.0434],[121.3907,25.0419],[121.3913,25.0415],[121.3926,25.042],[121.3936,25.042],[121.3944,25.0412],[121.3944,25.0401],[121.3972,25.0392],[121.3976,25.0385],[121.3991,25.0386],[121.3998,25.0375],[121.4007,25.0379],[121.4013,25.0374],[121.4012,25.0364],[121.3996,25.0359],[121.4001,25.0348],[121.4009,25.0342],[121.3988,25.0348],[121.3982,25.0325],[121.3988,25.0315],[121.398,25.0312],[121.3983,25.0302],[121.3992,25.0295],[121.4007,25.0292],[121.4015,25.0282],[121.4011,25.027],[121.4022,25.0258],[121.4039,25.0252],[121.4046,25.0238],[121.4058,25.0232],[121.4087,25.0209],[121.4107,25.021],[121.4107,25.0199],[121.4121,25.0188],[121.4112,25.018],[121.4095,25.0184],[121.4075,25.0175],[121.4057,25.0171],[121.4043,25.0172],[121.4016,25.0158],[121.4002,25.0158],[121.3976,25.0162],[121.3961,25.0152],[121.3944,25.0147],[121.393,25.0156],[121.3924,25.0149],[121.3926,25.0138],[121.3921,25.0125],[121.3913,25.0122],[121.3921,25.011],[121.3936,25.0098],[121.3954,25.0091],[121.3977,25.0078],[121.3995,25.007],[121.3997,25.0059],[121.4004,25.0055],[121.4001,25.0044],[121.4009,25.0033],[121.402,25.0025],[121.402,25.001],[121.403,25.0006],[121.4032,24.9993],[121.4027,24.9989],[121.4016,24.9992],[121.4,24.9983],[121.3987,24.9984],[121.3979,24.9976],[121.3968,24.9973],[121.3965,24.9955],[121.3956,24.9949],[121.3943,24.9935],[121.3924,24.9936],[121.3908,24.9933],[121.3903,24.9935],[121.39,24.9946],[121.3884,24.9957],[121.388,24.9964],[121.3853,24.9957],[121.3843,24.9957],[121.3837,24.9946],[121.3837,24.9929],[121.3843,24.9918],[121.3834,24.9886],[121.3837,24.9881],[121.3856,24.9865],[121.3821,24.9839],[121.381,24.9843],[121.3787,24.9832],[121.3768,24.9813],[121.3755,24.9811],[121.3747,24.9806],[121.3724,24.9799],[121.3712,24.9783],[121.3697,24.977],[121.3688,24.9768],[121.3659,24.9786],[121.3651,24.9785],[121.3637,24.9796],[121.3614,24.9788],[121.3612,24.9778],[121.3592,24.9782],[121.3578,24.9778],[121.354,24.9778],[121.3533,24.9785],[121.3531,24.9801],[121.3523,24.9808],[121.3501,24.9799],[121.3486,24.9798],[121.3473,24.9788],[121.3448,24.9803],[121.3427,24.9823],[121.3421,24.9809],[121.3403,24.9801],[121.3391,24.9807],[121.3381,24.9804],[121.3366,24.9806],[121.3359,24.9799],[121.3347,24.9798],[121.334,24.9787],[121.3316,24.9786],[121.331,24.9793],[121.3285,24.9784],[121.3274,24.9784],[121.3271,24.9777],[121.3286,24.9763],[121.3274,24.9754],[121.3274,24.9747],[121.3253,24.9735],[121.3237,24.9728],[121.324,24.9711],[121.3251,24.9712],[121.3279,24.9728],[121.3286,24.9715],[121.3283,24.971],[121.3289,24.9696],[121.3286,24.9685],[121.3276,24.9671],[121.3289,24.9679],[121.3298,24.9669],[121.3281,24.9656],[121.3287,24.9641],[121.3292,24.9606],[121.3287,24.9574],[121.3281,24.9555],[121.3281,24.9489],[121.3293,24.9474],[121.3316,24.9458],[121.3304,24.9445],[121.3279,24.9443],[121.325,24.9436],[121.3231,24.9428],[121.3185,24.9402],[121.3158,24.9385],[121.3183,24.9347],[121.3207,24.9337],[121.3209,24.9325],[121.3219,24.9323],[121.3232,24.9313],[121.3221,24.928],[121.3247,24.9287],[121.331,24.9296],[121.3343,24.9297],[121.3358,24.929],[121.3378,24.9286],[121.3398,24.9285],[121.3385,24.9272],[121.3355,24.9251],[121.3342,24.9247],[121.3299,24.925],[121.3274,24.9246],[121.3246,24.9233],[121.3214,24.9203],[121.3203,24.9188],[121.3176,24.9164],[121.3196,24.9149],[121.3203,24.9135],[121.3215,24.9132],[121.3231,24.9117],[121.3235,24.91],[121.3244,24.9099],[121.3262,24.9092],[121.3263,24.9074],[121.3255,24.9062],[121.3237,24.9044],[121.3218,24.9035],[121.3219,24.9023],[121.3212,24.901],[121.3203,24.9002],[121.3213,24.8999],[121.3224,24.8986],[121.3256,24.8973],[121.3267,24.896],[121.3278,24.8959],[121.3291,24.8973],[121.3306,24.8979],[121.3319,24.8999],[121.3336,24.8992],[121.3332,24.8982],[121.3334,24.8966],[121.3321,24.8936],[121.3332,24.8932],[121.3333,24.8918],[121.3353,24.8918],[121.3376,24.8927],[121.3384,24.8933],[121.3406,24.8923],[121.3421,24.8926],[121.3412,24.8887],[121.3414,24.8875],[121.3438,24.8867],[121.3447,24.8858],[121.3453,24.8836],[121.3456,24.8801],[121.3472,24.8787],[121.3497,24.8788],[121.3506,24.8786],[121.3521,24.8768],[121.3535,24.8765],[121.3534,24.875],[121.3544,24.8732],[121.3531,24.8711],[121.3522,24.8705],[121.3506,24.8701],[121.3494,24.8688],[121.348,24.8683],[121.3459,24.8682],[121.345,24.8669],[121.3461,24.866],[121.3473,24.8621],[121.3493,24.8598],[121.3507,24.8593],[121.3514,24.8594],[121.3537,24.8584],[121.3543,24.8566],[121.3556,24.8551],[121.3569,24.8545],[121.3578,24.8545],[121.3579,24.8531],[121.3567,24.8536],[121.3548,24.8534],[121.3538,24.8519],[121.3533,24.8506],[121.3518,24.8501],[121.3529,24.8494],[121.3525,24.8491],[121.3498,24.8494],[121.3503,24.8487],[121.3485,24.8486],[121.3481,24.8498],[121.3483,24.8507],[121.3476,24.8508],[121.3475,24.8499],[121.3467,24.8502],[121.3446,24.8496],[121.342,24.8486],[121.3402,24.8487],[121.337,24.8482],[121.3362,24.8469],[121.3358,24.8446],[121.336,24.8439],[121.3396,24.8434],[121.3414,24.8438],[121.3425,24.8447],[121.3467,24.8459],[121.3488,24.8455],[121.3517,24.8445],[121.3549,24.844],[121.3553,24.8425],[121.3558,24.8423],[121.3578,24.8395],[121.3601,24.8382],[121.3626,24.838],[121.3642,24.8381],[121.3664,24.8373],[121.3673,24.8368],[121.3703,24.8361],[121.3707,24.8355],[121.3728,24.835],[121.3729,24.8336],[121.3736,24.8333],[121.3744,24.8338],[121.3758,24.8338],[121.3779,24.8345],[121.3809,24.8365],[121.3833,24.837],[121.3845,24.838],[121.3844,24.8387],[121.385,24.8408],[121.3881,24.8424],[121.3891,24.8422],[121.3924,24.8432],[121.3937,24.844],[121.3973,24.8437],[121.3971,24.8428],[121.398,24.8418],[121.3999,24.8416],[121.4012,24.8419],[121.4027,24.8436],[121.4047,24.8425],[121.4055,24.8424],[121.4088,24.8407],[121.4103,24.8387],[121.4115,24.8383],[121.4125,24.8371],[121.4156,24.8355],[121.4149,24.8335],[121.4138,24.832],[121.4144,24.8307],[121.4161,24.8287],[121.4162,24.8269],[121.4167,24.8259],[121.4176,24.8252],[121.4194,24.8256],[121.4235,24.8255],[121.4241,24.825],[121.425,24.8228],[121.425,24.8209],[121.4253,24.82],[121.4272,24.8187],[121.4277,24.8174],[121.4286,24.8168],[121.43,24.8149],[121.4323,24.8135],[121.4364,24.8122],[121.4365,24.8104],[121.4373,24.8082],[121.437,24.8054],[121.4379,24.8042],[121.4381,24.8011],[121.4371,24.7982],[121.4375,24.7966],[121.4383,24.7953],[121.4417,24.7933],[121.4427,24.792],[121.4446,24.7911],[121.4457,24.7901],[121.4473,24.7901],[121.4495,24.7911],[121.4504,24.7909],[121.4505,24.79],[121.4488,24.7882],[121.4495,24.7867],[121.4495,24.7859],[121.4475,24.7842],[121.4469,24.7827],[121.4461,24.7819],[121.4441,24.7806],[121.4425,24.7805],[121.4406,24.7791],[121.4397,24.7774],[121.4381,24.7749],[121.4358,24.773],[121.4314,24.7719],[121.4294,24.7702],[121.4267,24.7683],[121.4254,24.767],[121.4234,24.7631],[121.4236,24.7617],[121.4251,24.7612],[121.4259,24.7603],[121.4255,24.7591],[121.4266,24.7561],[121.4279,24.7547],[121.4285,24.7535],[121.4285,24.7515],[121.4292,24.7499],[121.4287,24.7488],[121.4287,24.7479],[121.4302,24.7455],[121.4304,24.7435],[121.432,24.7422],[121.4327,24.7408],[121.4331,24.7392],[121.4328,24.7376],[121.433,24.7368],[121.4351,24.7341],[121.4354,24.7329],[121.4344,24.731],[121.4343,24.73],[121.4363,24.7287],[121.4383,24.7266],[121.441,24.7261],[121.4415,24.7231],[121.4442,24.7171],[121.4451,24.7148],[121.4465,24.7142],[121.4488,24.7122],[121.4491,24.7085],[121.4498,24.7064],[121.4504,24.7056],[121.4523,24.7051],[121.4565,24.7032],[121.4604,24.7026],[121.4636,24.701],[121.4647,24.6998],[121.467,24.6977],[121.4698,24.6962],[121.4706,24.6968],[121.4723,24.6966],[121.4742,24.6961],[121.4748,24.6937],[121.4746,24.6927],[121.473,24.6897],[121.4735,24.6885],[121.4742,24.6848],[121.4755,24.6833],[121.4755,24.6809],[121.476,24.6792],[121.4771,24.6783],[121.4792,24.6755],[121.48,24.6738],[121.4786,24.6736],[121.4764,24.6738],[121.4737,24.6731],[121.4724,24.6731],[121.4697,24.6719],[121.4686,24.6719],[121.467,24.6724],[121.4652,24.6724],[121.4611,24.6727],[121.4595,24.6732],[121.4573,24.6709],[121.455,24.6679],[121.4539,24.6644],[121.4515,24.663],[121.4496,24.6622],[121.4486,24.6597],[121.4478,24.6584],[121.4475,24.6571],[121.4479,24.6551],[121.4487,24.6534],[121.4493,24.6527],[121.4513,24.6517],[121.4514,24.6511],[121.45,24.6487],[121.4492,24.6466],[121.4484,24.6457],[121.446,24.6443],[121.445,24.6429],[121.4448,24.6411],[121.4456,24.6399],[121.4454,24.6381],[121.445,24.6373],[121.4437,24.6364],[121.4405,24.6351],[121.4393,24.6326],[121.4377,24.6302],[121.4358,24.6267],[121.4356,24.6256],[121.4348,24.6245],[121.4352,24.6226],[121.4357,24.6215],[121.4345,24.6192],[121.4336,24.6189],[121.4329,24.6175],[121.4329,24.6163],[121.4323,24.6153],[121.4306,24.6145],[121.4298,24.6122],[121.4298,24.6113],[121.429,24.6098],[121.4278,24.6061],[121.4261,24.605],[121.4258,24.6043],[121.4246,24.6031],[121.4201,24.6014],[121.4179,24.6011],[121.4163,24.6022],[121.4153,24.602],[121.4133,24.6035],[121.4126,24.6034],[121.4126,24.6015],[121.4118,24.6005],[121.4104,24.6001],[121.4085,24.599],[121.4082,24.5981],[121.4067,24.5971],[121.4068,24.5964],[121.4037,24.593],[121.403,24.5917],[121.4014,24.5915],[121.3998,24.5903],[121.3985,24.59],[121.3973,24.5893],[121.3957,24.5889],[121.3946,24.5874],[121.3913,24.5865],[121.3876,24.5865],[121.383,24.5894],[121.3769,24.5923],[121.3728,24.5937],[121.3722,24.5949],[121.372,24.5968],[121.3709,24.5975],[121.3673,24.5988],[121.3662,24.6],[121.366,24.6007],[121.3633,24.6031],[121.3635,24.6041],[121.3643,24.6059],[121.3637,24.6079],[121.3612,24.6101],[121.3611,24.6125],[121.3595,24.6138],[121.3595,24.6146],[121.3588,24.6167],[121.3589,24.6174],[121.3601,24.6185],[121.3619,24.6207],[121.3631,24.6207],[121.3633,24.623],[121.3638,24.6246],[121.3648,24.6264],[121.3654,24.6283],[121.3656,24.6309],[121.3664,24.6318],[121.3656,24.6318],[121.3635,24.6325],[121.361,24.6338],[121.3581,24.6335],[121.3574,24.6349],[121.3574,24.6376],[121.3559,24.6411],[121.3539,24.642],[121.3524,24.6435],[121.3522,24.6451],[121.353,24.6488],[121.3522,24.6527],[121.3523,24.654],[121.3535,24.6557],[121.3529,24.6562],[121.3538,24.659],[121.3531,24.6602],[121.3535,24.6619],[121.3533,24.6629],[121.3536,24.6651],[121.353,24.6654],[121.3536,24.6665],[121.3535,24.6678],[121.352,24.6663],[121.3514,24.6661],[121.3505,24.6665],[121.3495,24.6677],[121.3483,24.6678],[121.3458,24.6665],[121.3449,24.6667],[121.344,24.6693],[121.3425,24.6689],[121.3404,24.6664],[121.3391,24.6667],[121.3396,24.6682],[121.3393,24.6693],[121.3398,24.6701],[121.3397,24.6732],[121.3391,24.675],[121.3394,24.6757],[121.339,24.6791],[121.3383,24.6803],[121.3375,24.6809],[121.3357,24.6838],[121.3339,24.6859],[121.3311,24.6894],[121.3294,24.6913],[121.3264,24.6937],[121.3242,24.695],[121.3231,24.6954],[121.321,24.6955],[121.3194,24.6964],[121.319,24.6974],[121.3182,24.698],[121.3148,24.6981],[121.3132,24.6977],[121.3097,24.6959],[121.3068,24.6941],[121.3039,24.6929],[121.3008,24.694],[121.2995,24.6956],[121.2995,24.6963],[121.3004,24.6984],[121.3016,24.7003],[121.3023,24.7019],[121.3022,24.7039],[121.303,24.7057],[121.3033,24.7084],[121.3044,24.7101],[121.3057,24.7114],[121.3064,24.7131],[121.3066,24.7152],[121.3072,24.717],[121.3076,24.7199],[121.3057,24.7241],[121.3053,24.7261],[121.3039,24.7265],[121.3015,24.7286],[121.3007,24.7297],[121.2987,24.7307],[121.2981,24.7332],[121.2984,24.7345],[121.2996,24.737],[121.3002,24.7377],[121.3003,24.7393],[121.3009,24.7414],[121.3015,24.7426],[121.304,24.7452],[121.3053,24.7463],[121.3056,24.7475],[121.3051,24.7502],[121.306,24.7521],[121.3067,24.7527],[121.3077,24.755],[121.3056,24.7561],[121.3038,24.7579],[121.3019,24.7615],[121.3015,24.763],[121.3003,24.7636],[121.2986,24.7629],[121.2963,24.7633],[121.2939,24.764],[121.293,24.7656],[121.2926,24.7675],[121.2917,24.768],[121.2882,24.7685],[121.2872,24.7689],[121.286,24.7698],[121.2843,24.7704],[121.2825,24.7704],[121.2774,24.7709],[121.2767,24.7712],[121.2752,24.7733],[121.2736,24.7746],[121.2713,24.7748],[121.2714,24.7766],[121.2712,24.7779],[121.2684,24.7794],[121.2678,24.78],[121.266,24.7798],[121.2651,24.7812],[121.2633,24.7811],[121.2601,24.7819],[121.2596,24.7837],[121.2585,24.7851],[121.2586,24.7864],[121.2604,24.7879],[121.2612,24.7903],[121.261,24.7917],[121.2603,24.7932],[121.2597,24.7937],[121.2578,24.7928],[121.2547,24.7939],[121.2536,24.7936],[121.2511,24.7945],[121.2504,24.7957],[121.2478,24.7966],[121.2469,24.7985],[121.2466,24.8002],[121.2476,24.8011],[121.2477,24.8024],[121.2474,24.8035],[121.2465,24.8052],[121.2454,24.8061],[121.2454,24.807],[121.2434,24.8087],[121.2429,24.8085],[121.2423,24.8071],[121.2409,24.8059],[121.2398,24.8057],[121.2382,24.8047],[121.2364,24.8046],[121.2359,24.8042],[121.2344,24.8043],[121.2332,24.8039],[121.231,24.8036],[121.23,24.8031],[121.2281,24.8028],[121.2252,24.8009],[121.223,24.7999],[121.2215,24.7995],[121.2209,24.803],[121.2196,24.8041],[121.2196,24.8059],[121.2199,24.8074],[121.2188,24.8085],[121.2188,24.8095],[121.2197,24.8109],[121.2197,24.8117],[121.217,24.8124],[121.2149,24.812],[121.2128,24.8105],[121.2116,24.8104],[121.2108,24.8098],[121.2096,24.8095],[121.2094,24.8088],[121.2084,24.8082],[121.2083,24.8074],[121.2076,24.807],[121.2059,24.8075],[121.2047,24.8072],[121.2045,24.8084],[121.2028,24.8099],[121.203,24.8108],[121.2043,24.8119],[121.2057,24.8122],[121.2057,24.813],[121.2034,24.8141],[121.2031,24.8157],[121.2023,24.8167],[121.2033,24.8173],[121.2018,24.8179],[121.2008,24.8178],[121.1993,24.8161],[121.1997,24.8152],[121.1989,24.8149],[121.1969,24.8167],[121.1965,24.8178],[121.1921,24.82],[121.1891,24.8221],[121.1859,24.8238],[121.1831,24.8251],[121.1796,24.8261],[121.1768,24.8273],[121.1738,24.8277],[121.174,24.8289],[121.1758,24.831],[121.1763,24.832],[121.1745,24.8323],[121.1738,24.8334],[121.1721,24.8342],[121.1694,24.8348],[121.1689,24.834],[121.1665,24.8362],[121.1658,24.8359],[121.1617,24.8375],[121.1602,24.8373],[121.1595,24.8386],[121.1582,24.8393],[121.1563,24.8408],[121.1561,24.8419],[121.1547,24.8423],[121.1542,24.8441],[121.1521,24.8438],[121.1501,24.8443],[121.15,24.8446],[121.1528,24.8462],[121.1536,24.8474],[121.1538,24.849],[121.1555,24.8499],[121.1561,24.8521],[121.1571,24.8526],[121.1563,24.8538],[121.1569,24.8554],[121.1568,24.8561],[121.1581,24.8567],[121.1577,24.857],[121.1593,24.8579],[121.16,24.8578],[121.1592,24.8588],[121.16,24.8585],[121.1614,24.8596],[121.1603,24.861],[121.1607,24.8613],[121.1599,24.8624],[121.1608,24.8631],[121.1602,24.8646],[121.16,24.8665],[121.1588,24.8705],[121.1577,24.8724],[121.1571,24.8723],[121.1569,24.8736],[121.1562,24.8745],[121.1579,24.8744],[121.1582,24.875],[121.1579,24.8773],[121.157,24.8782],[121.1557,24.8807],[121.1543,24.8802],[121.1524,24.8802],[121.1508,24.881],[121.1497,24.8806],[121.1493,24.8812],[121.1476,24.8809],[121.1456,24.8808],[121.1446,24.8802],[121.1426,24.8817],[121.1411,24.8815],[121.1396,24.8824],[121.1389,24.8824],[121.1368,24.881],[121.1365,24.8797],[121.1357,24.879],[121.1356,24.878],[121.1344,24.8783],[121.1335,24.8795],[121.1312,24.8801],[121.1297,24.8797],[121.1281,24.881],[121.1259,24.8806],[121.124,24.8799],[121.1203,24.8807],[121.1171,24.8818],[121.1163,24.8817],[121.115,24.8825],[121.1135,24.8826],[121.1122,24.8837],[121.1087,24.886],[121.1078,24.886],[121.1081,24.8867],[121.1093,24.8875],[121.1092,24.8881],[121.1099,24.8887],[121.111,24.891],[121.1104,24.894],[121.1098,24.8957],[121.1101,24.8961],[121.1091,24.8977],[121.1048,24.8962],[121.1013,24.8952],[121.0983,24.8946],[121.0965,24.8942],[121.0926,24.8934],[121.0913,24.8934],[121.0894,24.8954],[121.0866,24.8965],[121.0856,24.8977],[121.0834,24.8989],[121.082,24.899],[121.0809,24.8984],[121.0787,24.8988],[121.077,24.8987],[121.0762,24.8994],[121.0736,24.8999],[121.0711,24.8995],[121.071,24.901],[121.0703,24.9021],[121.068,24.9032],[121.0642,24.9038],[121.0625,24.9046],[121.0614,24.9038],[121.0603,24.9039],[121.0598,24.9045],[121.0576,24.9058],[121.0591,24.9072],[121.0592,24.9081],[121.0581,24.9103],[121.0582,24.9139],[121.0597,24.9165],[121.0609,24.9203],[121.0601,24.9207],[121.0607,24.9217],[121.0609,24.9234],[121.0608,24.9245],[121.0597,24.9258],[121.0584,24.9301],[121.0576,24.9306],[121.0583,24.9325],[121.0577,24.9333],[121.0586,24.9352],[121.0583,24.9368],[121.0571,24.9368],[121.0554,24.9362],[121.0537,24.9372],[121.0518,24.9386],[121.0503,24.9386],[121.0481,24.9399],[121.048,24.9413],[121.0471,24.9416],[121.0461,24.9426],[121.0463,24.9435],[121.0445,24.9435],[121.0424,24.9442],[121.0408,24.9433],[121.0392,24.9445],[121.0387,24.946],[121.0379,24.9464],[121.0369,24.9461],[121.0345,24.9449],[121.0316,24.9443],[121.0309,24.9439],[121.0298,24.9451],[121.0288,24.9451],[121.0282,24.944],[121.0264,24.9422],[121.0259,24.9406],[121.0223,24.9414],[121.0212,24.9414],[121.0194,24.9404],[121.0179,24.9417],[121.016,24.9416],[121.0127,24.9431],[121.0119,24.9448],[121.0096,24.9443],[121.0071,24.9462],[121.0066,24.9459],[121.0043,24.9431],[121.0031,24.9403],[121.0022,24.94],[120.9997,24.9405],[120.9991,24.9409],[120.9976,24.9405],[120.9968,24.9398],[120.9942,24.9391],[120.9933,24.9382],[120.9927,24.9369],[120.9927,24.9351],[120.9918,24.935],[120.9899,24.936],[120.9887,24.9378],[120.9874,24.939],[120.982,24.94],[120.9831,24.941],[120.9848,24.9436],[120.9854,24.9453],[120.9855,24.9463],[120.9865,24.9483],[120.9891,24.951],[120.9902,24.9519],[120.9936,24.9555],[120.997,24.9573],[120.9984,24.9586],[121.0026,24.9656],[121.0035,24.9676],[121.0077,24.9721],[121.0099,24.975],[121.011,24.9784],[121.0111,24.9802],[121.0109,24.9825],[121.0112,24.9841],[121.0105,24.9875],[121.0117,24.9879],[121.0123,24.9888],[121.0104,24.9888],[121.0096,24.9904],[121.0105,24.9908],[121.0119,24.9908],[121.0135,24.9922],[121.0143,24.9926],[121.0162,24.9954],[121.0172,24.9983],[121.018,25.0037],[121.0193,25.0069],[121.0201,25.0082],[121.0237,25.0122],[121.0254,25.0146],[121.0286,25.0206],[121.031,25.0229],[121.032,25.0242],[121.0345,25.0267],[121.0385,25.0309],[121.0409,25.0328],[121.0438,25.0347],[121.0466,25.0384],[121.0488,25.0408],[121.052,25.0435],[121.0535,25.0444],[121.0561,25.0462],[121.059,25.0474],[121.0643,25.0489],[121.066,25.0492],[121.0682,25.0491],[121.0704,25.05],[121.0721,25.0499],[121.0795,25.0533],[121.0822,25.0549],[121.0847,25.056],[121.0867,25.0564],[121.0865,25.0569],[121.0875,25.0577],[121.0879,25.0596],[121.09,25.063],[121.0939,25.0628],[121.0948,25.0637],[121.0954,25.0637],[121.0984,25.0659],[121.1002,25.0676],[121.1053,25.0692],[121.1093,25.0712],[121.1151,25.0733],[121.1186,25.0744],[121.125,25.0768],[121.1326,25.0781],[121.1374,25.0795],[121.1391,25.0796],[121.1412,25.0802],[121.1441,25.0806],[121.1459,25.0811],[121.1473,25.0818],[121.1511,25.0826],[121.1572,25.0844],[121.1606,25.0856],[121.1626,25.0868],[121.1646,25.0874],[121.1681,25.0898],[121.1701,25.0902],[121.1722,25.0918],[121.173,25.0928],[121.1747,25.0937],[121.1814,25.0951],[121.1843,25.0958],[121.1855,25.0973],[121.1871,25.0973],[121.1886,25.098],[121.1893,25.099],[121.1914,25.1008],[121.193,25.1018],[121.1944,25.1022],[121.1973,25.1023],[121.1978,25.1041],[121.1995,25.1048],[121.2012,25.1045],[121.204,25.1062],[121.2063,25.1067],[121.2083,25.108],[121.21,25.1081],[121.2114,25.1088],[121.2121,25.11],[121.2134,25.1108],[121.2144,25.1106],[121.2167,25.1116],[121.2201,25.1119],[121.2221,25.1126],[121.2233,25.1133],[121.2251,25.1138],[121.2278,25.1142],[121.2294,25.1152],[121.2313,25.1153],[121.2364,25.116],[121.2396,25.1157],[121.2392,25.1207],[121.2397,25.1231],[121.2414,25.122],[121.242,25.1195],[121.244,25.1186],[121.2469,25.1189],[121.2474,25.1195],[121.2483,25.1195],[121.2496,25.1202],[121.2498,25.1214],[121.2531,25.1208],[121.2564,25.1216],[121.2576,25.1221],[121.2598,25.1236],[121.2616,25.1224],[121.2638,25.122],[121.2667,25.1207],[121.269,25.1199],[121.2713,25.1196],[121.278,25.1184],[121.2798,25.1178],[121.2834,25.1178],[121.2838,25.1144]]]]}},{"type":"Feature","properties":{"name":"臺中市","nameEn":"Taichung City","code":"66000"},"geometry":{"type":"MultiPolygon","coordinates":[[[[121.4487,24.3628],[121.4478,24.3615],[121.4475,24.3598],[121.4416,24.3586],[121.4406,24.3569],[121.4402,24.3553],[121.4395,24.354],[121.4378,24.3521],[121.4365,24.3484],[121.4356,24.3472],[121.4362,24.3452],[121.4377,24.3425],[121.4373,24.3416],[121.4357,24.3404],[121.4343,24.3383],[121.4336,24.3361],[121.4335,24.3348],[121.4327,24.3311],[121.4325,24.3296],[121.4334,24.3268],[121.4344,24.3257],[121.4349,24.3226],[121.434,24.3211],[121.4314,24.3202],[121.4303,24.319],[121.4285,24.3174],[121.4261,24.314],[121.4232,24.3082],[121.4218,24.3075],[121.4202,24.3076],[121.4181,24.3083],[121.4169,24.3092],[121.4156,24.3085],[121.4114,24.3073],[121.4099,24.3074],[121.4073,24.3081],[121.4054,24.3083],[121.4048,24.3076],[121.405,24.3049],[121.4046,24.3023],[121.4032,24.2977],[121.4035,24.297],[121.4028,24.2959],[121.4,24.2937],[121.3972,24.2905],[121.3966,24.2887],[121.3951,24.2881],[121.3935,24.2882],[121.3909,24.2897],[121.3906,24.2896],[121.3896,24.2873],[121.3872,24.2847],[121.3856,24.2834],[121.3823,24.2816],[121.3808,24.2801],[121.3805,24.2795],[121.3822,24.2762],[121.3828,24.2716],[121.3829,24.2695],[121.3833,24.268],[121.3857,24.264],[121.3852,24.2622],[121.3853,24.2605],[121.3858,24.2586],[121.3857,24.2568],[121.3851,24.2551],[121.3838,24.255],[121.3802,24.2533],[121.3784,24.2528],[121.3766,24.253],[121.3731,24.2541],[121.3716,24.2532],[121.3699,24.2525],[121.3672,24.2522],[121.3667,24.2519],[121.3661,24.2501],[121.3643,24.2471],[121.3617,24.2446],[121.3607,24.2439],[121.3585,24.2436],[121.3562,24.2446],[121.3526,24.2439],[121.3525,24.2432],[121.3532,24.2401],[121.353,24.2364],[121.352,24.2341],[121.3506,24.2331],[121.349,24.2316],[121.3484,24.23],[121.343,24.2236],[121.3391,24.2267],[121.3357,24.2286],[121.333,24.2299],[121.3316,24.2299],[121.3302,24.2312],[121.3265,24.2325],[121.3244,24.233],[121.3221,24.2321],[121.3194,24.2319],[121.3178,24.233],[121.3165,24.2344],[121.3141,24.235],[121.3121,24.2351],[121.3088,24.2349],[121.3059,24.2337],[121.3037,24.2338],[121.3029,24.235],[121.3024,24.2365],[121.3009,24.2366],[121.2989,24.2358],[121.2981,24.2342],[121.2988,24.2333],[121.2957,24.2326],[121.295,24.232],[121.2941,24.2297],[121.2931,24.2292],[121.291,24.2302],[121.2902,24.2297],[121.2894,24.2301],[121.287,24.2297],[121.2858,24.2291],[121.2841,24.2297],[121.2837,24.2307],[121.2828,24.231],[121.2809,24.2306],[121.2802,24.2298],[121.2792,24.2309],[121.2777,24.2319],[121.2771,24.2349],[121.2766,24.2356],[121.2739,24.2357],[121.2733,24.2364],[121.2726,24.2361],[121.2705,24.2368],[121.2689,24.2379],[121.2685,24.2399],[121.2666,24.2406],[121.2659,24.2412],[121.2664,24.2424],[121.2658,24.2437],[121.2654,24.2457],[121.265,24.2459],[121.2615,24.2457],[121.2588,24.2451],[121.2568,24.2444],[121.2551,24.2432],[121.2532,24.241],[121.2512,24.238],[121.2487,24.2325],[121.2471,24.2282],[121.2462,24.2265],[121.2449,24.225],[121.2442,24.2225],[121.2407,24.2217],[121.2387,24.2205],[121.238,24.2197],[121.237,24.2201],[121.2359,24.2212],[121.2325,24.2223],[121.2304,24.2235],[121.2309,24.2252],[121.2306,24.2261],[121.2282,24.2258],[121.2283,24.2247],[121.2271,24.2256],[121.2261,24.2258],[121.2237,24.227],[121.2216,24.2278],[121.2197,24.2292],[121.2181,24.2282],[121.2174,24.2269],[121.2158,24.2253],[121.2127,24.2242],[121.21,24.2226],[121.2081,24.2217],[121.2063,24.2217],[121.2051,24.2221],[121.2016,24.2216],[121.1984,24.2229],[121.1967,24.2231],[121.1938,24.2206],[121.1923,24.219],[121.1918,24.2181],[121.1918,24.2169],[121.1902,24.2157],[121.1885,24.2149],[121.1852,24.2145],[121.1839,24.2137],[121.1824,24.2123],[121.1807,24.2123],[121.1785,24.214],[121.1777,24.2157],[121.1767,24.2165],[121.175,24.2183],[121.1735,24.2203],[121.1702,24.2235],[121.1677,24.2254],[121.1667,24.2236],[121.166,24.2233],[121.1644,24.2218],[121.1639,24.2196],[121.1633,24.2191],[121.1626,24.2174],[121.1611,24.2154],[121.1586,24.2146],[121.1565,24.2147],[121.1519,24.2132],[121.1514,24.2129],[121.1496,24.2132],[121.1481,24.2131],[121.1462,24.2089],[121.145,24.2077],[121.1441,24.2071],[121.143,24.2053],[121.1432,24.2043],[121.1425,24.2016],[121.1414,24.1996],[121.1403,24.1988],[121.1378,24.1976],[121.1364,24.1963],[121.1353,24.1962],[121.1323,24.1969],[121.1306,24.1967],[121.1287,24.1961],[121.1272,24.1968],[121.1226,24.1961],[121.1188,24.1972],[121.1168,24.1972],[121.1134,24.1968],[121.1113,24.1977],[121.1093,24.198],[121.1074,24.1978],[121.1057,24.1972],[121.1043,24.196],[121.102,24.1958],[121.1014,24.1949],[121.0963,24.1921],[121.0944,24.1901],[121.094,24.1879],[121.0911,24.1848],[121.0915,24.1838],[121.0913,24.1827],[121.0889,24.1806],[121.0871,24.178],[121.0849,24.1759],[121.0838,24.1756],[121.0812,24.1755],[121.0808,24.1746],[121.0791,24.1731],[121.0766,24.1717],[121.0754,24.1703],[121.0747,24.17],[121.0724,24.1699],[121.0702,24.1684],[121.0699,24.1676],[121.0686,24.167],[121.0674,24.1658],[121.0663,24.1655],[121.0655,24.1639],[121.0643,24.1629],[121.0631,24.1633],[121.0614,24.1633],[121.0593,24.1627],[121.0588,24.1603],[121.0579,24.1592],[121.0565,24.1582],[121.0555,24.1571],[121.0526,24.1548],[121.0517,24.1555],[121.0507,24.1581],[121.0493,24.1588],[121.0476,24.16],[121.0465,24.1601],[121.0441,24.1597],[121.0429,24.1586],[121.0408,24.1586],[121.0381,24.1582],[121.0378,24.1579],[121.0358,24.1531],[121.0356,24.1508],[121.0334,24.1486],[121.0315,24.149],[121.0309,24.1496],[121.0314,24.1526],[121.0312,24.1535],[121.0301,24.1551],[121.0296,24.1577],[121.0278,24.1596],[121.0274,24.1587],[121.0256,24.1581],[121.0233,24.158],[121.0208,24.1588],[121.0199,24.1589],[121.0174,24.157],[121.0155,24.156],[121.0144,24.1544],[121.0134,24.1535],[121.0122,24.1533],[121.0121,24.1522],[121.0106,24.1505],[121.0097,24.1483],[121.009,24.1474],[121.0082,24.147],[121.0077,24.1456],[121.0071,24.1449],[121.0075,24.1436],[121.007,24.1426],[121.0069,24.1411],[121.0059,24.14],[121.0058,24.1391],[121.0046,24.1376],[121.0042,24.1356],[121.0035,24.1339],[121.0027,24.1331],[121.0005,24.1324],[121.0,24.1312],[121.0002,24.13],[120.9998,24.1282],[120.9986,24.1269],[120.996,24.1266],[120.9937,24.1256],[120.992,24.1253],[120.9916,24.1242],[120.9922,24.1222],[120.9919,24.1209],[120.989,24.1187],[120.9877,24.1195],[120.9852,24.1202],[120.9837,24.1192],[120.9812,24.1188],[120.9791,24.1183],[120.9765,24.1169],[120.9752,24.117],[120.9744,24.1189],[120.9734,24.1196],[120.9727,24.1195],[120.971,24.1203],[120.967,24.1203],[120.964,24.1199],[120.9621,24.1203],[120.9612,24.1202],[120.9601,24.1209],[120.958,24.1233],[120.9554,24.1252],[120.9543,24.1255],[120.9526,24.1268],[120.9501,24.1279],[120.9495,24.1275],[120.9484,24.1249],[120.9445,24.1228],[120.942,24.1206],[120.9412,24.1201],[120.9389,24.1178],[120.9375,24.1172],[120.935,24.1153],[120.9319,24.1122],[120.9292,24.1121],[120.9271,24.1117],[120.9253,24.1105],[120.9231,24.1099],[120.9212,24.1088],[120.9199,24.1074],[120.9168,24.1077],[120.9146,24.1076],[120.9132,24.109],[120.9112,24.1088],[120.9096,24.1092],[120.9071,24.1107],[120.9069,24.1123],[120.9049,24.1145],[120.9028,24.1147],[120.8999,24.1156],[120.8987,24.1156],[120.897,24.1163],[120.8949,24.1165],[120.8936,24.116],[120.8926,24.1162],[120.891,24.1156],[120.8902,24.1142],[120.8911,24.1122],[120.892,24.1116],[120.8938,24.1111],[120.8942,24.1103],[120.8937,24.1093],[120.8942,24.1066],[120.8913,24.1024],[120.8909,24.1011],[120.8915,24.0987],[120.8911,24.0974],[120.8901,24.0966],[120.8879,24.0959],[120.8868,24.0958],[120.8854,24.0948],[120.885,24.093],[120.883,24.0905],[120.882,24.0883],[120.8803,24.0886],[120.8793,24.0858],[120.878,24.085],[120.878,24.0866],[120.8776,24.0876],[120.8769,24.0912],[120.8782,24.0935],[120.8782,24.0953],[120.879,24.0968],[120.879,24.098],[120.8798,24.0993],[120.8815,24.1005],[120.8804,24.1033],[120.8809,24.1039],[120.8801,24.1044],[120.8802,24.1054],[120.8793,24.1059],[120.8789,24.1077],[120.8792,24.1092],[120.8776,24.1098],[120.8752,24.113],[120.8742,24.1134],[120.8738,24.1153],[120.8728,24.1159],[120.8722,24.1169],[120.8696,24.1171],[120.8689,24.1176],[120.8674,24.1163],[120.8655,24.1155],[120.8644,24.1154],[120.8637,24.1158],[120.8602,24.1159],[120.8585,24.1163],[120.8572,24.1173],[120.857,24.1197],[120.8564,24.12],[120.8562,24.1215],[120.8553,24.1223],[120.8552,24.123],[120.8539,24.1245],[120.8504,24.1245],[120.8489,24.1239],[120.847,24.124],[120.8448,24.1245],[120.843,24.1231],[120.8421,24.1213],[120.8421,24.1207],[120.8405,24.1202],[120.8395,24.1192],[120.8387,24.1191],[120.8377,24.1178],[120.8363,24.1169],[120.8356,24.1144],[120.8345,24.1129],[120.8345,24.1106],[120.8341,24.1096],[120.8345,24.1076],[120.8338,24.1063],[120.8321,24.1042],[120.8309,24.1036],[120.8303,24.1021],[120.8316,24.101],[120.8325,24.0994],[120.8324,24.0983],[120.8316,24.0969],[120.8299,24.095],[120.8285,24.0945],[120.8283,24.0929],[120.8286,24.0905],[120.8281,24.089],[120.8281,24.0869],[120.8289,24.0836],[120.8285,24.0822],[120.8285,24.0792],[120.8284,24.0769],[120.8291,24.0742],[120.8293,24.0715],[120.8262,24.0713],[120.8237,24.0707],[120.8224,24.0698],[120.8207,24.0698],[120.8192,24.0685],[120.8164,24.0685],[120.8145,24.0699],[120.8137,24.0685],[120.8125,24.0676],[120.8118,24.066],[120.8092,24.0663],[120.808,24.0654],[120.807,24.0642],[120.8073,24.063],[120.8063,24.0604],[120.8049,24.0591],[120.8043,24.0573],[120.8033,24.0562],[120.8033,24.0545],[120.8037,24.0535],[120.8035,24.0525],[120.8026,24.0517],[120.8011,24.0515],[120.8014,24.0504],[120.8007,24.0486],[120.7989,24.0459],[120.797,24.0437],[120.7967,24.0422],[120.7975,24.0418],[120.7973,24.0409],[120.7958,24.04],[120.7946,24.0386],[120.7942,24.0375],[120.7935,24.0372],[120.7917,24.0353],[120.7915,24.0337],[120.7929,24.0325],[120.7918,24.0319],[120.7915,24.0307],[120.7905,24.0307],[120.7895,24.0312],[120.7889,24.0306],[120.7876,24.0303],[120.7855,24.0287],[120.7856,24.0277],[120.7848,24.0276],[120.785,24.0256],[120.7846,24.0241],[120.7831,24.0248],[120.7829,24.0237],[120.7816,24.0223],[120.7798,24.0211],[120.7798,24.0203],[120.7781,24.0195],[120.7761,24.0192],[120.7751,24.0185],[120.7735,24.0159],[120.7723,24.0147],[120.7714,24.0144],[120.7711,24.0135],[120.7711,24.0113],[120.7704,24.0108],[120.771,24.0096],[120.7706,24.0091],[120.7675,24.009],[120.7667,24.0083],[120.7656,24.008],[120.7645,24.0071],[120.7627,24.0063],[120.7609,24.0062],[120.7596,24.0064],[120.7579,24.0061],[120.7576,24.005],[120.7561,24.0045],[120.7559,24.0035],[120.7544,24.0033],[120.7542,24.0026],[120.7531,24.0023],[120.7511,24.0029],[120.7487,24.001],[120.7476,23.9991],[120.746,23.9986],[120.7454,23.9992],[120.7436,24.0022],[120.7331,24.0084],[120.7317,24.009],[120.7229,24.0096],[120.7192,24.0097],[120.7064,24.0052],[120.6949,24.0071],[120.6888,24.0093],[120.686,24.0105],[120.6831,24.0121],[120.6788,24.0142],[120.6786,24.014],[120.6684,24.0207],[120.6648,24.0233],[120.6635,24.025],[120.6612,24.0257],[120.6581,24.0282],[120.6557,24.0307],[120.6519,24.0286],[120.6496,24.0308],[120.6492,24.0307],[120.6466,24.0339],[120.6451,24.0343],[120.6444,24.0323],[120.6455,24.03],[120.6457,24.0287],[120.6462,24.0283],[120.6462,24.0267],[120.6449,24.0259],[120.6432,24.0264],[120.6419,24.0274],[120.6403,24.0273],[120.6388,24.0278],[120.6371,24.0289],[120.6361,24.0311],[120.634,24.0311],[120.6314,24.0302],[120.6287,24.0296],[120.626,24.0299],[120.6252,24.0302],[120.6242,24.0316],[120.6245,24.0338],[120.6263,24.0358],[120.6281,24.0384],[120.6277,24.0402],[120.626,24.0416],[120.6258,24.0441],[120.6258,24.0468],[120.6245,24.0483],[120.6245,24.0494],[120.6235,24.052],[120.6236,24.0533],[120.6257,24.057],[120.6255,24.0597],[120.6257,24.0621],[120.6253,24.0654],[120.6253,24.0689],[120.6246,24.0707],[120.624,24.0715],[120.622,24.0726],[120.6207,24.0723],[120.6197,24.073],[120.6187,24.0751],[120.617,24.0794],[120.6167,24.0809],[120.6152,24.0843],[120.6149,24.0859],[120.6151,24.0867],[120.6149,24.09],[120.6145,24.0921],[120.6134,24.0953],[120.6132,24.0981],[120.6125,24.0992],[120.6124,24.1026],[120.6101,24.1021],[120.6089,24.1021],[120.608,24.1027],[120.6031,24.1029],[120.6022,24.1032],[120.6011,24.1047],[120.6,24.1052],[120.5949,24.1049],[120.589,24.1061],[120.5869,24.1068],[120.5855,24.1076],[120.5835,24.1095],[120.5766,24.1096],[120.5755,24.109],[120.5726,24.1083],[120.5656,24.1098],[120.558,24.1125],[120.5537,24.1128],[120.552,24.1135],[120.5497,24.1139],[120.5466,24.1161],[120.5452,24.1166],[120.5415,24.1224],[120.5411,24.1234],[120.5404,24.124],[120.5341,24.1256],[120.5323,24.1269],[120.5307,24.129],[120.5299,24.1308],[120.5276,24.1342],[120.5237,24.1395],[120.5233,24.1409],[120.5244,24.1424],[120.5252,24.1443],[120.5257,24.146],[120.5259,24.1485],[120.5245,24.1524],[120.5236,24.1534],[120.5208,24.1585],[120.519,24.1631],[120.5175,24.1653],[120.5152,24.1709],[120.5143,24.1728],[120.5111,24.1806],[120.5081,24.1872],[120.5044,24.1911],[120.4926,24.1951],[120.4566,24.2072],[120.4579,24.2093],[120.4603,24.2116],[120.4638,24.2133],[120.4649,24.2143],[120.4608,24.2156],[120.4613,24.2168],[120.4657,24.215],[120.466,24.2153],[120.4678,24.2145],[120.4688,24.2145],[120.4713,24.2206],[120.4723,24.2223],[120.4763,24.2243],[120.4797,24.2322],[120.481,24.2334],[120.4828,24.2374],[120.4895,24.2533],[120.4905,24.2553],[120.4862,24.2571],[120.4863,24.2574],[120.4889,24.2563],[120.489,24.2565],[120.4929,24.2659],[120.4931,24.2661],[120.4982,24.2639],[120.5001,24.2676],[120.5081,24.284],[120.5083,24.2839],[120.5108,24.2922],[120.5081,24.2933],[120.5105,24.2926],[120.5141,24.2948],[120.5168,24.2985],[120.5176,24.3003],[120.5181,24.3024],[120.5183,24.3042],[120.519,24.3064],[120.5213,24.3107],[120.5217,24.3119],[120.5195,24.3128],[120.5196,24.313],[120.5218,24.3121],[120.522,24.3129],[120.5238,24.3158],[120.526,24.3177],[120.5282,24.3187],[120.5299,24.3189],[120.5313,24.3196],[120.5323,24.3205],[120.5331,24.3231],[120.5346,24.3256],[120.5385,24.331],[120.5391,24.3321],[120.5394,24.3345],[120.5408,24.3354],[120.5428,24.3355],[120.5458,24.3349],[120.5486,24.3385],[120.5504,24.3415],[120.552,24.3432],[120.5558,24.3477],[120.5571,24.3487],[120.5585,24.3491],[120.5592,24.3498],[120.5591,24.3521],[120.5593,24.3541],[120.5604,24.3561],[120.5622,24.3589],[120.5612,24.3589],[120.5625,24.3613],[120.5647,24.3637],[120.5654,24.3637],[120.569,24.3667],[120.5667,24.3656],[120.5676,24.3674],[120.5685,24.3672],[120.5702,24.3692],[120.5711,24.3742],[120.5731,24.3772],[120.5751,24.379],[120.5773,24.3819],[120.5792,24.384],[120.5836,24.3898],[120.5867,24.3923],[120.5881,24.3948],[120.5886,24.3965],[120.5899,24.3993],[120.5914,24.4007],[120.594,24.4039],[120.5977,24.4068],[120.5988,24.4078],[120.5997,24.4104],[120.6018,24.4145],[120.6026,24.4156],[120.6063,24.4182],[120.6076,24.4195],[120.6102,24.4233],[120.6103,24.4259],[120.6121,24.4273],[120.6134,24.4278],[120.6147,24.4287],[120.6152,24.4321],[120.6159,24.4331],[120.6168,24.4337],[120.6186,24.4342],[120.6193,24.4349],[120.6213,24.4397],[120.6219,24.4403],[120.6263,24.4391],[120.6286,24.438],[120.6294,24.4362],[120.631,24.4346],[120.6318,24.4328],[120.6334,24.4316],[120.6344,24.4312],[120.6364,24.4298],[120.6376,24.4292],[120.6397,24.4278],[120.6402,24.4254],[120.6402,24.4244],[120.6411,24.4231],[120.6432,24.4217],[120.6429,24.4185],[120.6429,24.4169],[120.6434,24.4162],[120.6433,24.4153],[120.6439,24.4149],[120.6453,24.4145],[120.6461,24.4122],[120.6475,24.4118],[120.6483,24.4112],[120.6481,24.4101],[120.6487,24.4095],[120.6504,24.4094],[120.652,24.4083],[120.6538,24.4077],[120.6553,24.4075],[120.6557,24.407],[120.6569,24.4072],[120.6582,24.4066],[120.6591,24.4057],[120.6636,24.4023],[120.6657,24.4003],[120.6662,24.3989],[120.6674,24.3978],[120.6676,24.396],[120.669,24.3945],[120.6701,24.392],[120.6714,24.3911],[120.6723,24.3913],[120.6736,24.3907],[120.6742,24.3898],[120.6769,24.3878],[120.6786,24.3871],[120.6773,24.3842],[120.6857,24.3789],[120.6874,24.377],[120.6885,24.375],[120.6898,24.3745],[120.6912,24.3712],[120.692,24.3683],[120.6934,24.3668],[120.6983,24.3648],[120.7001,24.3632],[120.7034,24.3618],[120.7075,24.3617],[120.7072,24.3605],[120.7073,24.3579],[120.711,24.357],[120.7178,24.356],[120.7206,24.3551],[120.7232,24.3547],[120.7243,24.3541],[120.7284,24.3528],[120.7304,24.3518],[120.7317,24.3504],[120.7345,24.3479],[120.7385,24.3451],[120.7416,24.3425],[120.7433,24.3405],[120.7486,24.3362],[120.7522,24.3342],[120.7537,24.3324],[120.7585,24.3286],[120.7596,24.3285],[120.7615,24.3274],[120.7633,24.3259],[120.7675,24.3253],[120.7715,24.3226],[120.7746,24.3211],[120.7777,24.3206],[120.7784,24.3201],[120.78,24.3199],[120.7824,24.3192],[120.7838,24.3184],[120.7867,24.3181],[120.7877,24.3184],[120.7913,24.3174],[120.792,24.3176],[120.7962,24.3164],[120.7991,24.3162],[120.8023,24.3162],[120.8055,24.316],[120.8075,24.3151],[120.8098,24.3127],[120.8119,24.3116],[120.8153,24.3087],[120.8176,24.3074],[120.8188,24.3055],[120.8195,24.3038],[120.8228,24.2996],[120.8253,24.2968],[120.8282,24.295],[120.8294,24.2937],[120.8307,24.2932],[120.8321,24.2921],[120.8336,24.2905],[120.8365,24.2896],[120.8381,24.2893],[120.8415,24.2892],[120.8442,24.2888],[120.8495,24.2885],[120.8548,24.2888],[120.8572,24.2891],[120.8657,24.2927],[120.8689,24.2936],[120.8749,24.2949],[120.8775,24.2951],[120.8816,24.2949],[120.8848,24.2944],[120.8916,24.2941],[120.8954,24.2933],[120.8998,24.2928],[120.902,24.2923],[120.9045,24.2922],[120.9061,24.2927],[120.9089,24.2939],[120.9117,24.294],[120.9168,24.299],[120.9199,24.3007],[120.9215,24.302],[120.9224,24.3036],[120.9225,24.3047],[120.922,24.3063],[120.9206,24.3087],[120.9201,24.3112],[120.9201,24.3152],[120.9207,24.3181],[120.9205,24.3201],[120.9197,24.3242],[120.9181,24.3286],[120.9179,24.3296],[120.9167,24.3327],[120.9164,24.3342],[120.917,24.3357],[120.9196,24.3371],[120.9227,24.3379],[120.9263,24.3386],[120.9287,24.3397],[120.9328,24.3421],[120.9356,24.3429],[120.938,24.3418],[120.94,24.34],[120.9425,24.3391],[120.9449,24.3398],[120.9465,24.3391],[120.9496,24.3392],[120.9523,24.3391],[120.9541,24.3386],[120.956,24.3393],[120.9568,24.3393],[120.9592,24.3366],[120.9602,24.3351],[120.9627,24.3348],[120.9662,24.3335],[120.9688,24.3334],[120.9701,24.3336],[120.9724,24.3335],[120.9772,24.3347],[120.9799,24.3345],[120.982,24.3359],[120.9838,24.3344],[120.9854,24.3318],[120.991,24.3298],[120.9925,24.3296],[120.9951,24.3299],[120.996,24.3303],[120.9973,24.3301],[120.9984,24.3307],[120.9995,24.332],[121.0005,24.3327],[121.0023,24.3328],[121.0047,24.332],[121.0082,24.3269],[121.0116,24.324],[121.0124,24.3223],[121.0145,24.3201],[121.0157,24.3176],[121.018,24.3113],[121.02,24.3092],[121.0238,24.3076],[121.0262,24.3067],[121.0294,24.3047],[121.0317,24.302],[121.0326,24.3004],[121.0331,24.2988],[121.0341,24.2978],[121.0353,24.2972],[121.0381,24.2964],[121.0411,24.2961],[121.0452,24.2953],[121.0471,24.2961],[121.0494,24.2961],[121.0514,24.2978],[121.0521,24.299],[121.0521,24.3019],[121.0526,24.3042],[121.0537,24.3056],[121.0541,24.3067],[121.0549,24.3077],[121.0553,24.3103],[121.0576,24.3114],[121.0584,24.3127],[121.0602,24.3129],[121.0615,24.3134],[121.0643,24.3152],[121.0656,24.3157],[121.0693,24.3155],[121.0702,24.3158],[121.0709,24.3168],[121.0716,24.317],[121.0726,24.3184],[121.0736,24.3188],[121.0739,24.3195],[121.0737,24.3214],[121.0731,24.3228],[121.0753,24.3226],[121.0789,24.3229],[121.081,24.3241],[121.0816,24.324],[121.0834,24.3213],[121.0851,24.3197],[121.0858,24.3184],[121.0866,24.3176],[121.0875,24.3175],[121.0883,24.3183],[121.0901,24.3187],[121.0919,24.3186],[121.0944,24.3198],[121.0951,24.3208],[121.0952,24.322],[121.0983,24.3237],[121.0997,24.3238],[121.1023,24.3246],[121.1037,24.3267],[121.1053,24.3282],[121.1062,24.3285],[121.1086,24.331],[121.1149,24.3286],[121.1171,24.3296],[121.1186,24.3304],[121.1216,24.3307],[121.1218,24.3319],[121.1214,24.3338],[121.1221,24.3364],[121.1228,24.3382],[121.1241,24.3406],[121.1253,24.342],[121.1263,24.3416],[121.1281,24.3419],[121.1302,24.3447],[121.1309,24.3474],[121.1314,24.3482],[121.1312,24.3493],[121.1336,24.3517],[121.1364,24.3531],[121.1378,24.3546],[121.138,24.3563],[121.14,24.3583],[121.141,24.3596],[121.1441,24.3583],[121.146,24.3579],[121.1493,24.358],[121.1509,24.3587],[121.1555,24.359],[121.1594,24.3608],[121.1623,24.3606],[121.1647,24.361],[121.1665,24.3606],[121.168,24.3607],[121.1689,24.3615],[121.169,24.3643],[121.1711,24.3661],[121.1724,24.3668],[121.1731,24.3684],[121.1741,24.369],[121.173,24.3707],[121.1733,24.3731],[121.1747,24.3739],[121.177,24.3767],[121.1785,24.3779],[121.1817,24.3789],[121.1824,24.3802],[121.1833,24.381],[121.1847,24.3815],[121.1866,24.3812],[121.1902,24.3816],[121.1911,24.3839],[121.193,24.3858],[121.1953,24.39],[121.1969,24.392],[121.1972,24.3966],[121.2007,24.3976],[121.2033,24.3976],[121.2044,24.3979],[121.2072,24.3979],[121.2088,24.3966],[121.2106,24.3957],[121.2108,24.3936],[121.2104,24.3919],[121.2112,24.3884],[121.2133,24.3844],[121.2134,24.3821],[121.2142,24.3811],[121.2159,24.3795],[121.2168,24.3805],[121.2182,24.3812],[121.2222,24.382],[121.2233,24.3825],[121.2256,24.383],[121.2271,24.383],[121.2289,24.3834],[121.2314,24.3837],[121.2322,24.3843],[121.2316,24.3875],[121.2346,24.3911],[121.235,24.392],[121.235,24.3939],[121.2346,24.3959],[121.2347,24.3973],[121.2357,24.3986],[121.238,24.4003],[121.2382,24.4016],[121.2401,24.4035],[121.2426,24.4046],[121.2436,24.4057],[121.2433,24.4081],[121.2429,24.4091],[121.2434,24.4109],[121.2429,24.4128],[121.242,24.414],[121.2427,24.4147],[121.2436,24.4166],[121.2433,24.4182],[121.2439,24.4201],[121.2457,24.4224],[121.2466,24.423],[121.2491,24.4238],[121.25,24.4249],[121.2576,24.425],[121.2594,24.4284],[121.2602,24.429],[121.2623,24.4285],[121.2645,24.4287],[121.2661,24.4282],[121.2677,24.4281],[121.2699,24.4274],[121.2711,24.428],[121.2713,24.4296],[121.2769,24.4292],[121.2791,24.4294],[121.2846,24.4306],[121.2861,24.4304],[121.289,24.4309],[121.2905,24.4308],[121.2913,24.4312],[121.2932,24.4311],[121.2947,24.4325],[121.2976,24.4331],[121.3022,24.4331],[121.3055,24.4326],[121.3078,24.4339],[121.3083,24.4347],[121.3103,24.4364],[121.3128,24.4367],[121.3138,24.4374],[121.3163,24.4398],[121.3177,24.4415],[121.3206,24.4411],[121.3228,24.4394],[121.3256,24.4359],[121.3281,24.4339],[121.3284,24.4316],[121.3277,24.4304],[121.3281,24.4286],[121.3287,24.4273],[121.3282,24.4254],[121.3282,24.4236],[121.3274,24.4215],[121.3278,24.4185],[121.3277,24.4166],[121.3272,24.4156],[121.3274,24.413],[121.3264,24.4092],[121.3252,24.4078],[121.325,24.4069],[121.3255,24.4045],[121.326,24.4037],[121.326,24.401],[121.3265,24.3999],[121.328,24.3983],[121.3308,24.3985],[121.3323,24.3979],[121.3327,24.3964],[121.3336,24.395],[121.3361,24.3928],[121.337,24.3924],[121.3385,24.3901],[121.3395,24.3898],[121.3399,24.391],[121.3424,24.3926],[121.3442,24.393],[121.3502,24.3928],[121.3526,24.3923],[121.3537,24.3931],[121.3553,24.3931],[121.3594,24.3904],[121.3613,24.3901],[121.3621,24.3895],[121.3649,24.3891],[121.3672,24.386],[121.3679,24.3858],[121.3688,24.3849],[121.369,24.3838],[121.3697,24.3828],[121.3696,24.3819],[121.3682,24.3813],[121.3672,24.3792],[121.3674,24.3779],[121.3688,24.3756],[121.3693,24.3743],[121.3693,24.3725],[121.3715,24.3705],[121.3736,24.3682],[121.3774,24.3684],[121.3792,24.3675],[121.3811,24.3669],[121.3835,24.3677],[121.3852,24.3688],[121.3868,24.3692],[121.3879,24.37],[121.3892,24.3742],[121.3904,24.3753],[121.3924,24.3751],[121.3932,24.3753],[121.3943,24.3764],[121.3946,24.3771],[121.3958,24.378],[121.3981,24.3778],[121.4006,24.3796],[121.4019,24.3796],[121.4041,24.3778],[121.405,24.3776],[121.4065,24.3779],[121.4079,24.3775],[121.4085,24.3781],[121.4108,24.3788],[121.4128,24.3797],[121.4143,24.3794],[121.4156,24.3794],[121.4165,24.3798],[121.4186,24.3791],[121.4196,24.3792],[121.4215,24.3807],[121.4233,24.3814],[121.4257,24.3815],[121.4294,24.3831],[121.434,24.3832],[121.4378,24.3829],[121.4408,24.3778],[121.4417,24.3754],[121.4429,24.3732],[121.4444,24.3741],[121.446,24.3741],[121.448,24.3748],[121.4483,24.3726],[121.4493,24.3702],[121.4507,24.368],[121.452,24.3647],[121.4487,24.3628]]]]}},{"type":"Feature","properties":{"name":"臺南市","nameEn":"Tainan City","code":"67000"},"geometry":{"type":"MultiPolygon","coordinates":[[[[120.6544,23.2243],[120.6552,23.2235],[120.6559,23.2212],[120.6562,23.2176],[120.6551,23.2162],[120.654,23.2155],[120.6531,23.2118],[120.6518,23.2102],[120.6514,23.2085],[120.6484,23.2086],[120.6474,23.2073],[120.6462,23.2071],[120.6447,23.2047],[120.6433,23.2033],[120.643,23.2021],[120.6431,23.2011],[120.6427,23.2002],[120.641,23.1988],[120.6407,23.1975],[120.6396,23.1954],[120.639,23.1927],[120.638,23.1923],[120.637,23.1913],[120.6366,23.1901],[120.6377,23.1879],[120.6384,23.1857],[120.6402,23.1834],[120.6411,23.183],[120.64,23.1826],[120.6383,23.1816],[120.6373,23.1804],[120.6374,23.1785],[120.6366,23.177],[120.6362,23.1751],[120.6353,23.1747],[120.6339,23.175],[120.6327,23.1745],[120.6298,23.1745],[120.6291,23.1742],[120.6294,23.1732],[120.6307,23.1719],[120.6311,23.1704],[120.6278,23.1687],[120.627,23.168],[120.6252,23.1678],[120.6246,23.166],[120.6229,23.1639],[120.6205,23.1628],[120.6166,23.1631],[120.6159,23.1609],[120.6149,23.1595],[120.6134,23.1592],[120.6125,23.1573],[120.6111,23.1559],[120.6123,23.1536],[120.6118,23.1517],[120.6105,23.151],[120.609,23.1493],[120.6074,23.1483],[120.6055,23.1484],[120.6057,23.1467],[120.6038,23.1449],[120.6024,23.1443],[120.6011,23.1442],[120.6005,23.1428],[120.599,23.1411],[120.5975,23.1374],[120.5963,23.1369],[120.5952,23.1344],[120.5953,23.1336],[120.5948,23.1318],[120.5933,23.1301],[120.5929,23.1302],[120.5905,23.1272],[120.5892,23.1245],[120.5886,23.1237],[120.5884,23.1224],[120.5889,23.12],[120.5884,23.1185],[120.5882,23.1143],[120.5869,23.1122],[120.5858,23.1112],[120.5853,23.1103],[120.5832,23.108],[120.5825,23.106],[120.5811,23.1051],[120.579,23.1019],[120.5786,23.1009],[120.5772,23.0995],[120.5764,23.0971],[120.5756,23.0956],[120.5741,23.0946],[120.5748,23.0914],[120.5741,23.0903],[120.5731,23.0898],[120.5691,23.0844],[120.568,23.0837],[120.5671,23.082],[120.5662,23.0816],[120.5654,23.0807],[120.5642,23.0805],[120.5634,23.08],[120.5627,23.0784],[120.5617,23.0781],[120.5604,23.0772],[120.5587,23.0753],[120.5592,23.0739],[120.5579,23.0727],[120.5571,23.0714],[120.5562,23.0708],[120.5545,23.0688],[120.5528,23.0678],[120.5519,23.0678],[120.5483,23.066],[120.5465,23.0655],[120.5456,23.0641],[120.5438,23.0633],[120.5424,23.0634],[120.5414,23.0622],[120.5397,23.0619],[120.538,23.0607],[120.5381,23.0595],[120.5377,23.0589],[120.5366,23.0585],[120.5351,23.0574],[120.5331,23.0571],[120.5302,23.0559],[120.5281,23.054],[120.527,23.0534],[120.5263,23.0522],[120.523,23.0496],[120.523,23.0489],[120.5237,23.0477],[120.5222,23.0456],[120.5202,23.0453],[120.5191,23.044],[120.5163,23.0418],[120.5154,23.0404],[120.5142,23.039],[120.5124,23.0378],[120.5123,23.0373],[120.5105,23.0356],[120.5087,23.0348],[120.5055,23.0312],[120.5054,23.0305],[120.5037,23.0286],[120.5007,23.0266],[120.5002,23.0259],[120.4985,23.0253],[120.4975,23.0241],[120.495,23.0233],[120.4929,23.0221],[120.492,23.0213],[120.4858,23.0183],[120.4841,23.0171],[120.4827,23.0156],[120.4815,23.0122],[120.481,23.0116],[120.4814,23.0109],[120.4811,23.0091],[120.4805,23.0076],[120.4804,23.0063],[120.4794,23.0049],[120.4801,23.003],[120.4798,23.0027],[120.4783,23.0035],[120.4775,23.0031],[120.475,23.0032],[120.4731,23.0028],[120.4716,23.0028],[120.4705,23.0024],[120.4682,23.0026],[120.4672,23.0036],[120.4661,23.0033],[120.4635,23.0035],[120.4627,23.0032],[120.4617,23.004],[120.4609,23.0039],[120.4596,23.0018],[120.4596,23.0007],[120.4605,23.0003],[120.4615,22.9981],[120.4602,22.9973],[120.4591,22.9959],[120.4593,22.9949],[120.4604,22.9937],[120.4603,22.9928],[120.4611,22.9922],[120.4611,22.9909],[120.4596,22.9899],[120.458,22.9902],[120.4569,22.9909],[120.4553,22.9911],[120.4535,22.9873],[120.4536,22.9856],[120.4532,22.9848],[120.4548,22.9826],[120.4547,22.9806],[120.4532,22.9786],[120.453,22.9778],[120.4521,22.9779],[120.4518,22.9786],[120.4496,22.9772],[120.4486,22.9775],[120.4475,22.9783],[120.4452,22.9795],[120.4443,22.9793],[120.4437,22.9779],[120.4426,22.9773],[120.4422,22.9758],[120.4422,22.9739],[120.4409,22.9712],[120.4397,22.9683],[120.4392,22.9678],[120.4378,22.9646],[120.4373,22.9623],[120.4365,22.9616],[120.436,22.9603],[120.4349,22.959],[120.4341,22.9573],[120.433,22.9559],[120.4327,22.9525],[120.4319,22.9509],[120.4317,22.9496],[120.4307,22.9484],[120.4296,22.9453],[120.4294,22.944],[120.4284,22.9421],[120.4284,22.9405],[120.4261,22.9393],[120.4255,22.938],[120.4258,22.9362],[120.4245,22.9337],[120.4249,22.9332],[120.4237,22.9322],[120.4228,22.931],[120.4226,22.9299],[120.422,22.9294],[120.4221,22.9276],[120.4212,22.9263],[120.4208,22.9251],[120.4199,22.9241],[120.42,22.923],[120.4189,22.922],[120.4176,22.9197],[120.4177,22.9186],[120.4165,22.9164],[120.4152,22.9156],[120.4132,22.9153],[120.4106,22.9143],[120.4097,22.9138],[120.4087,22.9123],[120.4063,22.9146],[120.4057,22.9158],[120.4059,22.9166],[120.4053,22.9182],[120.4036,22.9183],[120.4019,22.9182],[120.4004,22.919],[120.3999,22.9214],[120.399,22.9223],[120.3977,22.9223],[120.3959,22.9227],[120.394,22.9221],[120.3922,22.9223],[120.3907,22.9217],[120.3892,22.9203],[120.3886,22.9206],[120.3869,22.9183],[120.3851,22.9189],[120.3832,22.9199],[120.3819,22.9211],[120.3818,22.9199],[120.3805,22.9201],[120.3804,22.9186],[120.3775,22.9182],[120.3772,22.9167],[120.3765,22.9161],[120.3768,22.9149],[120.3738,22.9141],[120.373,22.9124],[120.3717,22.9128],[120.3712,22.9123],[120.3718,22.9108],[120.3731,22.9093],[120.3724,22.908],[120.3725,22.9067],[120.3716,22.9065],[120.3711,22.9072],[120.369,22.9057],[120.3682,22.9039],[120.3673,22.9052],[120.3663,22.9051],[120.3657,22.9045],[120.3656,22.9034],[120.366,22.9022],[120.3642,22.9018],[120.3634,22.9023],[120.3625,22.902],[120.362,22.9009],[120.3609,22.9015],[120.3595,22.9014],[120.3592,22.9002],[120.3605,22.8997],[120.3614,22.9007],[120.3615,22.8989],[120.3611,22.8979],[120.3599,22.897],[120.358,22.8959],[120.3577,22.8946],[120.357,22.8941],[120.3571,22.8931],[120.3564,22.8927],[120.3551,22.8938],[120.3546,22.8925],[120.3552,22.8918],[120.3534,22.8924],[120.3534,22.8911],[120.3546,22.891],[120.3552,22.8904],[120.3545,22.89],[120.3521,22.8894],[120.3516,22.8889],[120.3521,22.8877],[120.3516,22.8875],[120.351,22.8891],[120.3497,22.8904],[120.3489,22.8906],[120.3451,22.8894],[120.3428,22.8897],[120.3413,22.8893],[120.335,22.8894],[120.3325,22.8893],[120.3308,22.8907],[120.3286,22.8947],[120.327,22.8985],[120.3249,22.9005],[120.324,22.9002],[120.3234,22.8989],[120.3225,22.8979],[120.3209,22.8956],[120.3201,22.895],[120.3192,22.8951],[120.3183,22.896],[120.3168,22.8982],[120.3157,22.8991],[120.3135,22.8999],[120.3091,22.9006],[120.3034,22.9004],[120.2991,22.9011],[120.2965,22.902],[120.2933,22.9029],[120.2872,22.9041],[120.2846,22.9047],[120.2799,22.9049],[120.278,22.9044],[120.2777,22.9036],[120.278,22.9013],[120.2793,22.8983],[120.2795,22.8963],[120.2764,22.8961],[120.2766,22.8955],[120.2743,22.8952],[120.2727,22.8955],[120.2696,22.8968],[120.2667,22.8986],[120.2637,22.8999],[120.2605,22.9018],[120.2579,22.9016],[120.2569,22.9001],[120.2569,22.899],[120.2589,22.8966],[120.2586,22.895],[120.2565,22.894],[120.2542,22.8943],[120.2526,22.8949],[120.2496,22.8966],[120.2476,22.8982],[120.2453,22.9013],[120.2429,22.9035],[120.2401,22.9043],[120.2362,22.9051],[120.2332,22.9054],[120.2321,22.9067],[120.2316,22.9087],[120.2314,22.9123],[120.2317,22.9154],[120.2304,22.9167],[120.2287,22.917],[120.2267,22.9163],[120.2259,22.9155],[120.2226,22.9113],[120.221,22.91],[120.2201,22.9096],[120.2181,22.9096],[120.2144,22.9105],[120.2122,22.9117],[120.2111,22.9125],[120.2081,22.9152],[120.206,22.9147],[120.2039,22.9149],[120.2018,22.9157],[120.1959,22.9196],[120.1933,22.9209],[120.1921,22.9212],[120.191,22.9205],[120.1892,22.9207],[120.1866,22.9196],[120.1825,22.9171],[120.1789,22.9143],[120.1768,22.9123],[120.1747,22.9117],[120.1747,22.912],[120.1768,22.9126],[120.1748,22.9142],[120.174,22.9144],[120.174,22.9158],[120.1733,22.9175],[120.173,22.9193],[120.1732,22.9207],[120.1742,22.923],[120.1744,22.925],[120.1749,22.9268],[120.1749,22.9301],[120.1752,22.933],[120.1745,22.9369],[120.1737,22.9433],[120.172,22.9497],[120.1702,22.9532],[120.1685,22.9571],[120.1672,22.9585],[120.1659,22.9604],[120.1646,22.9617],[120.1629,22.9649],[120.1626,22.965],[120.1597,22.9635],[120.1554,22.9647],[120.1554,22.9675],[120.1598,22.9712],[120.1595,22.9731],[120.1587,22.9749],[120.1568,22.977],[120.1532,22.9814],[120.15,22.9842],[120.1496,22.9852],[120.1488,22.9857],[120.1475,22.9878],[120.1463,22.9884],[120.1457,22.9893],[120.1425,22.992],[120.1403,22.9933],[120.141,22.9945],[120.1411,22.996],[120.1391,22.9977],[120.1382,22.9968],[120.1376,22.9969],[120.1373,22.998],[120.1347,22.9994],[120.1311,23.0025],[120.1293,23.0037],[120.1271,23.0056],[120.1217,23.0096],[120.1178,23.0128],[120.1145,23.0154],[120.1141,23.0159],[120.1102,23.0189],[120.1072,23.0206],[120.104,23.0228],[120.0972,23.0266],[120.0941,23.0288],[120.0871,23.0326],[120.0835,23.0343],[120.0824,23.035],[120.0806,23.0356],[120.0793,23.0365],[120.0758,23.0383],[120.073,23.0394],[120.0677,23.041],[120.0673,23.0415],[120.065,23.0429],[120.0652,23.0433],[120.0619,23.0443],[120.0609,23.0434],[120.058,23.0431],[120.057,23.0439],[120.0542,23.0469],[120.0529,23.0487],[120.0515,23.0501],[120.0498,23.0522],[120.0463,23.0574],[120.0459,23.0586],[120.045,23.0596],[120.044,23.0617],[120.0418,23.0645],[120.0418,23.0648],[120.04,23.0666],[120.039,23.068],[120.0384,23.0674],[120.0372,23.0671],[120.0341,23.0675],[120.031,23.0671],[120.0294,23.0664],[120.0286,23.0665],[120.0269,23.0679],[120.0281,23.0725],[120.0278,23.0739],[120.0279,23.0752],[120.0286,23.0773],[120.0297,23.0812],[120.0318,23.0878],[120.0328,23.0924],[120.0332,23.095],[120.0338,23.0963],[120.0343,23.0984],[120.0345,23.0998],[120.0353,23.1025],[120.0378,23.1083],[120.0388,23.1103],[120.0408,23.113],[120.0417,23.1145],[120.0439,23.1192],[120.0477,23.1227],[120.0489,23.1232],[120.0509,23.1252],[120.0521,23.126],[120.0542,23.1257],[120.0529,23.1246],[120.0509,23.1224],[120.055,23.1255],[120.055,23.1263],[120.0543,23.1274],[120.0531,23.1283],[120.0528,23.1296],[120.053,23.1315],[120.0543,23.1345],[120.0556,23.1362],[120.0561,23.1384],[120.0566,23.1428],[120.0569,23.1441],[120.0574,23.1488],[120.0583,23.155],[120.0591,23.1588],[120.0598,23.1604],[120.0605,23.1636],[120.0615,23.1661],[120.0624,23.1679],[120.0635,23.1709],[120.0644,23.1724],[120.0661,23.1762],[120.0672,23.1779],[120.0676,23.1795],[120.0688,23.1809],[120.0696,23.1828],[120.0696,23.185],[120.0703,23.1859],[120.0716,23.1897],[120.0734,23.1933],[120.0775,23.2005],[120.0789,23.2049],[120.08,23.209],[120.0802,23.2115],[120.081,23.2164],[120.0819,23.2223],[120.0816,23.2238],[120.0818,23.2256],[120.0811,23.2283],[120.0807,23.2291],[120.081,23.2316],[120.0802,23.2351],[120.0806,23.2376],[120.0815,23.239],[120.0839,23.242],[120.0859,23.244],[120.0877,23.2466],[120.088,23.2487],[120.0894,23.2496],[120.0908,23.2545],[120.0916,23.258],[120.0921,23.2593],[120.093,23.264],[120.0934,23.2654],[120.094,23.2707],[120.0944,23.2723],[120.0943,23.2733],[120.095,23.2804],[120.0951,23.2838],[120.095,23.2884],[120.0946,23.2902],[120.0943,23.295],[120.0946,23.2959],[120.0963,23.2991],[120.0969,23.2996],[120.099,23.3005],[120.1019,23.3023],[120.1026,23.3032],[120.1031,23.3045],[120.1057,23.3049],[120.1068,23.3053],[120.1084,23.3068],[120.1101,23.3091],[120.1108,23.3104],[120.112,23.3142],[120.1125,23.3156],[120.1128,23.3184],[120.1136,23.3222],[120.1128,23.3226],[120.1126,23.3239],[120.1128,23.3254],[120.1111,23.3304],[120.111,23.3318],[120.1123,23.334],[120.114,23.3362],[120.1158,23.3373],[120.1173,23.3387],[120.1181,23.3402],[120.1236,23.3361],[120.1323,23.3298],[120.1366,23.3281],[120.1415,23.3247],[120.1455,23.3223],[120.1485,23.3198],[120.1482,23.3166],[120.1486,23.3144],[120.15,23.3131],[120.1531,23.3133],[120.1543,23.313],[120.1549,23.3122],[120.1555,23.3105],[120.1568,23.31],[120.1603,23.3106],[120.1636,23.3097],[120.1662,23.3085],[120.1694,23.3061],[120.1709,23.3046],[120.1739,23.2999],[120.1737,23.2992],[120.1757,23.2944],[120.1787,23.2917],[120.1806,23.2909],[120.1838,23.2903],[120.1876,23.29],[120.189,23.2902],[120.1895,23.291],[120.1894,23.2923],[120.1877,23.2943],[120.1864,23.2952],[120.1858,23.297],[120.1863,23.2983],[120.1881,23.3004],[120.1884,23.3012],[120.1909,23.3007],[120.1917,23.3003],[120.1991,23.2947],[120.201,23.2934],[120.2026,23.2931],[120.2043,23.2919],[120.2059,23.2915],[120.2086,23.2913],[120.2119,23.2927],[120.2123,23.2917],[120.2144,23.2924],[120.2173,23.2944],[120.2209,23.296],[120.2226,23.2983],[120.2259,23.3032],[120.2277,23.3068],[120.2281,23.3096],[120.2286,23.3108],[120.2313,23.3163],[120.2331,23.3188],[120.2345,23.3202],[120.2356,23.3233],[120.2368,23.3256],[120.2381,23.3271],[120.2399,23.3275],[120.2411,23.3271],[120.2451,23.3268],[120.2466,23.327],[120.2492,23.3289],[120.2551,23.3306],[120.2574,23.3317],[120.2583,23.3328],[120.2629,23.3368],[120.2629,23.337],[120.2666,23.3406],[120.2671,23.3407],[120.2675,23.3447],[120.2653,23.3447],[120.2637,23.3451],[120.2607,23.3445],[120.2614,23.3459],[120.2625,23.347],[120.2644,23.3505],[120.2656,23.3522],[120.2668,23.3531],[120.2683,23.3536],[120.2705,23.3537],[120.2739,23.3524],[120.2748,23.3517],[120.2758,23.35],[120.2758,23.3489],[120.2763,23.3482],[120.2785,23.3477],[120.2814,23.3482],[120.2861,23.3502],[120.2864,23.3508],[120.2863,23.3526],[120.286,23.3542],[120.2846,23.3563],[120.2838,23.3587],[120.2838,23.3618],[120.285,23.3646],[120.2857,23.3669],[120.2872,23.3688],[120.2895,23.3709],[120.2917,23.3739],[120.293,23.3754],[120.2994,23.3753],[120.3029,23.3759],[120.308,23.3749],[120.3109,23.3754],[120.3105,23.3786],[120.3103,23.3831],[120.3112,23.3834],[120.311,23.3856],[120.3125,23.387],[120.3146,23.3879],[120.3149,23.3885],[120.3178,23.3884],[120.3188,23.3872],[120.3199,23.3868],[120.3194,23.386],[120.3217,23.3836],[120.3236,23.3836],[120.3241,23.3843],[120.3287,23.3861],[120.3289,23.3849],[120.33,23.3854],[120.3332,23.3858],[120.3347,23.3869],[120.3374,23.3905],[120.3399,23.3934],[120.3429,23.3967],[120.343,23.3982],[120.3449,23.3996],[120.3463,23.4004],[120.3495,23.4013],[120.3534,23.4012],[120.3596,23.4026],[120.3697,23.4031],[120.3719,23.4033],[120.3754,23.4032],[120.381,23.4034],[120.386,23.4045],[120.3881,23.4052],[120.3932,23.4065],[120.3964,23.4073],[120.4047,23.4103],[120.4071,23.4119],[120.4081,23.4134],[120.4094,23.4124],[120.4105,23.4102],[120.4127,23.4106],[120.414,23.4112],[120.4151,23.411],[120.4163,23.4104],[120.4181,23.4081],[120.4184,23.4063],[120.4196,23.4038],[120.4203,23.4038],[120.4211,23.4061],[120.4221,23.4071],[120.4234,23.4064],[120.426,23.4069],[120.4276,23.4064],[120.4288,23.4073],[120.4297,23.4065],[120.4305,23.4066],[120.4316,23.4077],[120.4321,23.4107],[120.4332,23.4113],[120.4346,23.4113],[120.4345,23.4122],[120.4357,23.4122],[120.4361,23.4128],[120.4371,23.4124],[120.4375,23.4131],[120.4384,23.4134],[120.4394,23.4129],[120.4398,23.4137],[120.4404,23.4131],[120.4416,23.4132],[120.443,23.4124],[120.4444,23.4111],[120.4474,23.4098],[120.4501,23.4092],[120.4518,23.4083],[120.4527,23.4068],[120.4541,23.4063],[120.4538,23.407],[120.4555,23.4067],[120.4573,23.4054],[120.4591,23.4047],[120.4609,23.4047],[120.4608,23.4037],[120.4622,23.4022],[120.465,23.4008],[120.4669,23.4006],[120.4675,23.4011],[120.4688,23.4005],[120.4695,23.3994],[120.471,23.3989],[120.4722,23.3981],[120.4732,23.3982],[120.4741,23.3973],[120.4743,23.396],[120.4761,23.394],[120.4761,23.3935],[120.4753,23.3914],[120.4756,23.3908],[120.4775,23.3907],[120.4784,23.3896],[120.4794,23.3876],[120.4807,23.3892],[120.4827,23.3895],[120.4834,23.3901],[120.4838,23.3913],[120.4857,23.3914],[120.4853,23.3928],[120.4863,23.3931],[120.487,23.3924],[120.4879,23.393],[120.4892,23.3925],[120.4887,23.3936],[120.4899,23.3946],[120.49,23.3954],[120.4909,23.3956],[120.4934,23.3948],[120.4938,23.395],[120.4948,23.3933],[120.4956,23.3932],[120.4975,23.3912],[120.4971,23.3894],[120.4992,23.3879],[120.4979,23.3855],[120.4968,23.3842],[120.4958,23.3839],[120.4945,23.3843],[120.4927,23.3832],[120.4912,23.3826],[120.4903,23.3831],[120.4893,23.3819],[120.4878,23.3811],[120.4854,23.3802],[120.4844,23.3795],[120.4838,23.3782],[120.4834,23.3758],[120.4835,23.3747],[120.483,23.373],[120.483,23.3716],[120.4839,23.3706],[120.4839,23.3696],[120.4854,23.3698],[120.4871,23.371],[120.4874,23.3721],[120.4882,23.373],[120.4895,23.3728],[120.4901,23.3711],[120.4914,23.3725],[120.4944,23.3695],[120.4962,23.3699],[120.4973,23.3689],[120.4987,23.3687],[120.4995,23.368],[120.5014,23.3677],[120.5022,23.3682],[120.5026,23.3695],[120.5035,23.3689],[120.5048,23.3689],[120.5049,23.3675],[120.5067,23.3671],[120.5071,23.3661],[120.5089,23.3646],[120.5099,23.3649],[120.5105,23.3644],[120.5102,23.3633],[120.5105,23.3624],[120.5111,23.3624],[120.5113,23.3605],[120.5121,23.3606],[120.5124,23.3598],[120.5122,23.3582],[120.5124,23.3557],[120.5108,23.354],[120.508,23.3528],[120.5075,23.3539],[120.5057,23.3554],[120.5048,23.3548],[120.5036,23.351],[120.5037,23.3495],[120.5047,23.3491],[120.5045,23.3465],[120.5056,23.3457],[120.5051,23.3448],[120.5066,23.3442],[120.5077,23.343],[120.5096,23.3434],[120.5102,23.344],[120.512,23.3441],[120.514,23.3439],[120.5151,23.3433],[120.5155,23.3438],[120.517,23.3425],[120.5178,23.3426],[120.5186,23.342],[120.5207,23.3419],[120.5212,23.3406],[120.5231,23.3407],[120.5238,23.34],[120.5245,23.3383],[120.525,23.3382],[120.5259,23.3392],[120.5269,23.3394],[120.5276,23.3386],[120.5303,23.3381],[120.5315,23.3368],[120.5328,23.3364],[120.5337,23.3365],[120.534,23.3358],[120.5368,23.3333],[120.5374,23.3317],[120.5384,23.3301],[120.54,23.3279],[120.5371,23.3265],[120.536,23.3243],[120.5338,23.322],[120.532,23.3211],[120.5315,23.3179],[120.5307,23.317],[120.5301,23.3173],[120.5283,23.3159],[120.5273,23.3146],[120.5239,23.3133],[120.5226,23.3119],[120.5228,23.3101],[120.5234,23.3087],[120.5234,23.3064],[120.5241,23.3034],[120.5239,23.3024],[120.5245,23.3013],[120.5257,23.2982],[120.5263,23.2958],[120.526,23.2922],[120.5245,23.2915],[120.5238,23.2901],[120.5226,23.2893],[120.5218,23.2879],[120.5222,23.2861],[120.5229,23.2846],[120.5226,23.283],[120.5227,23.2814],[120.5211,23.2799],[120.5219,23.2766],[120.5217,23.2758],[120.5222,23.274],[120.5204,23.2718],[120.5222,23.2703],[120.5225,23.2693],[120.5261,23.2665],[120.5262,23.265],[120.5267,23.264],[120.5279,23.2631],[120.5284,23.2622],[120.5287,23.2602],[120.5292,23.2595],[120.5293,23.258],[120.5306,23.2573],[120.5307,23.256],[120.5323,23.2551],[120.5315,23.2534],[120.5315,23.252],[120.5309,23.2511],[120.5306,23.2494],[120.53,23.2479],[120.5291,23.2473],[120.5279,23.2454],[120.5243,23.2421],[120.5227,23.2412],[120.5209,23.2404],[120.519,23.2393],[120.5198,23.2378],[120.5206,23.2376],[120.5232,23.235],[120.5235,23.2341],[120.5257,23.2315],[120.5268,23.2309],[120.5279,23.232],[120.5294,23.2325],[120.5312,23.2318],[120.532,23.2297],[120.5341,23.229],[120.5362,23.2292],[120.5398,23.2277],[120.5415,23.2278],[120.5424,23.227],[120.544,23.2266],[120.5487,23.2238],[120.5498,23.2213],[120.5505,23.2207],[120.5524,23.2203],[120.5536,23.2188],[120.5543,23.2187],[120.5549,23.2176],[120.5575,23.2172],[120.5581,23.2168],[120.5614,23.2174],[120.5638,23.2202],[120.5653,23.221],[120.5673,23.2198],[120.569,23.2195],[120.571,23.2182],[120.5725,23.2178],[120.5747,23.2178],[120.5778,23.2156],[120.5782,23.2148],[120.5792,23.2169],[120.5797,23.219],[120.5801,23.2195],[120.582,23.2201],[120.5829,23.2214],[120.5849,23.2232],[120.5865,23.2241],[120.589,23.2303],[120.5899,23.2314],[120.5901,23.2339],[120.5908,23.2352],[120.5917,23.2361],[120.5921,23.2373],[120.5924,23.2397],[120.5938,23.2394],[120.5957,23.2369],[120.5964,23.235],[120.5966,23.2331],[120.5964,23.2317],[120.5969,23.2297],[120.5974,23.2289],[120.5988,23.228],[120.6003,23.2276],[120.6027,23.2261],[120.606,23.2259],[120.6082,23.2247],[120.6097,23.2227],[120.6116,23.2228],[120.6129,23.224],[120.6153,23.2235],[120.6168,23.2235],[120.6186,23.2257],[120.6196,23.2258],[120.6222,23.2266],[120.625,23.2273],[120.6262,23.2286],[120.6282,23.2294],[120.6296,23.2291],[120.6311,23.2295],[120.632,23.2289],[120.6334,23.2286],[120.6344,23.2291],[120.6355,23.2284],[120.6389,23.2279],[120.641,23.2265],[120.6427,23.2256],[120.6442,23.2253],[120.6454,23.2264],[120.6469,23.2271],[120.6481,23.2265],[120.648,23.2258],[120.6514,23.2241],[120.6534,23.2245],[120.6544,23.2243]]]]}},{"type":"Feature","properties":{"name":"高雄市","nameEn":"Kaohsiung City","code":"64000"},"geometry":{"type":"MultiPolygon","coordinates":[[[[121.0145,23.435],[121.0139,23.4338],[121.0129,23.4331],[121.0142,23.4309],[121.0166,23.431],[121.0173,23.4305],[121.019,23.4303],[121.0198,23.4297],[121.0211,23.4294],[121.0223,23.4274],[121.0223,23.4255],[121.0227,23.4248],[121.026,23.4241],[121.0274,23.4232],[121.0292,23.4228],[121.0295,23.4222],[121.0294,23.4202],[121.0284,23.4185],[121.0277,23.4163],[121.0263,23.4151],[121.0249,23.4146],[121.0271,23.4128],[121.0269,23.4118],[121.0274,23.4097],[121.0273,23.4081],[121.0267,23.406],[121.0281,23.4045],[121.0283,23.4038],[121.0271,23.403],[121.026,23.4029],[121.0226,23.4003],[121.0215,23.4],[121.0212,23.4007],[121.0191,23.4014],[121.0181,23.4001],[121.0167,23.3988],[121.0155,23.3971],[121.0146,23.3966],[121.0117,23.3959],[121.0105,23.3951],[121.0088,23.3955],[121.008,23.3966],[121.0064,23.3966],[121.005,23.396],[121.0032,23.3948],[121.0011,23.3917],[121.0037,23.3889],[121.0048,23.3882],[121.007,23.3873],[121.0077,23.3867],[121.0077,23.3847],[121.0069,23.384],[121.0053,23.3834],[121.0029,23.3831],[121.0001,23.3824],[120.9993,23.3811],[120.9976,23.38],[120.9968,23.3787],[120.9939,23.3759],[120.9924,23.3737],[120.9923,23.373],[120.9912,23.3714],[120.9901,23.3709],[120.9881,23.3707],[120.9868,23.3658],[120.9866,23.3634],[120.987,23.3609],[120.9871,23.3587],[120.989,23.3583],[120.9912,23.3572],[120.9922,23.3572],[120.9947,23.3564],[120.9988,23.3568],[121.0001,23.3565],[121.0029,23.355],[121.0033,23.3545],[121.0076,23.352],[121.008,23.3504],[121.0075,23.3492],[121.0088,23.3471],[121.0101,23.3459],[121.0117,23.3458],[121.0152,23.3463],[121.0175,23.3481],[121.0183,23.3502],[121.02,23.3504],[121.0207,23.3495],[121.0223,23.3483],[121.0224,23.3461],[121.0233,23.3434],[121.0247,23.3399],[121.027,23.3376],[121.0282,23.3372],[121.03,23.3373],[121.0315,23.3364],[121.0322,23.3345],[121.0328,23.3339],[121.0349,23.3339],[121.0365,23.3335],[121.0379,23.3321],[121.039,23.3297],[121.0394,23.3291],[121.0418,23.328],[121.0436,23.3281],[121.0456,23.3275],[121.0482,23.3259],[121.049,23.3247],[121.0488,23.3229],[121.0472,23.32],[121.0478,23.3169],[121.0481,23.3146],[121.0478,23.313],[121.0469,23.3121],[121.0464,23.3103],[121.0464,23.3091],[121.0458,23.3082],[121.0442,23.3075],[121.0417,23.307],[121.0405,23.3061],[121.0362,23.3038],[121.0343,23.3042],[121.0319,23.3037],[121.032,23.3026],[121.0314,23.3004],[121.0299,23.2984],[121.0283,23.2971],[121.0265,23.2966],[121.0256,23.296],[121.0247,23.2944],[121.0237,23.2937],[121.0201,23.2946],[121.019,23.2934],[121.0172,23.2928],[121.0108,23.2928],[121.0098,23.2925],[121.0084,23.2913],[121.0069,23.2912],[121.0056,23.2906],[121.0014,23.2874],[120.9993,23.2869],[120.9955,23.2853],[120.994,23.2844],[120.9911,23.2842],[120.9904,23.2839],[120.9878,23.2808],[120.9861,23.2803],[120.9841,23.2811],[120.9809,23.2816],[120.979,23.2823],[120.9772,23.2819],[120.9737,23.2818],[120.9726,23.2822],[120.9703,23.2806],[120.9687,23.2779],[120.9677,23.2776],[120.9661,23.2766],[120.9647,23.2747],[120.9634,23.2721],[120.9619,23.2714],[120.9597,23.2708],[120.9591,23.2698],[120.9582,23.2654],[120.9574,23.2642],[120.9548,23.2622],[120.9536,23.2608],[120.9525,23.2605],[120.9511,23.2595],[120.9497,23.2577],[120.949,23.2559],[120.9477,23.2549],[120.9467,23.2531],[120.9459,23.2528],[120.9413,23.2519],[120.9396,23.2492],[120.9383,23.2475],[120.9379,23.2449],[120.9353,23.2439],[120.934,23.2438],[120.9317,23.2426],[120.9306,23.2425],[120.9296,23.2428],[120.9272,23.2446],[120.9261,23.2444],[120.9237,23.2418],[120.9217,23.2417],[120.9213,23.2411],[120.9194,23.241],[120.9178,23.2396],[120.9172,23.2383],[120.916,23.2381],[120.9155,23.2375],[120.9143,23.2325],[120.9118,23.2284],[120.9116,23.2272],[120.9121,23.2251],[120.9117,23.2209],[120.912,23.217],[120.9118,23.2132],[120.9117,23.2102],[120.9114,23.2089],[120.9105,23.2081],[120.9088,23.2077],[120.9076,23.2071],[120.9066,23.2054],[120.9065,23.2033],[120.9072,23.2011],[120.9057,23.1996],[120.9064,23.1967],[120.9081,23.1946],[120.9097,23.1935],[120.9109,23.1922],[120.9125,23.1868],[120.9115,23.1854],[120.9113,23.1828],[120.9099,23.1802],[120.9091,23.1798],[120.9059,23.1806],[120.9017,23.1786],[120.9002,23.1771],[120.8984,23.1763],[120.8986,23.174],[120.8983,23.1731],[120.8964,23.1723],[120.8959,23.1714],[120.8955,23.1685],[120.8956,23.1656],[120.8948,23.1626],[120.895,23.1607],[120.892,23.1591],[120.8906,23.1586],[120.8874,23.1582],[120.887,23.1579],[120.8865,23.1558],[120.8833,23.1534],[120.8794,23.1526],[120.8767,23.1516],[120.8766,23.1509],[120.8781,23.1496],[120.8795,23.1486],[120.8811,23.1465],[120.8836,23.1451],[120.8856,23.1446],[120.8866,23.1408],[120.8878,23.1371],[120.8879,23.1364],[120.8862,23.1319],[120.8863,23.1307],[120.8859,23.1295],[120.886,23.128],[120.8865,23.1262],[120.8878,23.1232],[120.8877,23.1218],[120.885,23.12],[120.8851,23.1185],[120.8863,23.1165],[120.8868,23.1136],[120.8875,23.1125],[120.8887,23.1116],[120.8894,23.1104],[120.8891,23.1071],[120.8881,23.1042],[120.8892,23.1005],[120.8878,23.0967],[120.8866,23.0949],[120.8856,23.0926],[120.8858,23.0896],[120.8851,23.0883],[120.8836,23.0866],[120.8826,23.0833],[120.8813,23.0821],[120.8805,23.0808],[120.8794,23.0799],[120.879,23.0791],[120.8781,23.0782],[120.8769,23.0757],[120.876,23.0705],[120.8753,23.0685],[120.8742,23.067],[120.8731,23.0659],[120.8705,23.0614],[120.8693,23.0599],[120.87,23.0578],[120.8716,23.0547],[120.8724,23.0545],[120.8737,23.0534],[120.8746,23.0521],[120.8745,23.0511],[120.8772,23.0496],[120.8787,23.049],[120.8797,23.0478],[120.8802,23.0457],[120.8813,23.0442],[120.8814,23.0419],[120.8808,23.04],[120.8801,23.0361],[120.8795,23.0347],[120.8781,23.0343],[120.8764,23.0342],[120.8726,23.0345],[120.8711,23.0341],[120.8701,23.0335],[120.8662,23.0323],[120.8643,23.0325],[120.8634,23.0323],[120.8616,23.0308],[120.861,23.0294],[120.8607,23.0279],[120.8607,23.026],[120.862,23.0221],[120.8617,23.0202],[120.8619,23.0189],[120.8614,23.0179],[120.8616,23.0167],[120.8611,23.014],[120.8613,23.0132],[120.8605,23.0105],[120.8607,23.0081],[120.8582,23.0051],[120.8563,23.0048],[120.8545,23.0054],[120.8538,23.0049],[120.851,23.005],[120.852,23.0033],[120.8522,23.0019],[120.8521,22.9999],[120.8508,22.9982],[120.8501,22.9964],[120.8486,22.9943],[120.8477,22.994],[120.847,22.9929],[120.8453,22.9924],[120.8422,22.9912],[120.8414,22.9899],[120.8419,22.9879],[120.8417,22.985],[120.8412,22.984],[120.84,22.9836],[120.8387,22.9827],[120.8358,22.9818],[120.8345,22.9808],[120.8329,22.9808],[120.8322,22.9801],[120.8316,22.9779],[120.8307,22.9758],[120.8293,22.9751],[120.8289,22.9735],[120.8301,22.97],[120.8278,22.9683],[120.8257,22.9673],[120.825,22.9665],[120.8222,22.9646],[120.8223,22.9637],[120.8209,22.9623],[120.8209,22.9609],[120.8228,22.9564],[120.823,22.9549],[120.8242,22.9539],[120.8248,22.9525],[120.8236,22.9505],[120.8233,22.9492],[120.8226,22.9482],[120.8218,22.9451],[120.822,22.9432],[120.8215,22.9389],[120.8222,22.9367],[120.8219,22.935],[120.8235,22.9332],[120.8247,22.9313],[120.8254,22.9298],[120.8266,22.9286],[120.8278,22.9256],[120.8292,22.9208],[120.831,22.9202],[120.8315,22.9196],[120.8326,22.9138],[120.8333,22.9123],[120.8323,22.911],[120.8308,22.9105],[120.83,22.9095],[120.8285,22.9052],[120.8287,22.904],[120.8306,22.9018],[120.8321,22.901],[120.8335,22.8998],[120.8332,22.8982],[120.8342,22.8962],[120.8347,22.894],[120.8352,22.8928],[120.8369,22.8915],[120.8382,22.8899],[120.8387,22.8877],[120.8388,22.8846],[120.8399,22.8826],[120.842,22.8812],[120.8479,22.8796],[120.8521,22.8781],[120.8552,22.8787],[120.8584,22.8783],[120.8597,22.8784],[120.8612,22.8761],[120.8625,22.8751],[120.865,22.8722],[120.865,22.8712],[120.8655,22.8697],[120.8642,22.8667],[120.8635,22.8661],[120.8622,22.8657],[120.8598,22.8641],[120.8592,22.8634],[120.8617,22.8614],[120.8694,22.858],[120.8693,22.8566],[120.8672,22.8547],[120.8666,22.8533],[120.8682,22.8513],[120.8683,22.8505],[120.8677,22.8496],[120.8656,22.8471],[120.8649,22.8453],[120.8646,22.8431],[120.8636,22.8441],[120.8628,22.8455],[120.8625,22.8468],[120.8597,22.8487],[120.8594,22.8495],[120.8599,22.8515],[120.857,22.853],[120.8562,22.8551],[120.8545,22.8561],[120.8532,22.8576],[120.8514,22.8556],[120.849,22.8533],[120.8484,22.8519],[120.8472,22.852],[120.8438,22.8534],[120.843,22.8542],[120.8412,22.8573],[120.8416,22.8589],[120.8409,22.8604],[120.8399,22.8617],[120.8388,22.8625],[120.8372,22.8642],[120.8349,22.8648],[120.833,22.8663],[120.8301,22.8658],[120.8283,22.8658],[120.8261,22.8664],[120.8243,22.8664],[120.823,22.8657],[120.8201,22.8631],[120.8191,22.8623],[120.8159,22.8621],[120.8142,22.8604],[120.8137,22.859],[120.8138,22.8577],[120.8119,22.8571],[120.8071,22.8549],[120.8051,22.8534],[120.8026,22.8524],[120.8011,22.851],[120.7998,22.851],[120.798,22.8517],[120.7957,22.8518],[120.7941,22.8522],[120.7933,22.852],[120.7927,22.8508],[120.7917,22.8484],[120.7921,22.8452],[120.793,22.8423],[120.7927,22.8411],[120.7902,22.8401],[120.7887,22.8402],[120.7858,22.8399],[120.7844,22.8387],[120.7821,22.8365],[120.78,22.8354],[120.7787,22.8352],[120.776,22.8365],[120.7744,22.8377],[120.7739,22.8385],[120.7729,22.8411],[120.7715,22.8419],[120.7707,22.8435],[120.7699,22.8446],[120.7685,22.8452],[120.7659,22.8487],[120.7644,22.8489],[120.764,22.8493],[120.7638,22.8517],[120.763,22.8546],[120.7622,22.8568],[120.7588,22.8609],[120.7566,22.8622],[120.7559,22.863],[120.7553,22.8644],[120.7539,22.8652],[120.7523,22.8647],[120.7493,22.8657],[120.7466,22.8678],[120.7463,22.8692],[120.7442,22.8712],[120.7427,22.8736],[120.7411,22.8741],[120.7375,22.8743],[120.7332,22.8753],[120.7309,22.8763],[120.727,22.879],[120.725,22.8808],[120.7221,22.8813],[120.7205,22.882],[120.7171,22.881],[120.7135,22.8808],[120.7111,22.8812],[120.7098,22.8811],[120.7083,22.8816],[120.7057,22.8812],[120.7045,22.8807],[120.7025,22.8792],[120.702,22.8774],[120.7014,22.8765],[120.6989,22.8743],[120.6979,22.8731],[120.692,22.8685],[120.6919,22.8677],[120.6905,22.8649],[120.6862,22.8647],[120.684,22.8635],[120.6819,22.8632],[120.6792,22.863],[120.6788,22.8627],[120.6781,22.8595],[120.6767,22.8573],[120.6748,22.8567],[120.6721,22.8564],[120.6699,22.8569],[120.6686,22.8587],[120.6665,22.8589],[120.6643,22.8588],[120.6609,22.8597],[120.6595,22.8619],[120.6593,22.8642],[120.6586,22.8661],[120.6597,22.8699],[120.6594,22.8715],[120.6584,22.8743],[120.6583,22.8785],[120.6581,22.8797],[120.6565,22.8813],[120.6549,22.8815],[120.6532,22.8804],[120.6523,22.8795],[120.6518,22.8781],[120.651,22.8772],[120.6494,22.877],[120.6484,22.8771],[120.6479,22.8779],[120.6476,22.8807],[120.6465,22.8838],[120.645,22.8852],[120.6404,22.8831],[120.637,22.8823],[120.6344,22.8807],[120.6304,22.8799],[120.6283,22.8793],[120.626,22.8783],[120.6225,22.8763],[120.6206,22.8756],[120.6167,22.8768],[120.6151,22.8767],[120.6129,22.8761],[120.6058,22.8732],[120.6023,22.8707],[120.5981,22.8669],[120.5953,22.8637],[120.5941,22.8627],[120.5856,22.8565],[120.5764,22.8494],[120.5748,22.8482],[120.5707,22.8444],[120.5696,22.8432],[120.5667,22.8384],[120.5636,22.8353],[120.5615,22.8338],[120.5576,22.8321],[120.5542,22.8288],[120.5523,22.8283],[120.548,22.8284],[120.5441,22.8298],[120.5422,22.8294],[120.5414,22.8296],[120.5382,22.8292],[120.5364,22.8293],[120.5351,22.8297],[120.534,22.8306],[120.531,22.8308],[120.5298,22.8317],[120.5306,22.833],[120.5275,22.8322],[120.5243,22.832],[120.5235,22.8329],[120.5201,22.8324],[120.5199,22.8314],[120.5171,22.8314],[120.5157,22.8316],[120.5136,22.8308],[120.51,22.8285],[120.5089,22.8296],[120.5056,22.8311],[120.5051,22.8315],[120.5034,22.8317],[120.5,22.8312],[120.4977,22.8317],[120.4964,22.8325],[120.4939,22.8368],[120.4927,22.8373],[120.4915,22.837],[120.4928,22.8357],[120.4908,22.8353],[120.4883,22.8358],[120.4854,22.8355],[120.4823,22.836],[120.4817,22.8373],[120.4804,22.8377],[120.4791,22.8368],[120.4773,22.838],[120.4762,22.8382],[120.4742,22.8369],[120.4722,22.8339],[120.47,22.8315],[120.4688,22.8307],[120.4692,22.825],[120.4682,22.8237],[120.4675,22.8224],[120.4673,22.8184],[120.4674,22.8155],[120.4662,22.8141],[120.4655,22.8128],[120.4654,22.8105],[120.4651,22.8075],[120.4644,22.8042],[120.464,22.8003],[120.4626,22.7966],[120.4614,22.7945],[120.4599,22.7905],[120.4581,22.787],[120.4575,22.7855],[120.456,22.7802],[120.4557,22.7751],[120.4554,22.7737],[120.4541,22.7712],[120.4538,22.7696],[120.4538,22.7675],[120.4544,22.7642],[120.4538,22.7615],[120.454,22.7579],[120.4537,22.7566],[120.4542,22.7536],[120.4543,22.7487],[120.4546,22.7477],[120.4547,22.744],[120.4549,22.7396],[120.4557,22.7341],[120.456,22.7306],[120.456,22.723],[120.4557,22.7185],[120.4549,22.714],[120.453,22.7066],[120.4528,22.7042],[120.4513,22.7001],[120.4511,22.698],[120.4506,22.6962],[120.4488,22.6912],[120.4475,22.6883],[120.4463,22.6872],[120.4448,22.6864],[120.4426,22.6846],[120.4397,22.6785],[120.4402,22.6746],[120.44,22.673],[120.4379,22.6671],[120.4366,22.665],[120.4361,22.6613],[120.4359,22.656],[120.4362,22.6481],[120.4353,22.6403],[120.4354,22.6338],[120.4359,22.6317],[120.4358,22.6304],[120.4337,22.6246],[120.4335,22.6232],[120.4335,22.6208],[120.4337,22.6176],[120.4346,22.6134],[120.4367,22.6089],[120.4375,22.6073],[120.439,22.6058],[120.4406,22.605],[120.4427,22.6033],[120.4448,22.6007],[120.4458,22.5988],[120.4466,22.5945],[120.447,22.5895],[120.447,22.5862],[120.4456,22.5792],[120.4449,22.5733],[120.4441,22.5688],[120.4435,22.5672],[120.4427,22.5623],[120.442,22.5601],[120.441,22.558],[120.439,22.555],[120.4378,22.552],[120.4366,22.5476],[120.4351,22.5466],[120.4331,22.5459],[120.4313,22.5447],[120.4307,22.5435],[120.4292,22.5386],[120.4272,22.5335],[120.4257,22.53],[120.4251,22.5285],[120.4246,22.5244],[120.4229,22.5185],[120.4228,22.5149],[120.423,22.511],[120.4237,22.5065],[120.4248,22.5015],[120.4257,22.4982],[120.4252,22.4941],[120.4251,22.4911],[120.4239,22.48],[120.4244,22.4687],[120.4229,22.4688],[120.4208,22.4685],[120.4139,22.4705],[120.4109,22.4707],[120.4076,22.4717],[120.4055,22.4727],[120.4019,22.4739],[120.4009,22.4749],[120.3984,22.4756],[120.3957,22.477],[120.3937,22.479],[120.3897,22.4817],[120.3869,22.483],[120.3849,22.4849],[120.381,22.4869],[120.3795,22.4875],[120.3775,22.4888],[120.3732,22.4912],[120.3715,22.4928],[120.3643,22.4982],[120.3599,22.5011],[120.3587,22.5007],[120.3589,22.5022],[120.3559,22.5043],[120.3549,22.506],[120.351,22.5095],[120.3466,22.5124],[120.3435,22.5147],[120.3419,22.5152],[120.339,22.5172],[120.3337,22.5214],[120.3361,22.5237],[120.3369,22.5251],[120.3334,22.5288],[120.3253,22.5235],[120.3263,22.53],[120.3299,22.533],[120.3314,22.5329],[120.3295,22.5338],[120.3256,22.5305],[120.3252,22.5301],[120.3242,22.5228],[120.3124,22.5149],[120.2886,22.5438],[120.2863,22.5436],[120.2862,22.5438],[120.2888,22.544],[120.2934,22.5384],[120.297,22.5409],[120.3037,22.5327],[120.3076,22.5354],[120.3168,22.5242],[120.3218,22.5278],[120.3075,22.5453],[120.3068,22.5452],[120.3028,22.5456],[120.3018,22.5458],[120.2985,22.5475],[120.2992,22.549],[120.3007,22.5513],[120.3034,22.5543],[120.3028,22.5578],[120.2858,22.5779],[120.2845,22.5781],[120.2824,22.5808],[120.2784,22.5844],[120.2713,22.5928],[120.2704,22.5942],[120.2698,22.5957],[120.2686,22.5968],[120.2676,22.5981],[120.2668,22.6],[120.2638,22.6019],[120.263,22.6014],[120.2632,22.6036],[120.2637,22.6051],[120.2652,22.6066],[120.266,22.6088],[120.2656,22.6108],[120.2642,22.6114],[120.2632,22.6103],[120.263,22.6113],[120.2632,22.6128],[120.2623,22.614],[120.2561,22.6177],[120.2567,22.6209],[120.2633,22.6241],[120.2635,22.6262],[120.263,22.6279],[120.2625,22.6283],[120.261,22.6315],[120.26,22.632],[120.2593,22.6339],[120.2575,22.6351],[120.2561,22.6362],[120.2551,22.6396],[120.254,22.6405],[120.2538,22.6416],[120.2517,22.6452],[120.2513,22.6468],[120.2511,22.6493],[120.2499,22.6507],[120.2499,22.6517],[120.2506,22.6526],[120.2507,22.6549],[120.2503,22.6565],[120.2509,22.6596],[120.2514,22.6606],[120.2512,22.6619],[120.2526,22.664],[120.253,22.665],[120.2553,22.6669],[120.2564,22.6686],[120.2593,22.669],[120.2608,22.6706],[120.2626,22.6727],[120.2636,22.6732],[120.2645,22.6752],[120.2645,22.6778],[120.2643,22.6786],[120.2644,22.6809],[120.2641,22.6825],[120.2631,22.684],[120.2635,22.6862],[120.2628,22.689],[120.2618,22.6893],[120.2581,22.6893],[120.2581,22.6956],[120.2601,22.6965],[120.261,22.6963],[120.2621,22.6975],[120.2622,22.6982],[120.2616,22.7015],[120.2587,22.7088],[120.2568,22.7124],[120.2571,22.7143],[120.2558,22.7141],[120.2568,22.7149],[120.2563,22.7173],[120.2565,22.7184],[120.255,22.7196],[120.2537,22.7228],[120.2528,22.7241],[120.2514,22.7237],[120.2498,22.7242],[120.2494,22.7261],[120.2504,22.7268],[120.2503,22.7279],[120.2497,22.7285],[120.2453,22.7378],[120.2454,22.7388],[120.244,22.742],[120.2436,22.7432],[120.2422,22.7454],[120.2393,22.7515],[120.2382,22.7528],[120.2362,22.7569],[120.235,22.7587],[120.2346,22.7599],[120.234,22.7604],[120.2329,22.76],[120.2312,22.7607],[120.2309,22.7619],[120.2324,22.7625],[120.2327,22.7646],[120.2322,22.7664],[120.2306,22.769],[120.2291,22.7733],[120.2277,22.7754],[120.2257,22.7802],[120.2229,22.7855],[120.2226,22.7867],[120.2206,22.7905],[120.2201,22.7925],[120.2193,22.7938],[120.2192,22.7947],[120.2176,22.7979],[120.2159,22.8019],[120.2154,22.8042],[120.2142,22.8049],[120.2123,22.8076],[120.208,22.8068],[120.2038,22.8063],[120.1979,22.8052],[120.1933,22.8074],[120.1902,22.8136],[120.1905,22.8153],[120.206,22.8202],[120.2062,22.8208],[120.2072,22.8211],[120.2072,22.8229],[120.2062,22.8254],[120.2052,22.8252],[120.2036,22.8299],[120.2005,22.8385],[120.2013,22.8387],[120.199,22.8435],[120.1981,22.8436],[120.1982,22.8446],[120.1981,22.8446],[120.1965,22.8447],[120.1941,22.8471],[120.1929,22.8485],[120.1953,22.85],[120.1946,22.8528],[120.1929,22.8564],[120.1928,22.8571],[120.1916,22.8583],[120.1894,22.858],[120.1892,22.8584],[120.1933,22.8593],[120.1931,22.86],[120.1913,22.8598],[120.1897,22.8607],[120.1903,22.864],[120.1929,22.8648],[120.1923,22.866],[120.1922,22.8672],[120.1901,22.8732],[120.1877,22.8788],[120.1864,22.8816],[120.1862,22.8825],[120.1844,22.8861],[120.184,22.8878],[120.1829,22.8895],[120.1818,22.8923],[120.1802,22.8954],[120.179,22.8994],[120.1784,22.9007],[120.1771,22.9045],[120.1747,22.9103],[120.1747,22.9117],[120.1768,22.9123],[120.1789,22.9143],[120.1825,22.9171],[120.1866,22.9196],[120.1892,22.9207],[120.191,22.9205],[120.1921,22.9212],[120.1933,22.9209],[120.1959,22.9196],[120.2018,22.9157],[120.2039,22.9149],[120.206,22.9147],[120.2081,22.9152],[120.2111,22.9125],[120.2122,22.9117],[120.2144,22.9105],[120.2181,22.9096],[120.2201,22.9096],[120.221,22.91],[120.2226,22.9113],[120.2259,22.9155],[120.2267,22.9163],[120.2287,22.917],[120.2304,22.9167],[120.2317,22.9154],[120.2314,22.9123],[120.2316,22.9087],[120.2321,22.9067],[120.2332,22.9054],[120.2362,22.9051],[120.2401,22.9043],[120.2429,22.9035],[120.2453,22.9013],[120.2476,22.8982],[120.2496,22.8966],[120.2526,22.8949],[120.2542,22.8943],[120.2565,22.894],[120.2586,22.895],[120.2589,22.8966],[120.2569,22.899],[120.2569,22.9001],[120.2579,22.9016],[120.2605,22.9018],[120.2637,22.8999],[120.2667,22.8986],[120.2696,22.8968],[120.2727,22.8955],[120.2743,22.8952],[120.2766,22.8955],[120.2764,22.8961],[120.2795,22.8963],[120.2793,22.8983],[120.278,22.9013],[120.2777,22.9036],[120.278,22.9044],[120.2799,22.9049],[120.2846,22.9047],[120.2872,22.9041],[120.2933,22.9029],[120.2965,22.902],[120.2991,22.9011],[120.3034,22.9004],[120.3091,22.9006],[120.3135,22.8999],[120.3157,22.8991],[120.3168,22.8982],[120.3183,22.896],[120.3192,22.8951],[120.3201,22.895],[120.3209,22.8956],[120.3225,22.8979],[120.3234,22.8989],[120.324,22.9002],[120.3249,22.9005],[120.327,22.8985],[120.3286,22.8947],[120.3308,22.8907],[120.3325,22.8893],[120.335,22.8894],[120.3413,22.8893],[120.3428,22.8897],[120.3451,22.8894],[120.3489,22.8906],[120.3497,22.8904],[120.351,22.8891],[120.3516,22.8875],[120.3521,22.8877],[120.3516,22.8889],[120.3521,22.8894],[120.3545,22.89],[120.3552,22.8904],[120.3546,22.891],[120.3534,22.8911],[120.3534,22.8924],[120.3552,22.8918],[120.3546,22.8925],[120.3551,22.8938],[120.3564,22.8927],[120.3571,22.8931],[120.357,22.8941],[120.3577,22.8946],[120.358,22.8959],[120.3599,22.897],[120.3611,22.8979],[120.3615,22.8989],[120.3614,22.9007],[120.3605,22.8997],[120.3592,22.9002],[120.3595,22.9014],[120.3609,22.9015],[120.362,22.9009],[120.3625,22.902],[120.3634,22.9023],[120.3642,22.9018],[120.366,22.9022],[120.3656,22.9034],[120.3657,22.9045],[120.3663,22.9051],[120.3673,22.9052],[120.3682,22.9039],[120.369,22.9057],[120.3711,22.9072],[120.3716,22.9065],[120.3725,22.9067],[120.3724,22.908],[120.3731,22.9093],[120.3718,22.9108],[120.3712,22.9123],[120.3717,22.9128],[120.373,22.9124],[120.3738,22.9141],[120.3768,22.9149],[120.3765,22.9161],[120.3772,22.9167],[120.3775,22.9182],[120.3804,22.9186],[120.3805,22.9201],[120.3818,22.9199],[120.3819,22.9211],[120.3832,22.9199],[120.3851,22.9189],[120.3869,22.9183],[120.3886,22.9206],[120.3892,22.9203],[120.3907,22.9217],[120.3922,22.9223],[120.394,22.9221],[120.3959,22.9227],[120.3977,22.9223],[120.399,22.9223],[120.3999,22.9214],[120.4004,22.919],[120.4019,22.9182],[120.4036,22.9183],[120.4053,22.9182],[120.4059,22.9166],[120.4057,22.9158],[120.4063,22.9146],[120.4087,22.9123],[120.4097,22.9138],[120.4106,22.9143],[120.4132,22.9153],[120.4152,22.9156],[120.4165,22.9164],[120.4177,22.9186],[120.4176,22.9197],[120.4189,22.922],[120.42,22.923],[120.4199,22.9241],[120.4208,22.9251],[120.4212,22.9263],[120.4221,22.9276],[120.422,22.9294],[120.4226,22.9299],[120.4228,22.931],[120.4237,22.9322],[120.4249,22.9332],[120.4245,22.9337],[120.4258,22.9362],[120.4255,22.938],[120.4261,22.9393],[120.4284,22.9405],[120.4284,22.9421],[120.4294,22.944],[120.4296,22.9453],[120.4307,22.9484],[120.4317,22.9496],[120.4319,22.9509],[120.4327,22.9525],[120.433,22.9559],[120.4341,22.9573],[120.4349,22.959],[120.436,22.9603],[120.4365,22.9616],[120.4373,22.9623],[120.4378,22.9646],[120.4392,22.9678],[120.4397,22.9683],[120.4409,22.9712],[120.4422,22.9739],[120.4422,22.9758],[120.4426,22.9773],[120.4437,22.9779],[120.4443,22.9793],[120.4452,22.9795],[120.4475,22.9783],[120.4486,22.9775],[120.4496,22.9772],[120.4518,22.9786],[120.4521,22.9779],[120.453,22.9778],[120.4532,22.9786],[120.4547,22.9806],[120.4548,22.9826],[120.4532,22.9848],[120.4536,22.9856],[120.4535,22.9873],[120.4553,22.9911],[120.4569,22.9909],[120.458,22.9902],[120.4596,22.9899],[120.4611,22.9909],[120.4611,22.9922],[120.4603,22.9928],[120.4604,22.9937],[120.4593,22.9949],[120.4591,22.9959],[120.4602,22.9973],[120.4615,22.9981],[120.4605,23.0003],[120.4596,23.0007],[120.4596,23.0018],[120.4609,23.0039],[120.4617,23.004],[120.4627,23.0032],[120.4635,23.0035],[120.4661,23.0033],[120.4672,23.0036],[120.4682,23.0026],[120.4705,23.0024],[120.4716,23.0028],[120.4731,23.0028],[120.475,23.0032],[120.4775,23.0031],[120.4783,23.0035],[120.4798,23.0027],[120.4801,23.003],[120.4794,23.0049],[120.4804,23.0063],[120.4805,23.0076],[120.4811,23.0091],[120.4814,23.0109],[120.481,23.0116],[120.4815,23.0122],[120.4827,23.0156],[120.4841,23.0171],[120.4858,23.0183],[120.492,23.0213],[120.4929,23.0221],[120.495,23.0233],[120.4975,23.0241],[120.4985,23.0253],[120.5002,23.0259],[120.5007,23.0266],[120.5037,23.0286],[120.5054,23.0305],[120.5055,23.0312],[120.5087,23.0348],[120.5105,23.0356],[120.5123,23.0373],[120.5124,23.0378],[120.5142,23.039],[120.5154,23.0404],[120.5163,23.0418],[120.5191,23.044],[120.5202,23.0453],[120.5222,23.0456],[120.5237,23.0477],[120.523,23.0489],[120.523,23.0496],[120.5263,23.0522],[120.527,23.0534],[120.5281,23.054],[120.5302,23.0559],[120.5331,23.0571],[120.5351,23.0574],[120.5366,23.0585],[120.5377,23.0589],[120.5381,23.0595],[120.538,23.0607],[120.5397,23.0619],[120.5414,23.0622],[120.5424,23.0634],[120.5438,23.0633],[120.5456,23.0641],[120.5465,23.0655],[120.5483,23.066],[120.5519,23.0678],[120.5528,23.0678],[120.5545,23.0688],[120.5562,23.0708],[120.5571,23.0714],[120.5579,23.0727],[120.5592,23.0739],[120.5587,23.0753],[120.5604,23.0772],[120.5617,23.0781],[120.5627,23.0784],[120.5634,23.08],[120.5642,23.0805],[120.5654,23.0807],[120.5662,23.0816],[120.5671,23.082],[120.568,23.0837],[120.5691,23.0844],[120.5731,23.0898],[120.5741,23.0903],[120.5748,23.0914],[120.5741,23.0946],[120.5756,23.0956],[120.5764,23.0971],[120.5772,23.0995],[120.5786,23.1009],[120.579,23.1019],[120.5811,23.1051],[120.5825,23.106],[120.5832,23.108],[120.5853,23.1103],[120.5858,23.1112],[120.5869,23.1122],[120.5882,23.1143],[120.5884,23.1185],[120.5889,23.12],[120.5884,23.1224],[120.5886,23.1237],[120.5892,23.1245],[120.5905,23.1272],[120.5929,23.1302],[120.5933,23.1301],[120.5948,23.1318],[120.5953,23.1336],[120.5952,23.1344],[120.5963,23.1369],[120.5975,23.1374],[120.599,23.1411],[120.6005,23.1428],[120.6011,23.1442],[120.6024,23.1443],[120.6038,23.1449],[120.6057,23.1467],[120.6055,23.1484],[120.6074,23.1483],[120.609,23.1493],[120.6105,23.151],[120.6118,23.1517],[120.6123,23.1536],[120.6111,23.1559],[120.6125,23.1573],[120.6134,23.1592],[120.6149,23.1595],[120.6159,23.1609],[120.6166,23.1631],[120.6205,23.1628],[120.6229,23.1639],[120.6246,23.166],[120.6252,23.1678],[120.627,23.168],[120.6278,23.1687],[120.6311,23.1704],[120.6307,23.1719],[120.6294,23.1732],[120.6291,23.1742],[120.6298,23.1745],[120.6327,23.1745],[120.6339,23.175],[120.6353,23.1747],[120.6362,23.1751],[120.6366,23.177],[120.6374,23.1785],[120.6373,23.1804],[120.6383,23.1816],[120.64,23.1826],[120.6411,23.183],[120.6402,23.1834],[120.6384,23.1857],[120.6377,23.1879],[120.6366,23.1901],[120.637,23.1913],[120.638,23.1923],[120.639,23.1927],[120.6396,23.1954],[120.6407,23.1975],[120.641,23.1988],[120.6427,23.2002],[120.6431,23.2011],[120.643,23.2021],[120.6433,23.2033],[120.6447,23.2047],[120.6462,23.2071],[120.6474,23.2073],[120.6484,23.2086],[120.6514,23.2085],[120.6518,23.2102],[120.6531,23.2118],[120.654,23.2155],[120.6551,23.2162],[120.6562,23.2176],[120.6559,23.2212],[120.6552,23.2235],[120.6544,23.2243],[120.6534,23.2245],[120.6518,23.2262],[120.6505,23.2272],[120.6495,23.2286],[120.6495,23.2305],[120.6505,23.233],[120.6501,23.2333],[120.6504,23.2349],[120.6513,23.2358],[120.6507,23.2359],[120.6512,23.2367],[120.6505,23.2371],[120.6509,23.238],[120.6492,23.2405],[120.6494,23.2416],[120.6492,23.2427],[120.6486,23.243],[120.6485,23.246],[120.6492,23.2471],[120.6481,23.2485],[120.6484,23.2493],[120.6477,23.2496],[120.6457,23.2525],[120.6444,23.2537],[120.6442,23.2544],[120.643,23.2556],[120.6421,23.2568],[120.6419,23.2577],[120.6421,23.2606],[120.6418,23.2621],[120.641,23.264],[120.6407,23.2665],[120.6385,23.2688],[120.6383,23.2695],[120.639,23.2704],[120.641,23.2709],[120.6412,23.2715],[120.6406,23.274],[120.6417,23.2746],[120.6432,23.276],[120.643,23.2768],[120.6421,23.2774],[120.6419,23.2785],[120.6426,23.2802],[120.6441,23.282],[120.6434,23.2843],[120.643,23.2866],[120.6419,23.2875],[120.6422,23.2881],[120.6434,23.2889],[120.6437,23.2901],[120.6429,23.2917],[120.6421,23.2925],[120.6424,23.2938],[120.6433,23.2947],[120.6437,23.2961],[120.6468,23.2975],[120.6473,23.2972],[120.6491,23.2934],[120.6506,23.2917],[120.652,23.2912],[120.6545,23.2914],[120.6553,23.2919],[120.6574,23.2952],[120.6581,23.2959],[120.6588,23.2959],[120.6597,23.2948],[120.6618,23.295],[120.662,23.294],[120.6627,23.2935],[120.6639,23.2938],[120.6654,23.2932],[120.6656,23.2941],[120.6673,23.294],[120.6684,23.292],[120.6693,23.2924],[120.6699,23.292],[120.6702,23.2907],[120.6714,23.29],[120.6737,23.2911],[120.676,23.2903],[120.6762,23.2886],[120.6774,23.2878],[120.6784,23.2889],[120.6802,23.2886],[120.6819,23.2876],[120.6839,23.2871],[120.6872,23.2866],[120.6899,23.2853],[120.6918,23.2851],[120.6935,23.2845],[120.6966,23.2843],[120.6995,23.2844],[120.7012,23.2856],[120.7014,23.2869],[120.7026,23.2879],[120.7035,23.2895],[120.7033,23.2903],[120.7026,23.291],[120.7029,23.2918],[120.7023,23.2941],[120.7028,23.2976],[120.7044,23.302],[120.7054,23.3028],[120.7068,23.3047],[120.7094,23.3061],[120.7112,23.3074],[120.7122,23.3087],[120.7163,23.3076],[120.718,23.3081],[120.7206,23.3083],[120.722,23.3081],[120.7261,23.3066],[120.7306,23.3056],[120.7308,23.3078],[120.7302,23.3094],[120.7302,23.3108],[120.7308,23.312],[120.7323,23.3139],[120.7343,23.3151],[120.7363,23.316],[120.7387,23.3164],[120.7401,23.3178],[120.7404,23.3204],[120.7408,23.3209],[120.7422,23.3215],[120.7464,23.3216],[120.7479,23.3219],[120.7501,23.324],[120.7505,23.3255],[120.7511,23.3262],[120.7526,23.3267],[120.7533,23.3282],[120.7522,23.3302],[120.7528,23.3314],[120.7547,23.3318],[120.7564,23.3328],[120.7584,23.3355],[120.7588,23.3364],[120.7586,23.3373],[120.7572,23.3381],[120.7575,23.3396],[120.7585,23.3409],[120.7585,23.3416],[120.7575,23.343],[120.7581,23.3443],[120.7594,23.3443],[120.7607,23.3439],[120.763,23.3428],[120.764,23.3418],[120.7649,23.3417],[120.7663,23.3425],[120.7669,23.3434],[120.7685,23.3439],[120.7694,23.3436],[120.7712,23.3425],[120.7733,23.3418],[120.7739,23.3426],[120.7749,23.3432],[120.7771,23.3435],[120.778,23.3434],[120.7786,23.3427],[120.7804,23.3423],[120.7832,23.3422],[120.7837,23.3426],[120.7848,23.3448],[120.7855,23.3456],[120.7868,23.3456],[120.7876,23.3461],[120.7885,23.3483],[120.7887,23.3494],[120.7883,23.352],[120.7885,23.3528],[120.7909,23.3532],[120.792,23.354],[120.7917,23.3566],[120.7922,23.3574],[120.7935,23.3575],[120.7953,23.3568],[120.7962,23.3569],[120.7972,23.3584],[120.7974,23.3597],[120.7991,23.3611],[120.8005,23.3606],[120.8008,23.361],[120.8008,23.3633],[120.802,23.3651],[120.803,23.366],[120.8047,23.3672],[120.8047,23.3676],[120.8033,23.3695],[120.8035,23.37],[120.8049,23.371],[120.8064,23.3705],[120.807,23.3693],[120.8085,23.3684],[120.8098,23.3695],[120.8119,23.3697],[120.813,23.3693],[120.8148,23.3702],[120.8159,23.3714],[120.8196,23.3711],[120.8212,23.3705],[120.8234,23.372],[120.8252,23.3716],[120.8253,23.3729],[120.8261,23.3737],[120.8285,23.375],[120.8291,23.3758],[120.8294,23.3774],[120.8294,23.38],[120.8298,23.3816],[120.8294,23.3831],[120.8302,23.3844],[120.831,23.3866],[120.8329,23.3872],[120.8344,23.3866],[120.8349,23.3877],[120.8341,23.3887],[120.8341,23.3897],[120.8357,23.39],[120.8363,23.3924],[120.8369,23.3934],[120.8389,23.3945],[120.8405,23.3945],[120.841,23.3949],[120.841,23.3962],[120.8397,23.3961],[120.8384,23.397],[120.8384,23.3982],[120.8401,23.3994],[120.841,23.401],[120.8426,23.402],[120.8431,23.4033],[120.8439,23.4039],[120.8443,23.4059],[120.8447,23.4067],[120.8448,23.4082],[120.8462,23.4094],[120.8477,23.4102],[120.8479,23.4112],[120.8491,23.4118],[120.8495,23.4129],[120.8493,23.4165],[120.8495,23.4177],[120.8492,23.4195],[120.8502,23.4206],[120.8531,23.4219],[120.8537,23.423],[120.8546,23.4231],[120.8564,23.422],[120.8573,23.4221],[120.8586,23.4249],[120.8593,23.425],[120.8598,23.4239],[120.8619,23.4242],[120.8623,23.4246],[120.8643,23.4239],[120.865,23.425],[120.866,23.4254],[120.8662,23.4261],[120.8681,23.4266],[120.8693,23.4263],[120.8699,23.4267],[120.8705,23.4284],[120.8717,23.4296],[120.8737,23.4298],[120.8756,23.4316],[120.8754,23.4328],[120.8789,23.4321],[120.882,23.4333],[120.8827,23.4346],[120.8828,23.4354],[120.8838,23.4363],[120.8852,23.435],[120.8865,23.4348],[120.8871,23.4352],[120.8875,23.4367],[120.8884,23.4374],[120.8888,23.4391],[120.8907,23.4424],[120.8906,23.4434],[120.8914,23.4442],[120.8918,23.4466],[120.8929,23.4452],[120.8938,23.4452],[120.8951,23.4459],[120.8956,23.4467],[120.8958,23.4483],[120.8964,23.4496],[120.8962,23.4504],[120.8968,23.4509],[120.8988,23.4511],[120.9006,23.4524],[120.9004,23.4537],[120.901,23.4542],[120.9024,23.4541],[120.9045,23.4529],[120.9057,23.4532],[120.9064,23.4546],[120.9075,23.455],[120.9083,23.4567],[120.9099,23.4578],[120.9111,23.4576],[120.9127,23.4585],[120.9152,23.458],[120.9159,23.4588],[120.9201,23.4588],[120.9216,23.459],[120.9225,23.4581],[120.9239,23.4583],[120.9264,23.4573],[120.9268,23.456],[120.9285,23.4555],[120.9283,23.4568],[120.9302,23.4572],[120.9312,23.4571],[120.9326,23.4579],[120.934,23.4581],[120.9351,23.4589],[120.9345,23.4599],[120.9345,23.4615],[120.9366,23.4638],[120.9389,23.4639],[120.9403,23.4631],[120.9422,23.4634],[120.9444,23.4634],[120.9503,23.4648],[120.952,23.4658],[120.956,23.4673],[120.9571,23.4684],[120.9575,23.4695],[120.9589,23.4697],[120.9614,23.4708],[120.9652,23.4707],[120.9667,23.4717],[120.9678,23.4715],[120.9693,23.4706],[120.9706,23.469],[120.9718,23.4692],[120.9765,23.469],[120.9791,23.4694],[120.9805,23.4692],[120.9822,23.4685],[120.9836,23.467],[120.9846,23.4666],[120.9864,23.4663],[120.9898,23.465],[120.991,23.4649],[120.994,23.4638],[120.9966,23.4634],[120.9997,23.4622],[121.0038,23.463],[121.0071,23.4629],[121.0085,23.4621],[121.0104,23.4596],[121.0117,23.4572],[121.0132,23.4557],[121.0146,23.4546],[121.0153,23.4536],[121.0159,23.4516],[121.0156,23.4505],[121.0144,23.4492],[121.0129,23.4488],[121.0106,23.4465],[121.0104,23.4434],[121.0106,23.4412],[121.0122,23.4394],[121.0141,23.4379],[121.0153,23.4354],[121.0145,23.435]]],[[[120.1909,22.8422],[120.1907,22.8422],[120.1981,22.8446],[120.1909,22.8422]]]]}},{"type":"Feature","properties":{"name":"基隆市","nameEn":"Keelung City","code":"10017"},"geometry":{"type":"MultiPolygon","coordinates":[[[[121.8025,25.1343],[121.8039,25.1335],[121.8054,25.1311],[121.8051,25.13],[121.8053,25.1292],[121.8042,25.1285],[121.8039,25.1272],[121.805,25.1258],[121.8049,25.1251],[121.8034,25.1235],[121.8032,25.1222],[121.8023,25.1218],[121.8007,25.1231],[121.7998,25.1231],[121.7991,25.1243],[121.7981,25.1243],[121.7976,25.125],[121.7963,25.1254],[121.7947,25.1264],[121.7943,25.1253],[121.7945,25.1242],[121.7942,25.1233],[121.7971,25.1213],[121.7976,25.1198],[121.7988,25.1193],[121.7987,25.1184],[121.7976,25.1177],[121.7976,25.117],[121.7986,25.1167],[121.7979,25.1161],[121.7978,25.1143],[121.7957,25.1137],[121.7947,25.1126],[121.7929,25.1129],[121.7902,25.1123],[121.7873,25.1159],[121.786,25.1181],[121.7853,25.1182],[121.7835,25.1166],[121.7806,25.1177],[121.7794,25.1176],[121.7772,25.1186],[121.7758,25.1187],[121.7749,25.1199],[121.773,25.1201],[121.7716,25.1185],[121.7714,25.1175],[121.7705,25.1168],[121.7697,25.115],[121.768,25.1139],[121.7669,25.1125],[121.7655,25.1132],[121.7633,25.1134],[121.7615,25.1124],[121.7594,25.1126],[121.7576,25.111],[121.757,25.1101],[121.7558,25.1106],[121.7549,25.1104],[121.7518,25.111],[121.75,25.1097],[121.7509,25.1077],[121.7517,25.1076],[121.7527,25.1068],[121.7539,25.1087],[121.7561,25.1084],[121.7574,25.1066],[121.7575,25.1041],[121.758,25.1034],[121.7575,25.1027],[121.7567,25.1028],[121.7568,25.1019],[121.7599,25.1005],[121.7594,25.0993],[121.7594,25.0963],[121.7584,25.0948],[121.759,25.0919],[121.7598,25.0902],[121.7592,25.0887],[121.7596,25.0868],[121.7591,25.0845],[121.76,25.081],[121.7617,25.0784],[121.7639,25.0786],[121.7671,25.0788],[121.7694,25.0779],[121.7713,25.0761],[121.7722,25.0741],[121.7736,25.0731],[121.7746,25.0714],[121.7757,25.07],[121.7746,25.0684],[121.7731,25.0668],[121.7722,25.0638],[121.7717,25.0632],[121.77,25.0635],[121.7673,25.0618],[121.7659,25.06],[121.7648,25.0595],[121.7647,25.0585],[121.764,25.0574],[121.7623,25.057],[121.7618,25.0578],[121.7606,25.058],[121.7593,25.0594],[121.7579,25.059],[121.7567,25.0593],[121.7556,25.0583],[121.7522,25.0576],[121.7508,25.057],[121.7491,25.0554],[121.7482,25.055],[121.7476,25.0537],[121.7459,25.053],[121.7437,25.0531],[121.7429,25.0525],[121.7424,25.0529],[121.7398,25.0531],[121.7394,25.0537],[121.7378,25.0547],[121.7348,25.0542],[121.7328,25.0533],[121.7321,25.0527],[121.7301,25.0534],[121.7297,25.054],[121.7284,25.0548],[121.7269,25.0567],[121.7262,25.0581],[121.7256,25.0584],[121.7227,25.0585],[121.7221,25.0589],[121.722,25.0601],[121.7208,25.0604],[121.719,25.0616],[121.7178,25.0638],[121.7167,25.0646],[121.715,25.0664],[121.7124,25.068],[121.7107,25.068],[121.7093,25.0677],[121.7069,25.0666],[121.7053,25.0669],[121.7043,25.0679],[121.7024,25.0678],[121.7004,25.0673],[121.6994,25.0674],[121.6977,25.0692],[121.6965,25.0701],[121.695,25.07],[121.6916,25.0705],[121.6901,25.0717],[121.6884,25.0717],[121.6878,25.0724],[121.6858,25.0735],[121.6848,25.0745],[121.6839,25.0749],[121.6815,25.077],[121.6804,25.0771],[121.6802,25.0781],[121.6792,25.0785],[121.679,25.0795],[121.6797,25.08],[121.6805,25.0819],[121.6799,25.0837],[121.6805,25.0846],[121.6815,25.0844],[121.6817,25.0871],[121.6806,25.0883],[121.6786,25.0872],[121.675,25.0834],[121.674,25.0829],[121.6725,25.0838],[121.6695,25.0851],[121.669,25.0856],[121.6679,25.0858],[121.6668,25.0868],[121.6664,25.088],[121.6649,25.0887],[121.6643,25.0894],[121.6631,25.0896],[121.6619,25.0893],[121.6609,25.0909],[121.6601,25.0908],[121.6584,25.0916],[121.6577,25.0927],[121.6557,25.0934],[121.6562,25.0946],[121.6554,25.0956],[121.6535,25.0963],[121.6529,25.0973],[121.6511,25.0982],[121.6506,25.0987],[121.6504,25.1005],[121.6489,25.1019],[121.6502,25.1034],[121.6517,25.1034],[121.6522,25.1047],[121.6516,25.1061],[121.6505,25.1081],[121.6502,25.1096],[121.6494,25.1101],[121.6488,25.1112],[121.6477,25.1119],[121.6462,25.1136],[121.6458,25.1154],[121.646,25.1159],[121.646,25.1183],[121.6457,25.119],[121.6463,25.12],[121.6462,25.1211],[121.6451,25.1215],[121.6447,25.1222],[121.6449,25.1234],[121.6444,25.125],[121.643,25.1278],[121.6418,25.1281],[121.6408,25.1296],[121.6379,25.1308],[121.6347,25.1305],[121.6331,25.1311],[121.6327,25.1322],[121.6287,25.1347],[121.6279,25.1361],[121.6278,25.1372],[121.6268,25.1396],[121.627,25.14],[121.6293,25.1418],[121.631,25.1426],[121.6321,25.1426],[121.6332,25.1433],[121.6348,25.1439],[121.6355,25.1435],[121.6368,25.1436],[121.6389,25.1444],[121.6398,25.1458],[121.6406,25.1454],[121.6424,25.145],[121.644,25.1458],[121.6463,25.1458],[121.6495,25.1449],[121.6504,25.1458],[121.6515,25.148],[121.652,25.1484],[121.653,25.1482],[121.6558,25.1492],[121.6567,25.1501],[121.6572,25.1514],[121.6583,25.1522],[121.6611,25.1521],[121.6623,25.1526],[121.6638,25.1522],[121.666,25.1529],[121.6676,25.1529],[121.6692,25.1534],[121.6696,25.1546],[121.6715,25.1556],[121.6741,25.1554],[121.6758,25.1558],[121.6764,25.1555],[121.6777,25.1558],[121.6784,25.1574],[121.6813,25.1593],[121.6825,25.1593],[121.6832,25.1607],[121.6848,25.1601],[121.6876,25.1619],[121.6879,25.1628],[121.6888,25.1641],[121.6896,25.164],[121.6911,25.1648],[121.6913,25.1663],[121.695,25.1667],[121.6957,25.1664],[121.6965,25.1672],[121.6975,25.1668],[121.6989,25.1672],[121.6991,25.1689],[121.7005,25.1689],[121.701,25.1693],[121.7011,25.1707],[121.7022,25.1725],[121.7022,25.1735],[121.704,25.1741],[121.706,25.1738],[121.7087,25.1753],[121.7097,25.1766],[121.7102,25.176],[121.71,25.1741],[121.7088,25.1738],[121.7085,25.1727],[121.7099,25.171],[121.7101,25.17],[121.7092,25.1698],[121.708,25.1686],[121.7087,25.1676],[121.7073,25.166],[121.7086,25.1652],[121.7112,25.1649],[121.7126,25.1654],[121.7127,25.166],[121.7158,25.1661],[121.7164,25.1671],[121.7175,25.1669],[121.7174,25.166],[121.7185,25.1659],[121.7237,25.1652],[121.7247,25.1658],[121.726,25.1646],[121.7274,25.1641],[121.7283,25.1641],[121.7295,25.1636],[121.7303,25.164],[121.7313,25.1627],[121.7321,25.1627],[121.7327,25.1616],[121.7339,25.1615],[121.7348,25.1605],[121.7336,25.1586],[121.7342,25.1582],[121.7356,25.1593],[121.7368,25.1594],[121.7373,25.1603],[121.7389,25.1609],[121.7399,25.1603],[121.7397,25.1595],[121.7426,25.1573],[121.7448,25.1569],[121.7471,25.1573],[121.7474,25.1567],[121.7485,25.1562],[121.753,25.1585],[121.7549,25.1623],[121.7556,25.1622],[121.7562,25.1595],[121.7577,25.1598],[121.758,25.1609],[121.76,25.1613],[121.7603,25.1604],[121.762,25.1603],[121.7626,25.1616],[121.7616,25.1622],[121.7624,25.1627],[121.7623,25.1635],[121.7635,25.1638],[121.7649,25.1637],[121.7666,25.163],[121.7674,25.1623],[121.7667,25.1619],[121.7689,25.1621],[121.7702,25.1613],[121.7703,25.1603],[121.7729,25.1609],[121.7748,25.1605],[121.7768,25.1595],[121.7788,25.1593],[121.7803,25.1586],[121.7768,25.1589],[121.7767,25.158],[121.7734,25.1564],[121.7727,25.1556],[121.7738,25.1554],[121.7743,25.1563],[121.7747,25.156],[121.7755,25.1541],[121.7779,25.1515],[121.7799,25.1532],[121.782,25.1527],[121.784,25.1516],[121.7851,25.1496],[121.7857,25.1495],[121.7892,25.1482],[121.7914,25.1484],[121.7932,25.1469],[121.7949,25.1468],[121.7953,25.1481],[121.7972,25.1482],[121.7981,25.1476],[121.8005,25.1475],[121.8019,25.1484],[121.803,25.1481],[121.807,25.1491],[121.8082,25.1477],[121.8079,25.1465],[121.8066,25.1461],[121.806,25.1448],[121.8046,25.1445],[121.8039,25.1431],[121.8045,25.1424],[121.8031,25.142],[121.8037,25.1413],[121.8025,25.1405],[121.8032,25.1405],[121.8041,25.1392],[121.8043,25.138],[121.8033,25.1364],[121.8035,25.1362],[121.8025,25.1343]]]]}},{"type":"Feature","properties":{"name":"新竹市","nameEn":"Hsinchu City","code":"10018"},"geometry":{"type":"MultiPolygon","coordinates":[[[[120.9351,24.713],[120.933,24.7133],[120.9307,24.7152],[120.9304,24.7166],[120.9288,24.7153],[120.928,24.7158],[120.9269,24.715],[120.9252,24.7154],[120.9239,24.7146],[120.9226,24.7148],[120.9212,24.7159],[120.921,24.7165],[120.9196,24.7169],[120.9178,24.7162],[120.9149,24.7168],[120.9137,24.7175],[120.9143,24.718],[120.9145,24.7191],[120.9156,24.72],[120.9163,24.7215],[120.9138,24.7243],[120.9142,24.7271],[120.9131,24.7284],[120.9128,24.7304],[120.9121,24.7323],[120.9105,24.7344],[120.909,24.7358],[120.9084,24.7373],[120.9087,24.7395],[120.9085,24.7406],[120.9078,24.7411],[120.9059,24.7407],[120.9048,24.7394],[120.9038,24.739],[120.9015,24.7364],[120.9009,24.7361],[120.8991,24.7345],[120.8972,24.7334],[120.8936,24.7323],[120.8924,24.7332],[120.891,24.7318],[120.8876,24.7338],[120.8848,24.7328],[120.8837,24.7345],[120.881,24.7333],[120.8745,24.7383],[120.8778,24.7426],[120.8794,24.7439],[120.8809,24.7457],[120.8826,24.7465],[120.8851,24.7506],[120.8884,24.7542],[120.8903,24.7574],[120.8919,24.7587],[120.8932,24.7614],[120.8946,24.7626],[120.8971,24.7639],[120.8978,24.7647],[120.8975,24.7662],[120.8968,24.7681],[120.8962,24.7678],[120.8953,24.7657],[120.8947,24.7679],[120.8934,24.7686],[120.8928,24.7693],[120.8926,24.7711],[120.8927,24.7732],[120.8918,24.7733],[120.8913,24.7751],[120.8914,24.7761],[120.8924,24.7784],[120.8929,24.7789],[120.8932,24.7808],[120.8929,24.7819],[120.8927,24.7847],[120.8928,24.7861],[120.8921,24.7919],[120.8926,24.7944],[120.8961,24.8008],[120.8968,24.8053],[120.8966,24.8074],[120.8969,24.8092],[120.8993,24.814],[120.8996,24.8165],[120.901,24.8202],[120.9028,24.8241],[120.9058,24.8285],[120.9074,24.8302],[120.9083,24.8316],[120.9093,24.8342],[120.9108,24.8358],[120.9122,24.8358],[120.9131,24.8366],[120.9148,24.839],[120.9158,24.8411],[120.9159,24.8427],[120.9155,24.8458],[120.9168,24.8487],[120.9133,24.8519],[120.913,24.8541],[120.9142,24.854],[120.9164,24.8528],[120.9212,24.8535],[120.9252,24.8548],[120.9313,24.8526],[120.934,24.8527],[120.9357,24.8522],[120.9404,24.85],[120.9432,24.8465],[120.944,24.8441],[120.9448,24.8411],[120.9475,24.8399],[120.9528,24.8362],[120.9553,24.8344],[120.957,24.8336],[120.9579,24.8336],[120.9603,24.8329],[120.9633,24.8325],[120.9674,24.8326],[120.9692,24.8322],[120.9746,24.83],[120.9776,24.8297],[120.9792,24.83],[120.9815,24.8312],[120.9839,24.8306],[120.9854,24.8294],[120.987,24.8264],[120.9877,24.8256],[120.9891,24.8252],[120.9904,24.8243],[120.9927,24.8235],[120.9956,24.8234],[121.0004,24.8221],[121.0023,24.8202],[121.0044,24.8193],[121.0069,24.817],[121.0083,24.8162],[121.0103,24.8138],[121.0151,24.8086],[121.0172,24.8079],[121.0182,24.8073],[121.0196,24.8044],[121.0207,24.8032],[121.0213,24.8016],[121.0257,24.799],[121.0221,24.7985],[121.0206,24.7988],[121.0223,24.7967],[121.0231,24.7961],[121.0227,24.7955],[121.0216,24.7951],[121.0206,24.7941],[121.0221,24.7904],[121.0235,24.7905],[121.0245,24.7893],[121.0243,24.7877],[121.025,24.7861],[121.0233,24.7857],[121.0233,24.7849],[121.0248,24.7843],[121.0275,24.7827],[121.027,24.7812],[121.026,24.7803],[121.025,24.7805],[121.025,24.78],[121.026,24.7789],[121.0278,24.7789],[121.0275,24.7772],[121.0286,24.7767],[121.0296,24.7771],[121.0294,24.7759],[121.0282,24.7732],[121.0303,24.7721],[121.0302,24.7714],[121.0293,24.771],[121.0295,24.7696],[121.0292,24.7689],[121.0297,24.768],[121.0299,24.7665],[121.0305,24.7659],[121.033,24.7649],[121.0335,24.7641],[121.0328,24.762],[121.0306,24.7612],[121.0291,24.7597],[121.0283,24.7584],[121.0275,24.7579],[121.0245,24.7572],[121.0238,24.7568],[121.0226,24.7569],[121.0209,24.7566],[121.0202,24.7569],[121.0193,24.759],[121.0189,24.7609],[121.0187,24.7626],[121.0183,24.7638],[121.0169,24.7649],[121.0171,24.7657],[121.0159,24.7672],[121.0136,24.7709],[121.0106,24.7729],[121.0099,24.7737],[121.0082,24.7744],[121.0067,24.7743],[121.0046,24.7752],[120.9997,24.7783],[120.9979,24.7789],[120.996,24.78],[120.9929,24.7805],[120.9917,24.779],[120.9906,24.7772],[120.9892,24.7769],[120.9882,24.7774],[120.9858,24.7769],[120.9849,24.776],[120.9865,24.7734],[120.9863,24.7727],[120.987,24.7702],[120.9884,24.7681],[120.987,24.7684],[120.984,24.768],[120.9832,24.7674],[120.9822,24.7675],[120.9806,24.7655],[120.9805,24.7641],[120.9795,24.7633],[120.9787,24.7635],[120.9771,24.7631],[120.9765,24.7644],[120.975,24.764],[120.9744,24.765],[120.9733,24.7642],[120.9716,24.7647],[120.971,24.7657],[120.9698,24.7652],[120.969,24.7638],[120.9687,24.7622],[120.9675,24.7606],[120.9675,24.7585],[120.9677,24.7575],[120.9674,24.7565],[120.9665,24.7558],[120.9653,24.7562],[120.9644,24.7552],[120.9636,24.7555],[120.9627,24.7549],[120.9629,24.7543],[120.9619,24.7528],[120.9616,24.7514],[120.9603,24.7503],[120.9586,24.7492],[120.9575,24.7496],[120.9572,24.7483],[120.9578,24.7461],[120.9575,24.7453],[120.9563,24.7451],[120.9539,24.7434],[120.9526,24.7441],[120.952,24.7438],[120.9511,24.7445],[120.9491,24.7444],[120.9481,24.7452],[120.9465,24.7449],[120.9462,24.7453],[120.9443,24.7444],[120.9438,24.7437],[120.9437,24.7413],[120.943,24.7398],[120.9432,24.739],[120.9418,24.7373],[120.9417,24.735],[120.9407,24.734],[120.9399,24.7325],[120.9411,24.7319],[120.9423,24.7304],[120.9418,24.7286],[120.9406,24.7284],[120.9397,24.7295],[120.9381,24.7296],[120.9389,24.7276],[120.9379,24.7271],[120.9386,24.7268],[120.9393,24.7254],[120.9387,24.725],[120.939,24.7226],[120.9384,24.7211],[120.9388,24.7204],[120.9387,24.7189],[120.9382,24.7183],[120.9386,24.7166],[120.9367,24.715],[120.936,24.7147],[120.936,24.7136],[120.9354,24.7126],[120.9351,24.713]]]]}},{"type":"Feature","properties":{"name":"嘉義市","nameEn":"Chiayi City","code":"10020"},"geometry":{"type":"MultiPolygon","coordinates":[[[[120.4494,23.5171],[120.4511,23.5168],[120.4533,23.5159],[120.4563,23.516],[120.4574,23.5153],[120.4574,23.5136],[120.4562,23.5128],[120.4563,23.5118],[120.4578,23.5089],[120.4592,23.508],[120.4601,23.507],[120.4615,23.5047],[120.4621,23.5033],[120.4621,23.5021],[120.4626,23.5007],[120.4639,23.4994],[120.4655,23.4987],[120.4675,23.4988],[120.4692,23.4994],[120.4701,23.5002],[120.4708,23.5038],[120.4726,23.5052],[120.4735,23.5068],[120.4748,23.5068],[120.4781,23.5049],[120.4797,23.5044],[120.4813,23.5044],[120.4832,23.5054],[120.484,23.5038],[120.4847,23.5014],[120.4844,23.5],[120.4846,23.4989],[120.4837,23.4982],[120.4836,23.4967],[120.4839,23.4957],[120.4861,23.4933],[120.4894,23.4914],[120.4922,23.4913],[120.4936,23.4911],[120.4942,23.4902],[120.496,23.4901],[120.4972,23.4906],[120.4988,23.4908],[120.5002,23.4907],[120.5013,23.4898],[120.501,23.4886],[120.5019,23.4871],[120.5019,23.4863],[120.5028,23.4854],[120.5034,23.4854],[120.5031,23.4833],[120.5025,23.4829],[120.5024,23.4819],[120.5018,23.4817],[120.5019,23.4809],[120.5041,23.481],[120.5042,23.4799],[120.5037,23.4789],[120.505,23.4788],[120.507,23.4771],[120.5071,23.4766],[120.5092,23.4748],[120.5092,23.4721],[120.5086,23.4714],[120.5073,23.4718],[120.5066,23.4701],[120.5051,23.4696],[120.5038,23.4672],[120.5018,23.4669],[120.5012,23.466],[120.4996,23.4651],[120.5004,23.463],[120.5007,23.4614],[120.5005,23.4605],[120.4995,23.4598],[120.4985,23.4584],[120.4975,23.4579],[120.4969,23.4561],[120.4971,23.4553],[120.4961,23.4547],[120.4949,23.4528],[120.4901,23.4521],[120.4894,23.4524],[120.486,23.4552],[120.4844,23.4564],[120.4817,23.4581],[120.4808,23.4599],[120.477,23.4619],[120.4754,23.4621],[120.4721,23.4619],[120.4709,23.4619],[120.4687,23.4616],[120.4663,23.4599],[120.4656,23.4589],[120.4645,23.4582],[120.4647,23.4575],[120.4645,23.4556],[120.4633,23.4553],[120.4611,23.4553],[120.4602,23.4545],[120.459,23.4542],[120.4569,23.4521],[120.4554,23.4503],[120.4547,23.4503],[120.4546,23.4483],[120.4529,23.4449],[120.4502,23.4435],[120.4488,23.4436],[120.4471,23.4434],[120.4453,23.4424],[120.4417,23.4402],[120.4396,23.4396],[120.4387,23.4412],[120.4378,23.4417],[120.4367,23.4433],[120.4359,23.4436],[120.436,23.4442],[120.4383,23.4449],[120.4386,23.4457],[120.4378,23.4467],[120.437,23.4464],[120.436,23.4482],[120.4346,23.4499],[120.4345,23.4507],[120.4328,23.4501],[120.4301,23.4525],[120.4293,23.461],[120.426,23.4607],[120.4241,23.4614],[120.4152,23.4603],[120.4135,23.4617],[120.413,23.4624],[120.413,23.4637],[120.4121,23.4645],[120.4113,23.4648],[120.4093,23.4643],[120.4081,23.4644],[120.4065,23.4636],[120.4037,23.4633],[120.4019,23.4634],[120.4002,23.4632],[120.3972,23.4626],[120.3942,23.4625],[120.3942,23.4662],[120.3953,23.4675],[120.3966,23.4677],[120.398,23.4704],[120.3993,23.4711],[120.3985,23.474],[120.3988,23.4757],[120.3985,23.4768],[120.3991,23.4784],[120.3981,23.4795],[120.3969,23.4795],[120.3969,23.4804],[120.3944,23.4808],[120.394,23.4821],[120.3934,23.4825],[120.3936,23.4862],[120.3941,23.4868],[120.3939,23.4889],[120.3947,23.4907],[120.3898,23.4914],[120.3893,23.494],[120.3892,23.4971],[120.39,23.4979],[120.3893,23.4986],[120.39,23.4994],[120.3915,23.5003],[120.395,23.5007],[120.3975,23.4997],[120.3993,23.4988],[120.4002,23.4988],[120.4002,23.5],[120.401,23.5019],[120.4038,23.5037],[120.4057,23.5037],[120.4064,23.5042],[120.4088,23.5066],[120.4079,23.5026],[120.4085,23.4984],[120.4096,23.4984],[120.4122,23.4992],[120.4134,23.5024],[120.4154,23.5038],[120.4166,23.5053],[120.4176,23.5056],[120.421,23.5061],[120.4243,23.5062],[120.425,23.5064],[120.4263,23.5088],[120.4279,23.5092],[120.4315,23.5087],[120.4332,23.5089],[120.4337,23.5097],[120.4337,23.5114],[120.4326,23.5134],[120.4335,23.5143],[120.434,23.516],[120.4335,23.5165],[120.4338,23.5172],[120.435,23.5173],[120.4364,23.5163],[120.4374,23.5151],[120.4371,23.514],[120.4391,23.5122],[120.4405,23.5119],[120.4414,23.5123],[120.4421,23.5133],[120.4406,23.5183],[120.4425,23.5181],[120.4445,23.5173],[120.4452,23.5182],[120.4468,23.5184],[120.448,23.5182],[120.4494,23.5171]]]]}},{"type":"Feature","properties":{"name":"新竹縣","nameEn":"Hsinchu County","code":"10004"},"geometry":{"type":"MultiPolygon","coordinates":[[[[121.403,24.5911],[121.4046,24.5878],[121.4062,24.5853],[121.4092,24.5812],[121.4105,24.5789],[121.4122,24.5745],[121.4122,24.5731],[121.4115,24.5726],[121.4091,24.5716],[121.4073,24.5699],[121.4057,24.5698],[121.4039,24.569],[121.4034,24.5676],[121.4017,24.5655],[121.4012,24.564],[121.4015,24.5627],[121.4011,24.5619],[121.3993,24.5611],[121.3977,24.5597],[121.3965,24.5577],[121.3949,24.5561],[121.3947,24.5556],[121.3956,24.5528],[121.3972,24.5507],[121.3983,24.5494],[121.3988,24.5482],[121.3982,24.5452],[121.397,24.5417],[121.3967,24.5398],[121.3972,24.5384],[121.3983,24.5367],[121.3985,24.5356],[121.3983,24.5341],[121.3992,24.5322],[121.4015,24.5302],[121.4016,24.5292],[121.3996,24.5265],[121.3985,24.5259],[121.3978,24.5249],[121.3967,24.5246],[121.3941,24.5247],[121.3919,24.5241],[121.3905,24.5229],[121.3899,24.5217],[121.3896,24.5199],[121.3885,24.5178],[121.3878,24.5172],[121.3855,24.5171],[121.3851,24.5168],[121.3856,24.5146],[121.3853,24.5134],[121.3837,24.5104],[121.382,24.5097],[121.3804,24.5099],[121.3793,24.5095],[121.376,24.5101],[121.3734,24.5099],[121.3728,24.5068],[121.3729,24.505],[121.3725,24.5022],[121.3717,24.4993],[121.3707,24.4979],[121.3692,24.4974],[121.3673,24.4965],[121.365,24.4959],[121.3639,24.495],[121.3628,24.4934],[121.3627,24.4921],[121.3617,24.4905],[121.359,24.4882],[121.3578,24.4866],[121.3565,24.4861],[121.3528,24.4855],[121.3513,24.4846],[121.35,24.4843],[121.3487,24.4847],[121.3471,24.4848],[121.3457,24.4843],[121.3443,24.4827],[121.343,24.4824],[121.3424,24.4817],[121.3417,24.4796],[121.3416,24.478],[121.3401,24.4749],[121.3383,24.4741],[121.3359,24.4724],[121.3356,24.4717],[121.336,24.4703],[121.336,24.4674],[121.335,24.4667],[121.3333,24.4661],[121.3325,24.4655],[121.3311,24.4653],[121.3299,24.4643],[121.3296,24.4627],[121.3284,24.462],[121.3261,24.46],[121.3238,24.4567],[121.323,24.4549],[121.322,24.4515],[121.3202,24.448],[121.3196,24.445],[121.3187,24.4441],[121.3177,24.4415],[121.3163,24.4398],[121.3138,24.4374],[121.3128,24.4367],[121.3103,24.4364],[121.3083,24.4347],[121.3078,24.4339],[121.3055,24.4326],[121.3022,24.4331],[121.2976,24.4331],[121.2947,24.4325],[121.2932,24.4311],[121.2913,24.4312],[121.2905,24.4308],[121.289,24.4309],[121.2861,24.4304],[121.2846,24.4306],[121.2791,24.4294],[121.2769,24.4292],[121.2713,24.4296],[121.2711,24.428],[121.2699,24.4274],[121.2677,24.4281],[121.2661,24.4282],[121.2645,24.4287],[121.2623,24.4285],[121.2602,24.429],[121.2591,24.4309],[121.2596,24.4315],[121.26,24.4362],[121.2596,24.4374],[121.2588,24.4382],[121.2587,24.4403],[121.2595,24.4415],[121.2605,24.4423],[121.2616,24.444],[121.2609,24.4456],[121.2622,24.4481],[121.2614,24.4482],[121.2607,24.4501],[121.2606,24.4514],[121.2609,24.4525],[121.2626,24.4551],[121.2615,24.456],[121.26,24.4563],[121.2581,24.4573],[121.2581,24.4632],[121.2549,24.4644],[121.2528,24.4645],[121.2491,24.466],[121.2464,24.4688],[121.2444,24.4701],[121.2445,24.4717],[121.244,24.4756],[121.2433,24.4773],[121.2423,24.4785],[121.2392,24.4803],[121.2385,24.4814],[121.2355,24.4831],[121.2346,24.4838],[121.2346,24.4877],[121.2334,24.4875],[121.2306,24.4886],[121.2298,24.4891],[121.2297,24.4899],[121.2286,24.4925],[121.2252,24.4936],[121.2235,24.4944],[121.2214,24.4965],[121.2187,24.4983],[121.2198,24.5009],[121.221,24.5015],[121.221,24.5027],[121.2221,24.505],[121.2235,24.506],[121.2234,24.5067],[121.2221,24.5075],[121.2198,24.5083],[121.2174,24.5099],[121.2177,24.5113],[121.2176,24.514],[121.2165,24.5152],[121.2152,24.5154],[121.214,24.5148],[121.2099,24.5116],[121.208,24.5117],[121.207,24.5129],[121.2054,24.5128],[121.2047,24.5122],[121.2032,24.5125],[121.2024,24.5117],[121.2005,24.5115],[121.1999,24.511],[121.1981,24.5088],[121.1965,24.5076],[121.1953,24.507],[121.1918,24.5075],[121.1867,24.5054],[121.1844,24.5065],[121.1829,24.508],[121.1798,24.508],[121.1779,24.5077],[121.177,24.507],[121.1761,24.5059],[121.1743,24.5048],[121.1722,24.5046],[121.1706,24.5041],[121.1693,24.5026],[121.1674,24.5029],[121.1643,24.5036],[121.1619,24.5035],[121.1579,24.5052],[121.1571,24.5061],[121.1545,24.5068],[121.1506,24.5061],[121.1471,24.5087],[121.1457,24.5102],[121.145,24.5119],[121.1434,24.5109],[121.1398,24.5082],[121.137,24.5067],[121.1333,24.5068],[121.1297,24.5067],[121.1275,24.5083],[121.1256,24.5084],[121.1237,24.5101],[121.123,24.5101],[121.1222,24.5092],[121.1207,24.5084],[121.1173,24.5085],[121.1162,24.5081],[121.1133,24.5065],[121.1107,24.5029],[121.1092,24.5012],[121.108,24.5007],[121.1053,24.5006],[121.1046,24.4998],[121.1031,24.4991],[121.1025,24.4983],[121.1009,24.4984],[121.0998,24.498],[121.0985,24.4966],[121.0978,24.4964],[121.0945,24.4966],[121.0925,24.4974],[121.0904,24.4979],[121.0891,24.4988],[121.0878,24.4994],[121.0871,24.5003],[121.0856,24.5013],[121.084,24.5012],[121.0789,24.4991],[121.0752,24.4994],[121.0719,24.4984],[121.0717,24.5005],[121.0721,24.5013],[121.0721,24.5034],[121.0712,24.5042],[121.0703,24.5061],[121.0682,24.5068],[121.0693,24.5093],[121.0686,24.5124],[121.0685,24.5165],[121.0675,24.5194],[121.0667,24.5208],[121.067,24.523],[121.0722,24.5264],[121.0756,24.5278],[121.0774,24.5282],[121.0784,24.5292],[121.0787,24.5325],[121.0778,24.5342],[121.0792,24.5359],[121.0801,24.5379],[121.0801,24.5389],[121.0806,24.5409],[121.0802,24.5414],[121.0783,24.5428],[121.0768,24.5434],[121.0761,24.544],[121.0743,24.5471],[121.0745,24.5484],[121.0735,24.5494],[121.07,24.5506],[121.0666,24.5532],[121.0628,24.5551],[121.0622,24.5562],[121.0589,24.5572],[121.0582,24.5579],[121.0584,24.5606],[121.0614,24.56],[121.0625,24.5574],[121.0628,24.5575],[121.0677,24.5619],[121.0706,24.5634],[121.0707,24.5644],[121.0715,24.5661],[121.072,24.5679],[121.0727,24.5728],[121.0743,24.5755],[121.0752,24.5788],[121.0755,24.581],[121.0775,24.5824],[121.079,24.5842],[121.0794,24.5878],[121.0797,24.5882],[121.081,24.5885],[121.083,24.5898],[121.0826,24.5925],[121.0828,24.5947],[121.0824,24.5955],[121.0813,24.6006],[121.0798,24.6016],[121.0764,24.6031],[121.0756,24.6038],[121.0753,24.6055],[121.0754,24.6067],[121.0761,24.6086],[121.0755,24.6113],[121.0749,24.6123],[121.0738,24.6132],[121.0718,24.6139],[121.0704,24.6141],[121.0681,24.6149],[121.0669,24.6161],[121.0659,24.6182],[121.0648,24.6194],[121.0639,24.6195],[121.0628,24.621],[121.0626,24.6218],[121.0615,24.6218],[121.0603,24.6208],[121.0585,24.62],[121.0569,24.6183],[121.0555,24.618],[121.0549,24.6168],[121.0532,24.6154],[121.0515,24.6152],[121.0518,24.6159],[121.0517,24.6173],[121.0504,24.6184],[121.0494,24.6186],[121.0483,24.6198],[121.0464,24.6225],[121.0465,24.623],[121.0456,24.6245],[121.0448,24.6248],[121.0441,24.6263],[121.0432,24.6272],[121.0405,24.627],[121.0393,24.6294],[121.037,24.6298],[121.0336,24.632],[121.0313,24.6326],[121.0305,24.6324],[121.0294,24.6329],[121.0282,24.6342],[121.0257,24.6362],[121.0252,24.6378],[121.0259,24.6397],[121.0253,24.6413],[121.0228,24.6418],[121.0185,24.6408],[121.0167,24.6406],[121.0144,24.6409],[121.0118,24.6425],[121.0102,24.6439],[121.0082,24.6443],[121.0083,24.6457],[121.009,24.6476],[121.0081,24.6504],[121.0088,24.6516],[121.0095,24.6515],[121.0108,24.6526],[121.0109,24.6545],[121.0102,24.6562],[121.007,24.6558],[121.0061,24.6553],[121.0043,24.6564],[121.0033,24.6562],[121.0003,24.6548],[120.9971,24.6547],[120.9961,24.6555],[120.9955,24.6572],[120.9961,24.6581],[120.9947,24.6595],[120.9916,24.6596],[120.9906,24.6604],[120.9905,24.6617],[120.9907,24.6647],[120.9901,24.6648],[120.9894,24.6632],[120.9889,24.663],[120.9868,24.6638],[120.9858,24.6651],[120.9854,24.6666],[120.9832,24.6672],[120.9832,24.6698],[120.9817,24.6711],[120.9818,24.6718],[120.9799,24.6734],[120.9776,24.674],[120.9765,24.6754],[120.9775,24.6782],[120.9767,24.6793],[120.9768,24.6806],[120.9764,24.6809],[120.9764,24.6831],[120.9756,24.6846],[120.9744,24.6849],[120.9736,24.6858],[120.9717,24.6855],[120.9706,24.6842],[120.97,24.6845],[120.9671,24.6844],[120.9644,24.6836],[120.965,24.6848],[120.9657,24.6848],[120.9668,24.6862],[120.9652,24.688],[120.9664,24.6893],[120.966,24.6904],[120.9665,24.6913],[120.9679,24.6919],[120.9684,24.6932],[120.9698,24.6938],[120.9706,24.6945],[120.9706,24.6952],[120.9716,24.6959],[120.9718,24.6967],[120.9725,24.697],[120.9736,24.6968],[120.9741,24.6994],[120.9731,24.7023],[120.9722,24.7033],[120.9724,24.7041],[120.9734,24.7045],[120.9746,24.7044],[120.9758,24.7049],[120.9767,24.7065],[120.9758,24.7071],[120.9746,24.7086],[120.9758,24.7093],[120.9753,24.7107],[120.9739,24.7118],[120.9718,24.7124],[120.9707,24.712],[120.9703,24.7109],[120.9686,24.7112],[120.9664,24.7097],[120.9647,24.7105],[120.9639,24.7116],[120.9623,24.7109],[120.9623,24.7097],[120.9609,24.7093],[120.9596,24.7069],[120.9568,24.7066],[120.9548,24.7043],[120.953,24.7041],[120.9533,24.7061],[120.9525,24.7063],[120.952,24.7075],[120.951,24.7077],[120.9508,24.7097],[120.9498,24.7112],[120.9482,24.7112],[120.9464,24.7098],[120.9454,24.7098],[120.9452,24.708],[120.9441,24.7076],[120.9419,24.7074],[120.9405,24.7084],[120.94,24.7083],[120.9378,24.7098],[120.9374,24.7108],[120.9365,24.7108],[120.9354,24.7126],[120.936,24.7136],[120.936,24.7147],[120.9367,24.715],[120.9386,24.7166],[120.9382,24.7183],[120.9387,24.7189],[120.9388,24.7204],[120.9384,24.7211],[120.939,24.7226],[120.9387,24.725],[120.9393,24.7254],[120.9386,24.7268],[120.9379,24.7271],[120.9389,24.7276],[120.9381,24.7296],[120.9397,24.7295],[120.9406,24.7284],[120.9418,24.7286],[120.9423,24.7304],[120.9411,24.7319],[120.9399,24.7325],[120.9407,24.734],[120.9417,24.735],[120.9418,24.7373],[120.9432,24.739],[120.943,24.7398],[120.9437,24.7413],[120.9438,24.7437],[120.9443,24.7444],[120.9462,24.7453],[120.9465,24.7449],[120.9481,24.7452],[120.9491,24.7444],[120.9511,24.7445],[120.952,24.7438],[120.9526,24.7441],[120.9539,24.7434],[120.9563,24.7451],[120.9575,24.7453],[120.9578,24.7461],[120.9572,24.7483],[120.9575,24.7496],[120.9586,24.7492],[120.9603,24.7503],[120.9616,24.7514],[120.9619,24.7528],[120.9629,24.7543],[120.9627,24.7549],[120.9636,24.7555],[120.9644,24.7552],[120.9653,24.7562],[120.9665,24.7558],[120.9674,24.7565],[120.9677,24.7575],[120.9675,24.7585],[120.9675,24.7606],[120.9687,24.7622],[120.969,24.7638],[120.9698,24.7652],[120.971,24.7657],[120.9716,24.7647],[120.9733,24.7642],[120.9744,24.765],[120.975,24.764],[120.9765,24.7644],[120.9771,24.7631],[120.9787,24.7635],[120.9795,24.7633],[120.9805,24.7641],[120.9806,24.7655],[120.9822,24.7675],[120.9832,24.7674],[120.984,24.768],[120.987,24.7684],[120.9884,24.7681],[120.987,24.7702],[120.9863,24.7727],[120.9865,24.7734],[120.9849,24.776],[120.9858,24.7769],[120.9882,24.7774],[120.9892,24.7769],[120.9906,24.7772],[120.9917,24.779],[120.9929,24.7805],[120.996,24.78],[120.9979,24.7789],[120.9997,24.7783],[121.0046,24.7752],[121.0067,24.7743],[121.0082,24.7744],[121.0099,24.7737],[121.0106,24.7729],[121.0136,24.7709],[121.0159,24.7672],[121.0171,24.7657],[121.0169,24.7649],[121.0183,24.7638],[121.0187,24.7626],[121.0189,24.7609],[121.0193,24.759],[121.0202,24.7569],[121.0209,24.7566],[121.0226,24.7569],[121.0238,24.7568],[121.0245,24.7572],[121.0275,24.7579],[121.0283,24.7584],[121.0291,24.7597],[121.0306,24.7612],[121.0328,24.762],[121.0335,24.7641],[121.033,24.7649],[121.0305,24.7659],[121.0299,24.7665],[121.0297,24.768],[121.0292,24.7689],[121.0295,24.7696],[121.0293,24.771],[121.0302,24.7714],[121.0303,24.7721],[121.0282,24.7732],[121.0294,24.7759],[121.0296,24.7771],[121.0286,24.7767],[121.0275,24.7772],[121.0278,24.7789],[121.026,24.7789],[121.025,24.78],[121.025,24.7805],[121.026,24.7803],[121.027,24.7812],[121.0275,24.7827],[121.0248,24.7843],[121.0233,24.7849],[121.0233,24.7857],[121.025,24.7861],[121.0243,24.7877],[121.0245,24.7893],[121.0235,24.7905],[121.0221,24.7904],[121.0206,24.7941],[121.0216,24.7951],[121.0227,24.7955],[121.0231,24.7961],[121.0223,24.7967],[121.0206,24.7988],[121.0221,24.7985],[121.0257,24.799],[121.0213,24.8016],[121.0207,24.8032],[121.0196,24.8044],[121.0182,24.8073],[121.0172,24.8079],[121.0151,24.8086],[121.0103,24.8138],[121.0083,24.8162],[121.0069,24.817],[121.0044,24.8193],[121.0023,24.8202],[121.0004,24.8221],[120.9956,24.8234],[120.9927,24.8235],[120.9904,24.8243],[120.9891,24.8252],[120.9877,24.8256],[120.987,24.8264],[120.9854,24.8294],[120.9839,24.8306],[120.9815,24.8312],[120.9792,24.83],[120.9776,24.8297],[120.9746,24.83],[120.9692,24.8322],[120.9674,24.8326],[120.9633,24.8325],[120.9603,24.8329],[120.9579,24.8336],[120.957,24.8336],[120.9553,24.8344],[120.9528,24.8362],[120.9475,24.8399],[120.9448,24.8411],[120.944,24.8441],[120.9432,24.8465],[120.9404,24.85],[120.9357,24.8522],[120.934,24.8527],[120.9313,24.8526],[120.9252,24.8548],[120.9269,24.8554],[120.9275,24.8568],[120.9274,24.859],[120.9278,24.8595],[120.9309,24.8602],[120.9335,24.8617],[120.9349,24.863],[120.9393,24.8672],[120.9407,24.869],[120.943,24.8722],[120.9438,24.8747],[120.9465,24.8787],[120.9474,24.8838],[120.9494,24.887],[120.9513,24.8897],[120.9517,24.8907],[120.952,24.8939],[120.9526,24.8954],[120.9579,24.9013],[120.9589,24.9029],[120.9621,24.9106],[120.9645,24.9158],[120.9663,24.9218],[120.9681,24.9256],[120.9697,24.9285],[120.9747,24.9332],[120.9805,24.9383],[120.9808,24.9391],[120.982,24.94],[120.9874,24.939],[120.9887,24.9378],[120.9899,24.936],[120.9918,24.935],[120.9927,24.9351],[120.9927,24.9369],[120.9933,24.9382],[120.9942,24.9391],[120.9968,24.9398],[120.9976,24.9405],[120.9991,24.9409],[120.9997,24.9405],[121.0022,24.94],[121.0031,24.9403],[121.0043,24.9431],[121.0066,24.9459],[121.0071,24.9462],[121.0096,24.9443],[121.0119,24.9448],[121.0127,24.9431],[121.016,24.9416],[121.0179,24.9417],[121.0194,24.9404],[121.0212,24.9414],[121.0223,24.9414],[121.0259,24.9406],[121.0264,24.9422],[121.0282,24.944],[121.0288,24.9451],[121.0298,24.9451],[121.0309,24.9439],[121.0316,24.9443],[121.0345,24.9449],[121.0369,24.9461],[121.0379,24.9464],[121.0387,24.946],[121.0392,24.9445],[121.0408,24.9433],[121.0424,24.9442],[121.0445,24.9435],[121.0463,24.9435],[121.0461,24.9426],[121.0471,24.9416],[121.048,24.9413],[121.0481,24.9399],[121.0503,24.9386],[121.0518,24.9386],[121.0537,24.9372],[121.0554,24.9362],[121.0571,24.9368],[121.0583,24.9368],[121.0586,24.9352],[121.0577,24.9333],[121.0583,24.9325],[121.0576,24.9306],[121.0584,24.9301],[121.0597,24.9258],[121.0608,24.9245],[121.0609,24.9234],[121.0607,24.9217],[121.0601,24.9207],[121.0609,24.9203],[121.0597,24.9165],[121.0582,24.9139],[121.0581,24.9103],[121.0592,24.9081],[121.0591,24.9072],[121.0576,24.9058],[121.0598,24.9045],[121.0603,24.9039],[121.0614,24.9038],[121.0625,24.9046],[121.0642,24.9038],[121.068,24.9032],[121.0703,24.9021],[121.071,24.901],[121.0711,24.8995],[121.0736,24.8999],[121.0762,24.8994],[121.077,24.8987],[121.0787,24.8988],[121.0809,24.8984],[121.082,24.899],[121.0834,24.8989],[121.0856,24.8977],[121.0866,24.8965],[121.0894,24.8954],[121.0913,24.8934],[121.0926,24.8934],[121.0965,24.8942],[121.0983,24.8946],[121.1013,24.8952],[121.1048,24.8962],[121.1091,24.8977],[121.1101,24.8961],[121.1098,24.8957],[121.1104,24.894],[121.111,24.891],[121.1099,24.8887],[121.1092,24.8881],[121.1093,24.8875],[121.1081,24.8867],[121.1078,24.886],[121.1087,24.886],[121.1122,24.8837],[121.1135,24.8826],[121.115,24.8825],[121.1163,24.8817],[121.1171,24.8818],[121.1203,24.8807],[121.124,24.8799],[121.1259,24.8806],[121.1281,24.881],[121.1297,24.8797],[121.1312,24.8801],[121.1335,24.8795],[121.1344,24.8783],[121.1356,24.878],[121.1357,24.879],[121.1365,24.8797],[121.1368,24.881],[121.1389,24.8824],[121.1396,24.8824],[121.1411,24.8815],[121.1426,24.8817],[121.1446,24.8802],[121.1456,24.8808],[121.1476,24.8809],[121.1493,24.8812],[121.1497,24.8806],[121.1508,24.881],[121.1524,24.8802],[121.1543,24.8802],[121.1557,24.8807],[121.157,24.8782],[121.1579,24.8773],[121.1582,24.875],[121.1579,24.8744],[121.1562,24.8745],[121.1569,24.8736],[121.1571,24.8723],[121.1577,24.8724],[121.1588,24.8705],[121.16,24.8665],[121.1602,24.8646],[121.1608,24.8631],[121.1599,24.8624],[121.1607,24.8613],[121.1603,24.861],[121.1614,24.8596],[121.16,24.8585],[121.1592,24.8588],[121.16,24.8578],[121.1593,24.8579],[121.1577,24.857],[121.1581,24.8567],[121.1568,24.8561],[121.1569,24.8554],[121.1563,24.8538],[121.1571,24.8526],[121.1561,24.8521],[121.1555,24.8499],[121.1538,24.849],[121.1536,24.8474],[121.1528,24.8462],[121.15,24.8446],[121.1501,24.8443],[121.1521,24.8438],[121.1542,24.8441],[121.1547,24.8423],[121.1561,24.8419],[121.1563,24.8408],[121.1582,24.8393],[121.1595,24.8386],[121.1602,24.8373],[121.1617,24.8375],[121.1658,24.8359],[121.1665,24.8362],[121.1689,24.834],[121.1694,24.8348],[121.1721,24.8342],[121.1738,24.8334],[121.1745,24.8323],[121.1763,24.832],[121.1758,24.831],[121.174,24.8289],[121.1738,24.8277],[121.1768,24.8273],[121.1796,24.8261],[121.1831,24.8251],[121.1859,24.8238],[121.1891,24.8221],[121.1921,24.82],[121.1965,24.8178],[121.1969,24.8167],[121.1989,24.8149],[121.1997,24.8152],[121.1993,24.8161],[121.2008,24.8178],[121.2018,24.8179],[121.2033,24.8173],[121.2023,24.8167],[121.2031,24.8157],[121.2034,24.8141],[121.2057,24.813],[121.2057,24.8122],[121.2043,24.8119],[121.203,24.8108],[121.2028,24.8099],[121.2045,24.8084],[121.2047,24.8072],[121.2059,24.8075],[121.2076,24.807],[121.2083,24.8074],[121.2084,24.8082],[121.2094,24.8088],[121.2096,24.8095],[121.2108,24.8098],[121.2116,24.8104],[121.2128,24.8105],[121.2149,24.812],[121.217,24.8124],[121.2197,24.8117],[121.2197,24.8109],[121.2188,24.8095],[121.2188,24.8085],[121.2199,24.8074],[121.2196,24.8059],[121.2196,24.8041],[121.2209,24.803],[121.2215,24.7995],[121.223,24.7999],[121.2252,24.8009],[121.2281,24.8028],[121.23,24.8031],[121.231,24.8036],[121.2332,24.8039],[121.2344,24.8043],[121.2359,24.8042],[121.2364,24.8046],[121.2382,24.8047],[121.2398,24.8057],[121.2409,24.8059],[121.2423,24.8071],[121.2429,24.8085],[121.2434,24.8087],[121.2454,24.807],[121.2454,24.8061],[121.2465,24.8052],[121.2474,24.8035],[121.2477,24.8024],[121.2476,24.8011],[121.2466,24.8002],[121.2469,24.7985],[121.2478,24.7966],[121.2504,24.7957],[121.2511,24.7945],[121.2536,24.7936],[121.2547,24.7939],[121.2578,24.7928],[121.2597,24.7937],[121.2603,24.7932],[121.261,24.7917],[121.2612,24.7903],[121.2604,24.7879],[121.2586,24.7864],[121.2585,24.7851],[121.2596,24.7837],[121.2601,24.7819],[121.2633,24.7811],[121.2651,24.7812],[121.266,24.7798],[121.2678,24.78],[121.2684,24.7794],[121.2712,24.7779],[121.2714,24.7766],[121.2713,24.7748],[121.2736,24.7746],[121.2752,24.7733],[121.2767,24.7712],[121.2774,24.7709],[121.2825,24.7704],[121.2843,24.7704],[121.286,24.7698],[121.2872,24.7689],[121.2882,24.7685],[121.2917,24.768],[121.2926,24.7675],[121.293,24.7656],[121.2939,24.764],[121.2963,24.7633],[121.2986,24.7629],[121.3003,24.7636],[121.3015,24.763],[121.3019,24.7615],[121.3038,24.7579],[121.3056,24.7561],[121.3077,24.755],[121.3067,24.7527],[121.306,24.7521],[121.3051,24.7502],[121.3056,24.7475],[121.3053,24.7463],[121.304,24.7452],[121.3015,24.7426],[121.3009,24.7414],[121.3003,24.7393],[121.3002,24.7377],[121.2996,24.737],[121.2984,24.7345],[121.2981,24.7332],[121.2987,24.7307],[121.3007,24.7297],[121.3015,24.7286],[121.3039,24.7265],[121.3053,24.7261],[121.3057,24.7241],[121.3076,24.7199],[121.3072,24.717],[121.3066,24.7152],[121.3064,24.7131],[121.3057,24.7114],[121.3044,24.7101],[121.3033,24.7084],[121.303,24.7057],[121.3022,24.7039],[121.3023,24.7019],[121.3016,24.7003],[121.3004,24.6984],[121.2995,24.6963],[121.2995,24.6956],[121.3008,24.694],[121.3039,24.6929],[121.3068,24.6941],[121.3097,24.6959],[121.3132,24.6977],[121.3148,24.6981],[121.3182,24.698],[121.319,24.6974],[121.3194,24.6964],[121.321,24.6955],[121.3231,24.6954],[121.3242,24.695],[121.3264,24.6937],[121.3294,24.6913],[121.3311,24.6894],[121.3339,24.6859],[121.3357,24.6838],[121.3375,24.6809],[121.3383,24.6803],[121.339,24.6791],[121.3394,24.6757],[121.3391,24.675],[121.3397,24.6732],[121.3398,24.6701],[121.3393,24.6693],[121.3396,24.6682],[121.3391,24.6667],[121.3404,24.6664],[121.3425,24.6689],[121.344,24.6693],[121.3449,24.6667],[121.3458,24.6665],[121.3483,24.6678],[121.3495,24.6677],[121.3505,24.6665],[121.3514,24.6661],[121.352,24.6663],[121.3535,24.6678],[121.3536,24.6665],[121.353,24.6654],[121.3536,24.6651],[121.3533,24.6629],[121.3535,24.6619],[121.3531,24.6602],[121.3538,24.659],[121.3529,24.6562],[121.3535,24.6557],[121.3523,24.654],[121.3522,24.6527],[121.353,24.6488],[121.3522,24.6451],[121.3524,24.6435],[121.3539,24.642],[121.3559,24.6411],[121.3574,24.6376],[121.3574,24.6349],[121.3581,24.6335],[121.361,24.6338],[121.3635,24.6325],[121.3656,24.6318],[121.3664,24.6318],[121.3656,24.6309],[121.3654,24.6283],[121.3648,24.6264],[121.3638,24.6246],[121.3633,24.623],[121.3631,24.6207],[121.3619,24.6207],[121.3601,24.6185],[121.3589,24.6174],[121.3588,24.6167],[121.3595,24.6146],[121.3595,24.6138],[121.3611,24.6125],[121.3612,24.6101],[121.3637,24.6079],[121.3643,24.6059],[121.3635,24.6041],[121.3633,24.6031],[121.366,24.6007],[121.3662,24.6],[121.3673,24.5988],[121.3709,24.5975],[121.372,24.5968],[121.3722,24.5949],[121.3728,24.5937],[121.3769,24.5923],[121.383,24.5894],[121.3876,24.5865],[121.3913,24.5865],[121.3946,24.5874],[121.3957,24.5889],[121.3973,24.5893],[121.3985,24.59],[121.3998,24.5903],[121.4014,24.5915],[121.403,24.5917],[121.403,24.5911]]]]}},{"type":"Feature","properties":{"name":"苗栗縣","nameEn":"Miaoli County","code":"10005"},"geometry":{"type":"MultiPolygon","coordinates":[[[[120.9365,24.7108],[120.9374,24.7108],[120.9378,24.7098],[120.94,24.7083],[120.9405,24.7084],[120.9419,24.7074],[120.9441,24.7076],[120.9452,24.708],[120.9454,24.7098],[120.9464,24.7098],[120.9482,24.7112],[120.9498,24.7112],[120.9508,24.7097],[120.951,24.7077],[120.952,24.7075],[120.9525,24.7063],[120.9533,24.7061],[120.953,24.7041],[120.9548,24.7043],[120.9568,24.7066],[120.9596,24.7069],[120.9609,24.7093],[120.9623,24.7097],[120.9623,24.7109],[120.9639,24.7116],[120.9647,24.7105],[120.9664,24.7097],[120.9686,24.7112],[120.9703,24.7109],[120.9707,24.712],[120.9718,24.7124],[120.9739,24.7118],[120.9753,24.7107],[120.9758,24.7093],[120.9746,24.7086],[120.9758,24.7071],[120.9767,24.7065],[120.9758,24.7049],[120.9746,24.7044],[120.9734,24.7045],[120.9724,24.7041],[120.9722,24.7033],[120.9731,24.7023],[120.9741,24.6994],[120.9736,24.6968],[120.9725,24.697],[120.9718,24.6967],[120.9716,24.6959],[120.9706,24.6952],[120.9706,24.6945],[120.9698,24.6938],[120.9684,24.6932],[120.9679,24.6919],[120.9665,24.6913],[120.966,24.6904],[120.9664,24.6893],[120.9652,24.688],[120.9668,24.6862],[120.9657,24.6848],[120.965,24.6848],[120.9644,24.6836],[120.9671,24.6844],[120.97,24.6845],[120.9706,24.6842],[120.9717,24.6855],[120.9736,24.6858],[120.9744,24.6849],[120.9756,24.6846],[120.9764,24.6831],[120.9764,24.6809],[120.9768,24.6806],[120.9767,24.6793],[120.9775,24.6782],[120.9765,24.6754],[120.9776,24.674],[120.9799,24.6734],[120.9818,24.6718],[120.9817,24.6711],[120.9832,24.6698],[120.9832,24.6672],[120.9854,24.6666],[120.9858,24.6651],[120.9868,24.6638],[120.9889,24.663],[120.9894,24.6632],[120.9901,24.6648],[120.9907,24.6647],[120.9905,24.6617],[120.9906,24.6604],[120.9916,24.6596],[120.9947,24.6595],[120.9961,24.6581],[120.9955,24.6572],[120.9961,24.6555],[120.9971,24.6547],[121.0003,24.6548],[121.0033,24.6562],[121.0043,24.6564],[121.0061,24.6553],[121.007,24.6558],[121.0102,24.6562],[121.0109,24.6545],[121.0108,24.6526],[121.0095,24.6515],[121.0088,24.6516],[121.0081,24.6504],[121.009,24.6476],[121.0083,24.6457],[121.0082,24.6443],[121.0102,24.6439],[121.0118,24.6425],[121.0144,24.6409],[121.0167,24.6406],[121.0185,24.6408],[121.0228,24.6418],[121.0253,24.6413],[121.0259,24.6397],[121.0252,24.6378],[121.0257,24.6362],[121.0282,24.6342],[121.0294,24.6329],[121.0305,24.6324],[121.0313,24.6326],[121.0336,24.632],[121.037,24.6298],[121.0393,24.6294],[121.0405,24.627],[121.0432,24.6272],[121.0441,24.6263],[121.0448,24.6248],[121.0456,24.6245],[121.0465,24.623],[121.0464,24.6225],[121.0483,24.6198],[121.0494,24.6186],[121.0504,24.6184],[121.0517,24.6173],[121.0518,24.6159],[121.0515,24.6152],[121.0532,24.6154],[121.0549,24.6168],[121.0555,24.618],[121.0569,24.6183],[121.0585,24.62],[121.0603,24.6208],[121.0615,24.6218],[121.0626,24.6218],[121.0628,24.621],[121.0639,24.6195],[121.0648,24.6194],[121.0659,24.6182],[121.0669,24.6161],[121.0681,24.6149],[121.0704,24.6141],[121.0718,24.6139],[121.0738,24.6132],[121.0749,24.6123],[121.0755,24.6113],[121.0761,24.6086],[121.0754,24.6067],[121.0753,24.6055],[121.0756,24.6038],[121.0764,24.6031],[121.0798,24.6016],[121.0813,24.6006],[121.0824,24.5955],[121.0828,24.5947],[121.0826,24.5925],[121.083,24.5898],[121.081,24.5885],[121.0797,24.5882],[121.0794,24.5878],[121.079,24.5842],[121.0775,24.5824],[121.0755,24.581],[121.0752,24.5788],[121.0743,24.5755],[121.0727,24.5728],[121.072,24.5679],[121.0715,24.5661],[121.0707,24.5644],[121.0706,24.5634],[121.0677,24.5619],[121.0628,24.5575],[121.0625,24.5574],[121.0614,24.56],[121.0584,24.5606],[121.0582,24.5579],[121.0589,24.5572],[121.0622,24.5562],[121.0628,24.5551],[121.0666,24.5532],[121.07,24.5506],[121.0735,24.5494],[121.0745,24.5484],[121.0743,24.5471],[121.0761,24.544],[121.0768,24.5434],[121.0783,24.5428],[121.0802,24.5414],[121.0806,24.5409],[121.0801,24.5389],[121.0801,24.5379],[121.0792,24.5359],[121.0778,24.5342],[121.0787,24.5325],[121.0784,24.5292],[121.0774,24.5282],[121.0756,24.5278],[121.0722,24.5264],[121.067,24.523],[121.0667,24.5208],[121.0675,24.5194],[121.0685,24.5165],[121.0686,24.5124],[121.0693,24.5093],[121.0682,24.5068],[121.0703,24.5061],[121.0712,24.5042],[121.0721,24.5034],[121.0721,24.5013],[121.0717,24.5005],[121.0719,24.4984],[121.0752,24.4994],[121.0789,24.4991],[121.084,24.5012],[121.0856,24.5013],[121.0871,24.5003],[121.0878,24.4994],[121.0891,24.4988],[121.0904,24.4979],[121.0925,24.4974],[121.0945,24.4966],[121.0978,24.4964],[121.0985,24.4966],[121.0998,24.498],[121.1009,24.4984],[121.1025,24.4983],[121.1031,24.4991],[121.1046,24.4998],[121.1053,24.5006],[121.108,24.5007],[121.1092,24.5012],[121.1107,24.5029],[121.1133,24.5065],[121.1162,24.5081],[121.1173,24.5085],[121.1207,24.5084],[121.1222,24.5092],[121.123,24.5101],[121.1237,24.5101],[121.1256,24.5084],[121.1275,24.5083],[121.1297,24.5067],[121.1333,24.5068],[121.137,24.5067],[121.1398,24.5082],[121.1434,24.5109],[121.145,24.5119],[121.1457,24.5102],[121.1471,24.5087],[121.1506,24.5061],[121.1545,24.5068],[121.1571,24.5061],[121.1579,24.5052],[121.1619,24.5035],[121.1643,24.5036],[121.1674,24.5029],[121.1693,24.5026],[121.1706,24.5041],[121.1722,24.5046],[121.1743,24.5048],[121.1761,24.5059],[121.177,24.507],[121.1779,24.5077],[121.1798,24.508],[121.1829,24.508],[121.1844,24.5065],[121.1867,24.5054],[121.1918,24.5075],[121.1953,24.507],[121.1965,24.5076],[121.1981,24.5088],[121.1999,24.511],[121.2005,24.5115],[121.2024,24.5117],[121.2032,24.5125],[121.2047,24.5122],[121.2054,24.5128],[121.207,24.5129],[121.208,24.5117],[121.2099,24.5116],[121.214,24.5148],[121.2152,24.5154],[121.2165,24.5152],[121.2176,24.514],[121.2177,24.5113],[121.2174,24.5099],[121.2198,24.5083],[121.2221,24.5075],[121.2234,24.5067],[121.2235,24.506],[121.2221,24.505],[121.221,24.5027],[121.221,24.5015],[121.2198,24.5009],[121.2187,24.4983],[121.2214,24.4965],[121.2235,24.4944],[121.2252,24.4936],[121.2286,24.4925],[121.2297,24.4899],[121.2298,24.4891],[121.2306,24.4886],[121.2334,24.4875],[121.2346,24.4877],[121.2346,24.4838],[121.2355,24.4831],[121.2385,24.4814],[121.2392,24.4803],[121.2423,24.4785],[121.2433,24.4773],[121.244,24.4756],[121.2445,24.4717],[121.2444,24.4701],[121.2464,24.4688],[121.2491,24.466],[121.2528,24.4645],[121.2549,24.4644],[121.2581,24.4632],[121.2581,24.4573],[121.26,24.4563],[121.2615,24.456],[121.2626,24.4551],[121.2609,24.4525],[121.2606,24.4514],[121.2607,24.4501],[121.2614,24.4482],[121.2622,24.4481],[121.2609,24.4456],[121.2616,24.444],[121.2605,24.4423],[121.2595,24.4415],[121.2587,24.4403],[121.2588,24.4382],[121.2596,24.4374],[121.26,24.4362],[121.2596,24.4315],[121.2591,24.4309],[121.2602,24.429],[121.2594,24.4284],[121.2576,24.425],[121.25,24.4249],[121.2491,24.4238],[121.2466,24.423],[121.2457,24.4224],[121.2439,24.4201],[121.2433,24.4182],[121.2436,24.4166],[121.2427,24.4147],[121.242,24.414],[121.2429,24.4128],[121.2434,24.4109],[121.2429,24.4091],[121.2433,24.4081],[121.2436,24.4057],[121.2426,24.4046],[121.2401,24.4035],[121.2382,24.4016],[121.238,24.4003],[121.2357,24.3986],[121.2347,24.3973],[121.2346,24.3959],[121.235,24.3939],[121.235,24.392],[121.2346,24.3911],[121.2316,24.3875],[121.2322,24.3843],[121.2314,24.3837],[121.2289,24.3834],[121.2271,24.383],[121.2256,24.383],[121.2233,24.3825],[121.2222,24.382],[121.2182,24.3812],[121.2168,24.3805],[121.2159,24.3795],[121.2142,24.3811],[121.2134,24.3821],[121.2133,24.3844],[121.2112,24.3884],[121.2104,24.3919],[121.2108,24.3936],[121.2106,24.3957],[121.2088,24.3966],[121.2072,24.3979],[121.2044,24.3979],[121.2033,24.3976],[121.2007,24.3976],[121.1972,24.3966],[121.1969,24.392],[121.1953,24.39],[121.193,24.3858],[121.1911,24.3839],[121.1902,24.3816],[121.1866,24.3812],[121.1847,24.3815],[121.1833,24.381],[121.1824,24.3802],[121.1817,24.3789],[121.1785,24.3779],[121.177,24.3767],[121.1747,24.3739],[121.1733,24.3731],[121.173,24.3707],[121.1741,24.369],[121.1731,24.3684],[121.1724,24.3668],[121.1711,24.3661],[121.169,24.3643],[121.1689,24.3615],[121.168,24.3607],[121.1665,24.3606],[121.1647,24.361],[121.1623,24.3606],[121.1594,24.3608],[121.1555,24.359],[121.1509,24.3587],[121.1493,24.358],[121.146,24.3579],[121.1441,24.3583],[121.141,24.3596],[121.14,24.3583],[121.138,24.3563],[121.1378,24.3546],[121.1364,24.3531],[121.1336,24.3517],[121.1312,24.3493],[121.1314,24.3482],[121.1309,24.3474],[121.1302,24.3447],[121.1281,24.3419],[121.1263,24.3416],[121.1253,24.342],[121.1241,24.3406],[121.1228,24.3382],[121.1221,24.3364],[121.1214,24.3338],[121.1218,24.3319],[121.1216,24.3307],[121.1186,24.3304],[121.1171,24.3296],[121.1149,24.3286],[121.1086,24.331],[121.1062,24.3285],[121.1053,24.3282],[121.1037,24.3267],[121.1023,24.3246],[121.0997,24.3238],[121.0983,24.3237],[121.0952,24.322],[121.0951,24.3208],[121.0944,24.3198],[121.0919,24.3186],[121.0901,24.3187],[121.0883,24.3183],[121.0875,24.3175],[121.0866,24.3176],[121.0858,24.3184],[121.0851,24.3197],[121.0834,24.3213],[121.0816,24.324],[121.081,24.3241],[121.0789,24.3229],[121.0753,24.3226],[121.0731,24.3228],[121.0737,24.3214],[121.0739,24.3195],[121.0736,24.3188],[121.0726,24.3184],[121.0716,24.317],[121.0709,24.3168],[121.0702,24.3158],[121.0693,24.3155],[121.0656,24.3157],[121.0643,24.3152],[121.0615,24.3134],[121.0602,24.3129],[121.0584,24.3127],[121.0576,24.3114],[121.0553,24.3103],[121.0549,24.3077],[121.0541,24.3067],[121.0537,24.3056],[121.0526,24.3042],[121.0521,24.3019],[121.0521,24.299],[121.0514,24.2978],[121.0494,24.2961],[121.0471,24.2961],[121.0452,24.2953],[121.0411,24.2961],[121.0381,24.2964],[121.0353,24.2972],[121.0341,24.2978],[121.0331,24.2988],[121.0326,24.3004],[121.0317,24.302],[121.0294,24.3047],[121.0262,24.3067],[121.0238,24.3076],[121.02,24.3092],[121.018,24.3113],[121.0157,24.3176],[121.0145,24.3201],[121.0124,24.3223],[121.0116,24.324],[121.0082,24.3269],[121.0047,24.332],[121.0023,24.3328],[121.0005,24.3327],[120.9995,24.332],[120.9984,24.3307],[120.9973,24.3301],[120.996,24.3303],[120.9951,24.3299],[120.9925,24.3296],[120.991,24.3298],[120.9854,24.3318],[120.9838,24.3344],[120.982,24.3359],[120.9799,24.3345],[120.9772,24.3347],[120.9724,24.3335],[120.9701,24.3336],[120.9688,24.3334],[120.9662,24.3335],[120.9627,24.3348],[120.9602,24.3351],[120.9592,24.3366],[120.9568,24.3393],[120.956,24.3393],[120.9541,24.3386],[120.9523,24.3391],[120.9496,24.3392],[120.9465,24.3391],[120.9449,24.3398],[120.9425,24.3391],[120.94,24.34],[120.938,24.3418],[120.9356,24.3429],[120.9328,24.3421],[120.9287,24.3397],[120.9263,24.3386],[120.9227,24.3379],[120.9196,24.3371],[120.917,24.3357],[120.9164,24.3342],[120.9167,24.3327],[120.9179,24.3296],[120.9181,24.3286],[120.9197,24.3242],[120.9205,24.3201],[120.9207,24.3181],[120.9201,24.3152],[120.9201,24.3112],[120.9206,24.3087],[120.922,24.3063],[120.9225,24.3047],[120.9224,24.3036],[120.9215,24.302],[120.9199,24.3007],[120.9168,24.299],[120.9117,24.294],[120.9089,24.2939],[120.9061,24.2927],[120.9045,24.2922],[120.902,24.2923],[120.8998,24.2928],[120.8954,24.2933],[120.8916,24.2941],[120.8848,24.2944],[120.8816,24.2949],[120.8775,24.2951],[120.8749,24.2949],[120.8689,24.2936],[120.8657,24.2927],[120.8572,24.2891],[120.8548,24.2888],[120.8495,24.2885],[120.8442,24.2888],[120.8415,24.2892],[120.8381,24.2893],[120.8365,24.2896],[120.8336,24.2905],[120.8321,24.2921],[120.8307,24.2932],[120.8294,24.2937],[120.8282,24.295],[120.8253,24.2968],[120.8228,24.2996],[120.8195,24.3038],[120.8188,24.3055],[120.8176,24.3074],[120.8153,24.3087],[120.8119,24.3116],[120.8098,24.3127],[120.8075,24.3151],[120.8055,24.316],[120.8023,24.3162],[120.7991,24.3162],[120.7962,24.3164],[120.792,24.3176],[120.7913,24.3174],[120.7877,24.3184],[120.7867,24.3181],[120.7838,24.3184],[120.7824,24.3192],[120.78,24.3199],[120.7784,24.3201],[120.7777,24.3206],[120.7746,24.3211],[120.7715,24.3226],[120.7675,24.3253],[120.7633,24.3259],[120.7615,24.3274],[120.7596,24.3285],[120.7585,24.3286],[120.7537,24.3324],[120.7522,24.3342],[120.7486,24.3362],[120.7433,24.3405],[120.7416,24.3425],[120.7385,24.3451],[120.7345,24.3479],[120.7317,24.3504],[120.7304,24.3518],[120.7284,24.3528],[120.7243,24.3541],[120.7232,24.3547],[120.7206,24.3551],[120.7178,24.356],[120.711,24.357],[120.7073,24.3579],[120.7072,24.3605],[120.7075,24.3617],[120.7034,24.3618],[120.7001,24.3632],[120.6983,24.3648],[120.6934,24.3668],[120.692,24.3683],[120.6912,24.3712],[120.6898,24.3745],[120.6885,24.375],[120.6874,24.377],[120.6857,24.3789],[120.6773,24.3842],[120.6786,24.3871],[120.6769,24.3878],[120.6742,24.3898],[120.6736,24.3907],[120.6723,24.3913],[120.6714,24.3911],[120.6701,24.392],[120.669,24.3945],[120.6676,24.396],[120.6674,24.3978],[120.6662,24.3989],[120.6657,24.4003],[120.6636,24.4023],[120.6591,24.4057],[120.6582,24.4066],[120.6569,24.4072],[120.6557,24.407],[120.6553,24.4075],[120.6538,24.4077],[120.652,24.4083],[120.6504,24.4094],[120.6487,24.4095],[120.6481,24.4101],[120.6483,24.4112],[120.6475,24.4118],[120.6461,24.4122],[120.6453,24.4145],[120.6439,24.4149],[120.6433,24.4153],[120.6434,24.4162],[120.6429,24.4169],[120.6429,24.4185],[120.6432,24.4217],[120.6411,24.4231],[120.6402,24.4244],[120.6402,24.4254],[120.6397,24.4278],[120.6376,24.4292],[120.6364,24.4298],[120.6344,24.4312],[120.6334,24.4316],[120.6318,24.4328],[120.631,24.4346],[120.6294,24.4362],[120.6286,24.438],[120.6263,24.4391],[120.6219,24.4403],[120.6254,24.443],[120.6279,24.4457],[120.6314,24.4476],[120.6326,24.4498],[120.6342,24.4509],[120.6352,24.4525],[120.6378,24.4542],[120.6396,24.4567],[120.6395,24.4591],[120.6396,24.46],[120.6403,24.4607],[120.6438,24.4626],[120.6485,24.4675],[120.6505,24.4688],[120.6527,24.4707],[120.6585,24.4773],[120.6595,24.4787],[120.6601,24.4806],[120.6618,24.4838],[120.6654,24.4836],[120.665,24.4845],[120.6653,24.4868],[120.6661,24.4888],[120.6653,24.4898],[120.6678,24.4934],[120.6676,24.4965],[120.6679,24.4981],[120.6684,24.4998],[120.6705,24.501],[120.6713,24.5021],[120.6726,24.5055],[120.6743,24.5095],[120.6776,24.5145],[120.6794,24.5158],[120.6811,24.5178],[120.6825,24.519],[120.6847,24.5214],[120.6876,24.5287],[120.6881,24.5305],[120.6881,24.5332],[120.6883,24.5356],[120.6887,24.5367],[120.6911,24.539],[120.6913,24.5408],[120.6934,24.5489],[120.6942,24.5501],[120.6958,24.5512],[120.6954,24.5521],[120.6956,24.5531],[120.6967,24.5534],[120.6969,24.5558],[120.6982,24.5585],[120.7012,24.5615],[120.7014,24.5625],[120.702,24.569],[120.7045,24.5728],[120.7047,24.5739],[120.7039,24.5752],[120.705,24.5759],[120.7053,24.5776],[120.7072,24.5804],[120.7081,24.5825],[120.7091,24.5875],[120.7091,24.5889],[120.7098,24.591],[120.7113,24.5929],[120.7127,24.5935],[120.7135,24.5949],[120.7158,24.601],[120.7183,24.6029],[120.7203,24.6042],[120.7217,24.6061],[120.7238,24.6082],[120.726,24.6094],[120.7282,24.6101],[120.73,24.6108],[120.7327,24.6133],[120.735,24.6174],[120.7382,24.6209],[120.7412,24.6212],[120.7428,24.6212],[120.7458,24.6217],[120.7489,24.626],[120.7524,24.6274],[120.7539,24.6303],[120.754,24.6312],[120.756,24.6315],[120.7564,24.6325],[120.7569,24.6363],[120.7571,24.6401],[120.7577,24.6415],[120.7609,24.6431],[120.7625,24.6469],[120.7636,24.6491],[120.7642,24.6495],[120.7665,24.6497],[120.7678,24.6504],[120.7689,24.652],[120.7692,24.6538],[120.7713,24.6555],[120.7764,24.6609],[120.7787,24.6626],[120.7822,24.6645],[120.7844,24.6652],[120.7864,24.6662],[120.7886,24.667],[120.7916,24.6678],[120.7934,24.6677],[120.7979,24.6684],[120.8028,24.6691],[120.8047,24.6697],[120.8065,24.6706],[120.8094,24.6712],[120.8139,24.6718],[120.8208,24.6728],[120.8231,24.6727],[120.8241,24.6734],[120.8276,24.6768],[120.8299,24.6799],[120.8326,24.6824],[120.8379,24.6864],[120.8404,24.6879],[120.8415,24.6889],[120.8423,24.6901],[120.8461,24.6945],[120.8516,24.6994],[120.8553,24.7016],[120.8562,24.7025],[120.8577,24.7067],[120.8576,24.709],[120.8583,24.7126],[120.8593,24.7146],[120.8597,24.7169],[120.8609,24.7199],[120.8616,24.7211],[120.8613,24.7216],[120.8624,24.7236],[120.8648,24.7272],[120.8675,24.7304],[120.8704,24.7333],[120.8731,24.7364],[120.8745,24.7383],[120.881,24.7333],[120.8837,24.7345],[120.8848,24.7328],[120.8876,24.7338],[120.891,24.7318],[120.8924,24.7332],[120.8936,24.7323],[120.8972,24.7334],[120.8991,24.7345],[120.9009,24.7361],[120.9015,24.7364],[120.9038,24.739],[120.9048,24.7394],[120.9059,24.7407],[120.9078,24.7411],[120.9085,24.7406],[120.9087,24.7395],[120.9084,24.7373],[120.909,24.7358],[120.9105,24.7344],[120.9121,24.7323],[120.9128,24.7304],[120.9131,24.7284],[120.9142,24.7271],[120.9138,24.7243],[120.9163,24.7215],[120.9156,24.72],[120.9145,24.7191],[120.9143,24.718],[120.9137,24.7175],[120.9149,24.7168],[120.9178,24.7162],[120.9196,24.7169],[120.921,24.7165],[120.9212,24.7159],[120.9226,24.7148],[120.9239,24.7146],[120.9252,24.7154],[120.9269,24.715],[120.928,24.7158],[120.9288,24.7153],[120.9304,24.7166],[120.9307,24.7152],[120.933,24.7133],[120.9351,24.713],[120.9354,24.7126],[120.9365,24.7108]]]]}},{"type":"Feature","properties":{"name":"彰化縣","nameEn":"Changhua County","code":"10007"},"geometry":{"type":"MultiPolygon","coordinates":[[[[120.4926,24.1951],[120.5044,24.1911],[120.5081,24.1872],[120.5111,24.1806],[120.5143,24.1728],[120.5152,24.1709],[120.5175,24.1653],[120.519,24.1631],[120.5208,24.1585],[120.5236,24.1534],[120.5245,24.1524],[120.5259,24.1485],[120.5257,24.146],[120.5252,24.1443],[120.5244,24.1424],[120.5233,24.1409],[120.5237,24.1395],[120.5276,24.1342],[120.5299,24.1308],[120.5307,24.129],[120.5323,24.1269],[120.5341,24.1256],[120.5404,24.124],[120.5411,24.1234],[120.5415,24.1224],[120.5452,24.1166],[120.5466,24.1161],[120.5497,24.1139],[120.552,24.1135],[120.5537,24.1128],[120.558,24.1125],[120.5656,24.1098],[120.5726,24.1083],[120.5755,24.109],[120.5766,24.1096],[120.5835,24.1095],[120.5855,24.1076],[120.5869,24.1068],[120.589,24.1061],[120.5949,24.1049],[120.6,24.1052],[120.6011,24.1047],[120.6022,24.1032],[120.6031,24.1029],[120.608,24.1027],[120.6089,24.1021],[120.6101,24.1021],[120.6124,24.1026],[120.6125,24.0992],[120.6132,24.0981],[120.6134,24.0953],[120.6145,24.0921],[120.6149,24.09],[120.6151,24.0867],[120.6149,24.0859],[120.6152,24.0843],[120.6167,24.0809],[120.617,24.0794],[120.6187,24.0751],[120.6197,24.073],[120.6207,24.0723],[120.622,24.0726],[120.624,24.0715],[120.6246,24.0707],[120.6253,24.0689],[120.6253,24.0654],[120.6257,24.0621],[120.6255,24.0597],[120.6257,24.057],[120.6236,24.0533],[120.6235,24.052],[120.6245,24.0494],[120.6245,24.0483],[120.6258,24.0468],[120.6258,24.0441],[120.626,24.0416],[120.6277,24.0402],[120.6281,24.0384],[120.6263,24.0358],[120.6245,24.0338],[120.6242,24.0316],[120.6252,24.0302],[120.626,24.0299],[120.6287,24.0296],[120.6314,24.0302],[120.634,24.0311],[120.6361,24.0311],[120.6371,24.0289],[120.6388,24.0278],[120.6403,24.0273],[120.6419,24.0274],[120.6432,24.0264],[120.6449,24.0259],[120.6462,24.0267],[120.6462,24.0283],[120.6457,24.0287],[120.6455,24.03],[120.6444,24.0323],[120.6451,24.0343],[120.6466,24.0339],[120.6492,24.0307],[120.6496,24.0308],[120.6519,24.0286],[120.6557,24.0307],[120.6581,24.0282],[120.6612,24.0257],[120.6635,24.025],[120.6648,24.0233],[120.6684,24.0207],[120.6786,24.014],[120.6774,24.0121],[120.6763,24.0108],[120.6746,24.0105],[120.6743,24.0108],[120.673,24.0103],[120.6707,24.0106],[120.6701,24.01],[120.6711,24.0099],[120.6731,24.0088],[120.6737,24.0077],[120.6726,24.0058],[120.6713,24.0066],[120.6704,24.0063],[120.6676,24.0069],[120.6662,24.0077],[120.6614,24.0083],[120.6508,24.0085],[120.6495,24.0081],[120.6473,24.0084],[120.6464,24.0091],[120.6446,24.0089],[120.6433,24.0083],[120.6425,24.0089],[120.6415,24.0081],[120.6405,24.0064],[120.6403,24.0057],[120.6385,24.0074],[120.6381,24.0074],[120.6382,24.0041],[120.6378,24.0026],[120.6361,23.9984],[120.6364,23.9955],[120.6375,23.9937],[120.6436,23.9908],[120.6453,23.9896],[120.6473,23.9875],[120.6494,23.9857],[120.6501,23.9849],[120.65,23.9829],[120.6486,23.9797],[120.6468,23.9754],[120.6463,23.973],[120.647,23.9716],[120.6468,23.9703],[120.6469,23.9669],[120.6466,23.965],[120.6469,23.9634],[120.6447,23.9625],[120.6442,23.9621],[120.6429,23.9595],[120.6427,23.9583],[120.6403,23.9562],[120.6396,23.9551],[120.6367,23.9527],[120.6353,23.9524],[120.6351,23.9532],[120.6341,23.9542],[120.6315,23.9556],[120.631,23.9563],[120.6302,23.9561],[120.6276,23.9565],[120.627,23.9564],[120.6269,23.9557],[120.6278,23.9558],[120.6298,23.9551],[120.6309,23.9544],[120.6316,23.9548],[120.6328,23.9544],[120.6338,23.9534],[120.6341,23.9523],[120.6318,23.9534],[120.6294,23.9521],[120.6283,23.9526],[120.6276,23.952],[120.629,23.9498],[120.6327,23.946],[120.6346,23.9438],[120.6334,23.9429],[120.6317,23.9438],[120.6308,23.9448],[120.6302,23.9431],[120.6327,23.9412],[120.6339,23.9396],[120.6353,23.9387],[120.6369,23.9371],[120.6368,23.9365],[120.6377,23.9354],[120.6369,23.9358],[120.6355,23.9374],[120.6354,23.9369],[120.6338,23.9359],[120.6328,23.9356],[120.6327,23.9342],[120.6321,23.9329],[120.6309,23.9321],[120.6304,23.9326],[120.6298,23.9312],[120.6278,23.9312],[120.6285,23.9302],[120.6298,23.9295],[120.631,23.9293],[120.6317,23.9285],[120.6328,23.9284],[120.6337,23.9272],[120.6331,23.9266],[120.6342,23.9266],[120.6358,23.9259],[120.6373,23.9246],[120.6369,23.9235],[120.6372,23.9219],[120.6354,23.9217],[120.6366,23.92],[120.6365,23.9194],[120.6349,23.9201],[120.6349,23.9193],[120.6335,23.9196],[120.6346,23.9189],[120.6349,23.9178],[120.6339,23.9177],[120.6344,23.9169],[120.634,23.9156],[120.6334,23.9152],[120.6341,23.9146],[120.6347,23.9131],[120.6331,23.9142],[120.633,23.9133],[120.6336,23.9124],[120.6325,23.9124],[120.6333,23.9118],[120.6322,23.9107],[120.6298,23.9112],[120.6298,23.9104],[120.6318,23.9104],[120.633,23.9095],[120.6318,23.9093],[120.6318,23.9088],[120.6305,23.9086],[120.6307,23.9082],[120.6318,23.9084],[120.6336,23.908],[120.6341,23.9073],[120.6333,23.9072],[120.6335,23.9064],[120.6321,23.9068],[120.6326,23.9057],[120.6322,23.9045],[120.633,23.9042],[120.6316,23.9028],[120.6324,23.9031],[120.6335,23.9026],[120.634,23.9016],[120.6349,23.9015],[120.6347,23.9008],[120.6337,23.9004],[120.6351,23.8986],[120.6348,23.8978],[120.634,23.8977],[120.6344,23.8967],[120.6329,23.8967],[120.6331,23.8956],[120.6342,23.8952],[120.6338,23.894],[120.6344,23.8934],[120.6331,23.8932],[120.6324,23.892],[120.634,23.8919],[120.6323,23.8904],[120.6327,23.8897],[120.632,23.8894],[120.6305,23.8898],[120.6295,23.8894],[120.6274,23.8896],[120.6275,23.8893],[120.6294,23.8891],[120.6292,23.8879],[120.6295,23.8869],[120.629,23.8857],[120.6296,23.8848],[120.6282,23.8834],[120.6275,23.8836],[120.627,23.8823],[120.6267,23.8794],[120.6248,23.8771],[120.625,23.8762],[120.6258,23.8752],[120.6258,23.8735],[120.6251,23.8721],[120.6238,23.8715],[120.624,23.8689],[120.6233,23.8694],[120.6215,23.8698],[120.6214,23.8688],[120.6205,23.8688],[120.6199,23.8683],[120.6206,23.868],[120.6201,23.8654],[120.6205,23.8651],[120.6206,23.8637],[120.622,23.8636],[120.6225,23.8626],[120.6235,23.862],[120.623,23.8605],[120.6245,23.8597],[120.6249,23.8585],[120.6264,23.8586],[120.6267,23.8575],[120.6278,23.8575],[120.6261,23.8558],[120.6262,23.8547],[120.6253,23.8551],[120.6263,23.8541],[120.626,23.8521],[120.6244,23.852],[120.6249,23.8511],[120.6237,23.8502],[120.6235,23.849],[120.623,23.8498],[120.6227,23.8487],[120.6214,23.8494],[120.6195,23.8497],[120.6206,23.849],[120.6196,23.8487],[120.6229,23.848],[120.6237,23.8473],[120.6233,23.8467],[120.6216,23.8466],[120.6213,23.8446],[120.6203,23.8442],[120.6183,23.8444],[120.6196,23.8435],[120.6183,23.8431],[120.6183,23.8426],[120.6198,23.8425],[120.6189,23.8417],[120.6175,23.8412],[120.6161,23.8412],[120.6156,23.8406],[120.6168,23.8401],[120.6163,23.8394],[120.6174,23.8388],[120.6168,23.8379],[120.6172,23.8376],[120.6183,23.839],[120.6186,23.8405],[120.6211,23.8417],[120.6221,23.8409],[120.6209,23.8402],[120.6209,23.8395],[120.623,23.8398],[120.6219,23.8388],[120.6224,23.8387],[120.624,23.8397],[120.6245,23.8406],[120.626,23.8419],[120.6263,23.8405],[120.6282,23.8384],[120.6284,23.8379],[120.6274,23.8376],[120.6256,23.8377],[120.6251,23.8366],[120.6269,23.8372],[120.6301,23.8371],[120.6283,23.8359],[120.6311,23.8356],[120.6291,23.8344],[120.6308,23.8347],[120.6336,23.8344],[120.6335,23.8339],[120.6305,23.8329],[120.6288,23.8321],[120.6249,23.8319],[120.624,23.8315],[120.6238,23.8307],[120.6229,23.8303],[120.6237,23.8293],[120.6243,23.8294],[120.6275,23.8313],[120.6281,23.8312],[120.6305,23.8324],[120.6304,23.8312],[120.6332,23.8329],[120.6345,23.8332],[120.6369,23.8329],[120.6375,23.8319],[120.6384,23.8314],[120.636,23.8316],[120.6344,23.8312],[120.6364,23.8309],[120.6374,23.8303],[120.6368,23.8301],[120.6382,23.8289],[120.6361,23.8279],[120.6375,23.8273],[120.6395,23.8274],[120.6392,23.8267],[120.6377,23.8264],[120.6399,23.8258],[120.6398,23.825],[120.638,23.8254],[120.637,23.8259],[120.6341,23.8258],[120.6364,23.8255],[120.6369,23.8247],[120.6392,23.8245],[120.6378,23.8237],[120.6387,23.8226],[120.6379,23.8217],[120.6393,23.8221],[120.6405,23.8213],[120.64,23.8203],[120.6425,23.8193],[120.6446,23.8176],[120.6466,23.8173],[120.6488,23.8161],[120.6501,23.8144],[120.6507,23.8127],[120.6519,23.8125],[120.6533,23.8128],[120.6556,23.8128],[120.6587,23.8145],[120.6604,23.8146],[120.6624,23.8154],[120.6651,23.815],[120.6647,23.8163],[120.6676,23.8166],[120.668,23.8173],[120.6699,23.8185],[120.6714,23.8187],[120.6718,23.8194],[120.6727,23.8192],[120.6745,23.82],[120.6764,23.8193],[120.6788,23.8163],[120.678,23.8141],[120.6785,23.8111],[120.6784,23.8084],[120.679,23.8059],[120.6798,23.8058],[120.6825,23.8061],[120.6834,23.8054],[120.6839,23.8034],[120.6839,23.8014],[120.6814,23.8017],[120.6799,23.8016],[120.6751,23.7998],[120.673,23.7982],[120.6697,23.7961],[120.6688,23.7952],[120.6666,23.7936],[120.6642,23.7923],[120.6624,23.7917],[120.6581,23.791],[120.6536,23.7894],[120.6521,23.7891],[120.6466,23.7871],[120.6447,23.7868],[120.6425,23.7857],[120.6415,23.7856],[120.6404,23.786],[120.635,23.7868],[120.6331,23.7889],[120.6302,23.7898],[120.6282,23.79],[120.6247,23.7901],[120.6179,23.7908],[120.615,23.7914],[120.6125,23.7912],[120.6082,23.7912],[120.5926,23.7911],[120.5867,23.792],[120.5827,23.7938],[120.578,23.7953],[120.5733,23.7964],[120.5673,23.7972],[120.5603,23.7981],[120.5582,23.7994],[120.5548,23.8003],[120.5508,23.8012],[120.5488,23.8011],[120.5459,23.8015],[120.5406,23.801],[120.5379,23.8013],[120.5349,23.8012],[120.5291,23.7992],[120.5278,23.7991],[120.5214,23.7998],[120.5177,23.7998],[120.5111,23.8001],[120.5075,23.8007],[120.5012,23.8026],[120.4984,23.8036],[120.4935,23.8045],[120.4873,23.8058],[120.4832,23.8066],[120.4753,23.809],[120.47,23.8112],[120.4657,23.8129],[120.4581,23.8161],[120.452,23.8173],[120.4507,23.8187],[120.4486,23.8197],[120.4472,23.8208],[120.444,23.8222],[120.4409,23.825],[120.4395,23.8269],[120.4361,23.8286],[120.4345,23.8296],[120.4331,23.8301],[120.4259,23.8303],[120.425,23.8302],[120.4184,23.827],[120.4167,23.8268],[120.4128,23.8267],[120.4103,23.8264],[120.3936,23.8277],[120.3828,23.8285],[120.3736,23.8286],[120.3703,23.8286],[120.3601,23.8233],[120.3574,23.8228],[120.3524,23.8223],[120.3389,23.8222],[120.3331,23.8223],[120.3164,23.8201],[120.3081,23.8203],[120.2923,23.8244],[120.2773,23.8283],[120.2579,23.8334],[120.255,23.8343],[120.2519,23.8359],[120.2492,23.8375],[120.2438,23.8414],[120.2398,23.8446],[120.236,23.8481],[120.2309,23.8533],[120.2275,23.8573],[120.2245,23.8609],[120.2204,23.8662],[120.2205,23.8667],[120.2227,23.8684],[120.2243,23.8703],[120.2262,23.8741],[120.2259,23.8758],[120.2262,23.8769],[120.2269,23.8778],[120.2307,23.8806],[120.2338,23.8838],[120.2353,23.8853],[120.2366,23.8858],[120.2384,23.8872],[120.2406,23.8879],[120.2448,23.8882],[120.2472,23.8884],[120.2486,23.8892],[120.2503,23.8907],[120.2522,23.8917],[120.2552,23.8942],[120.2565,23.8968],[120.2577,23.8986],[120.2577,23.8993],[120.2567,23.9014],[120.2558,23.9023],[120.2556,23.9034],[120.2561,23.9059],[120.2562,23.9079],[120.2587,23.9111],[120.2609,23.915],[120.2606,23.9181],[120.2611,23.9197],[120.2638,23.9218],[120.2652,23.9237],[120.2672,23.9282],[120.2691,23.9306],[120.274,23.932],[120.2755,23.9321],[120.2788,23.9336],[120.2795,23.9349],[120.2816,23.9434],[120.2813,23.9448],[120.2806,23.946],[120.2803,23.9484],[120.2816,23.9525],[120.2828,23.9545],[120.284,23.9558],[120.2861,23.9571],[120.2888,23.9576],[120.2903,23.9582],[120.2919,23.9605],[120.2946,23.9632],[120.2988,23.9664],[120.3031,23.9693],[120.3069,23.9722],[120.3077,23.9731],[120.3084,23.9753],[120.3084,23.9766],[120.3083,23.9835],[120.3087,23.9871],[120.3109,23.9883],[120.3119,23.9898],[120.3139,23.9939],[120.3165,23.9992],[120.3177,24.0009],[120.32,24.0033],[120.3224,24.0053],[120.3268,24.0087],[120.3299,24.0115],[120.3324,24.0126],[120.3341,24.0139],[120.3353,24.0157],[120.3361,24.0179],[120.3375,24.0298],[120.3378,24.0313],[120.3388,24.033],[120.3404,24.0351],[120.3409,24.0364],[120.3414,24.0396],[120.3417,24.0469],[120.3425,24.0532],[120.3424,24.0547],[120.3412,24.0574],[120.3407,24.0576],[120.3396,24.0594],[120.3397,24.0597],[120.3421,24.0601],[120.3431,24.0618],[120.344,24.0643],[120.3453,24.0668],[120.3466,24.0685],[120.3478,24.0696],[120.3502,24.0714],[120.3524,24.0722],[120.3549,24.0725],[120.358,24.0736],[120.3592,24.0743],[120.3612,24.0763],[120.3627,24.0799],[120.3634,24.0808],[120.3656,24.0815],[120.3708,24.0817],[120.3742,24.0828],[120.3755,24.083],[120.3773,24.0838],[120.3789,24.0849],[120.3824,24.0865],[120.3842,24.0877],[120.3848,24.0892],[120.3849,24.0919],[120.3858,24.0929],[120.3862,24.095],[120.3863,24.097],[120.3831,24.097],[120.3818,24.0969],[120.38,24.0945],[120.3803,24.0927],[120.3797,24.0932],[120.3796,24.0943],[120.3799,24.0951],[120.3853,24.102],[120.3968,24.1175],[120.3973,24.1211],[120.3982,24.1234],[120.3993,24.1248],[120.4002,24.1279],[120.4011,24.129],[120.4012,24.1299],[120.4,24.1317],[120.3997,24.1331],[120.4,24.1353],[120.4008,24.1369],[120.4019,24.1383],[120.4048,24.1392],[120.4071,24.1396],[120.409,24.1427],[120.4099,24.1467],[120.4102,24.1476],[120.4118,24.1494],[120.4127,24.1511],[120.4128,24.1522],[120.4117,24.1533],[120.4089,24.1539],[120.4082,24.1543],[120.4083,24.1557],[120.4104,24.1567],[120.4123,24.1569],[120.415,24.1576],[120.4153,24.1584],[120.4149,24.1608],[120.4152,24.164],[120.416,24.166],[120.4161,24.1695],[120.4164,24.1705],[120.4183,24.1737],[120.4212,24.1756],[120.4234,24.1761],[120.4258,24.1787],[120.4262,24.1797],[120.4244,24.1819],[120.4247,24.1833],[120.4297,24.1845],[120.4311,24.1852],[120.4327,24.1867],[120.4348,24.1866],[120.4392,24.1857],[120.4402,24.1863],[120.4424,24.1885],[120.444,24.1889],[120.4449,24.1901],[120.4464,24.1925],[120.4471,24.1943],[120.4487,24.1962],[120.4507,24.1979],[120.4532,24.202],[120.4535,24.2036],[120.4565,24.2069],[120.4566,24.2072],[120.4926,24.1951]]]]}},{"type":"Feature","properties":{"name":"南投縣","nameEn":"Nantou County","code":"10008"},"geometry":{"type":"MultiPolygon","coordinates":[[[[121.3433,24.2221],[121.3446,24.2196],[121.3463,24.2166],[121.3466,24.2154],[121.3479,24.2126],[121.3493,24.2106],[121.3493,24.2093],[121.3483,24.2073],[121.3492,24.2045],[121.3497,24.2002],[121.3492,24.1996],[121.3474,24.1999],[121.3448,24.1999],[121.3441,24.1993],[121.3409,24.1985],[121.3386,24.1992],[121.3358,24.1991],[121.3339,24.1983],[121.3307,24.1978],[121.3288,24.1966],[121.3258,24.1962],[121.3242,24.1947],[121.323,24.192],[121.3223,24.1915],[121.3205,24.1915],[121.3186,24.1892],[121.3174,24.1881],[121.3161,24.1855],[121.311,24.1832],[121.3076,24.1806],[121.3056,24.18],[121.3003,24.1799],[121.2988,24.1801],[121.2964,24.1783],[121.2948,24.1776],[121.2917,24.1771],[121.2881,24.1777],[121.2862,24.1774],[121.2862,24.176],[121.2877,24.1733],[121.2883,24.1662],[121.288,24.1646],[121.2879,24.1617],[121.2884,24.1583],[121.2878,24.1572],[121.2862,24.1571],[121.2848,24.1573],[121.282,24.1582],[121.2803,24.1579],[121.2807,24.1567],[121.281,24.1545],[121.2832,24.1538],[121.2845,24.1528],[121.2847,24.152],[121.2843,24.1487],[121.2842,24.1459],[121.2836,24.1433],[121.2828,24.1417],[121.2821,24.1397],[121.2818,24.1368],[121.2814,24.1359],[121.2848,24.1347],[121.2865,24.1345],[121.2908,24.1334],[121.2959,24.1324],[121.2967,24.1311],[121.2984,24.1304],[121.3015,24.1275],[121.3035,24.1246],[121.3053,24.1235],[121.308,24.1224],[121.3116,24.1202],[121.3144,24.118],[121.3159,24.1164],[121.3197,24.1166],[121.3231,24.116],[121.3253,24.1159],[121.3271,24.1147],[121.3284,24.1146],[121.3281,24.1115],[121.3269,24.1103],[121.3262,24.1074],[121.3265,24.106],[121.3258,24.1042],[121.3258,24.103],[121.3252,24.1018],[121.324,24.1006],[121.3223,24.0995],[121.3191,24.0954],[121.3189,24.0943],[121.3192,24.0928],[121.3201,24.0913],[121.3211,24.0889],[121.3233,24.0865],[121.3231,24.0849],[121.3208,24.0824],[121.3195,24.0815],[121.3184,24.0801],[121.3161,24.0785],[121.3144,24.0777],[121.312,24.0757],[121.31,24.0748],[121.3082,24.0733],[121.3064,24.0709],[121.3061,24.0695],[121.3023,24.0663],[121.3014,24.065],[121.301,24.0637],[121.2999,24.0622],[121.2989,24.0616],[121.2965,24.0629],[121.2955,24.0638],[121.2934,24.0616],[121.2905,24.0603],[121.2894,24.0589],[121.2878,24.0587],[121.2865,24.058],[121.2857,24.0564],[121.2846,24.0552],[121.2837,24.0549],[121.2832,24.0543],[121.2826,24.0513],[121.2836,24.05],[121.2846,24.0492],[121.285,24.0482],[121.2849,24.047],[121.2856,24.0452],[121.2855,24.0418],[121.2857,24.0397],[121.2842,24.0372],[121.2827,24.0352],[121.2823,24.0343],[121.2819,24.0321],[121.2802,24.0306],[121.2787,24.0268],[121.2766,24.0246],[121.2764,24.0229],[121.2763,24.0202],[121.274,24.0163],[121.2738,24.0152],[121.2718,24.0131],[121.2714,24.0114],[121.2703,24.01],[121.2703,24.0091],[121.2696,24.0079],[121.2701,24.0067],[121.2694,24.0063],[121.2682,24.0046],[121.268,24.0038],[121.2654,24.001],[121.265,23.9995],[121.2639,23.9977],[121.2613,23.9945],[121.2601,23.9923],[121.2601,23.9898],[121.2608,23.9886],[121.2611,23.9872],[121.2614,23.9848],[121.2613,23.9824],[121.2616,23.9812],[121.2632,23.9787],[121.264,23.9763],[121.2649,23.9754],[121.2699,23.9752],[121.2732,23.9754],[121.2739,23.9748],[121.2751,23.9719],[121.2756,23.9684],[121.2779,23.9658],[121.2778,23.9652],[121.2763,23.9634],[121.2752,23.9604],[121.2752,23.9582],[121.2758,23.9559],[121.2754,23.9535],[121.2747,23.9514],[121.273,23.9496],[121.2719,23.9488],[121.2718,23.9482],[121.2729,23.9466],[121.2743,23.9457],[121.2735,23.9437],[121.274,23.942],[121.2731,23.9396],[121.2721,23.9382],[121.2739,23.9362],[121.2737,23.9341],[121.2739,23.9331],[121.2748,23.9315],[121.2746,23.93],[121.2737,23.9293],[121.2734,23.9285],[121.2743,23.927],[121.2752,23.9248],[121.2763,23.9239],[121.2765,23.9232],[121.2759,23.9217],[121.2757,23.9202],[121.2751,23.9189],[121.2752,23.9174],[121.2762,23.9164],[121.2754,23.9147],[121.2754,23.9121],[121.2761,23.9101],[121.2749,23.9075],[121.2704,23.9065],[121.2663,23.9073],[121.2654,23.9061],[121.2629,23.9045],[121.2611,23.9026],[121.2618,23.9011],[121.2627,23.9001],[121.2623,23.8993],[121.2643,23.8986],[121.266,23.8987],[121.2665,23.8984],[121.2654,23.8973],[121.2652,23.8964],[121.266,23.8942],[121.2655,23.8924],[121.2655,23.8912],[121.2674,23.889],[121.2674,23.8872],[121.2678,23.8855],[121.2684,23.8849],[121.2683,23.8834],[121.2655,23.8831],[121.2634,23.8812],[121.2629,23.8795],[121.2636,23.8775],[121.2642,23.8766],[121.2645,23.8748],[121.2653,23.8729],[121.2617,23.8723],[121.2601,23.8727],[121.258,23.8723],[121.2569,23.8695],[121.2549,23.8685],[121.2536,23.8684],[121.253,23.8679],[121.2527,23.8654],[121.253,23.8637],[121.2521,23.8613],[121.2504,23.8608],[121.2499,23.8591],[121.2502,23.8566],[121.2494,23.8544],[121.2488,23.8539],[121.2489,23.8521],[121.2471,23.8505],[121.2459,23.85],[121.2445,23.8489],[121.2438,23.8475],[121.2441,23.8462],[121.2435,23.845],[121.2417,23.8429],[121.2398,23.8411],[121.2393,23.8401],[121.2393,23.8371],[121.2387,23.8349],[121.2377,23.8325],[121.2381,23.8302],[121.2373,23.8264],[121.2367,23.8252],[121.2369,23.8238],[121.2391,23.8218],[121.2381,23.8215],[121.2365,23.8199],[121.2361,23.8191],[121.2347,23.8175],[121.2347,23.8142],[121.2346,23.8122],[121.2321,23.8104],[121.2305,23.8102],[121.2293,23.8088],[121.2276,23.8086],[121.2275,23.807],[121.2279,23.8053],[121.2265,23.8044],[121.2255,23.7982],[121.2266,23.7961],[121.2264,23.7934],[121.2271,23.7913],[121.2287,23.7906],[121.2303,23.7903],[121.2305,23.7883],[121.2283,23.7852],[121.2263,23.7837],[121.2237,23.7824],[121.2207,23.7817],[121.2194,23.7816],[121.2183,23.7797],[121.2163,23.7788],[121.2153,23.7781],[121.213,23.7769],[121.2124,23.7758],[121.2117,23.7756],[121.2092,23.776],[121.207,23.7751],[121.2066,23.7734],[121.2056,23.7724],[121.2047,23.7724],[121.2053,23.7711],[121.2058,23.7695],[121.2066,23.7674],[121.2074,23.7665],[121.2086,23.766],[121.208,23.7643],[121.2065,23.7629],[121.208,23.7619],[121.211,23.7611],[121.2119,23.7601],[121.2132,23.7576],[121.2147,23.7571],[121.2175,23.757],[121.2186,23.7564],[121.22,23.7542],[121.2215,23.7527],[121.2232,23.7527],[121.2252,23.7518],[121.2269,23.7521],[121.2284,23.7519],[121.2293,23.7523],[121.2307,23.751],[121.2325,23.7506],[121.2333,23.7489],[121.2331,23.748],[121.2318,23.7478],[121.2301,23.7472],[121.2288,23.7443],[121.229,23.7428],[121.2289,23.7399],[121.2284,23.7365],[121.2287,23.7348],[121.2297,23.7332],[121.2299,23.7314],[121.2296,23.7302],[121.231,23.7301],[121.2323,23.7295],[121.2332,23.73],[121.2337,23.7276],[121.2348,23.7263],[121.2352,23.7253],[121.2362,23.7244],[121.2382,23.7241],[121.2394,23.7243],[121.2388,23.7232],[121.2378,23.7199],[121.2393,23.717],[121.2396,23.7154],[121.2389,23.7139],[121.2388,23.7129],[121.2393,23.711],[121.2398,23.7101],[121.2412,23.709],[121.2411,23.7058],[121.2404,23.7027],[121.2393,23.7002],[121.2394,23.6998],[121.2412,23.6985],[121.2402,23.697],[121.2394,23.6947],[121.2393,23.6919],[121.2395,23.6884],[121.2393,23.6867],[121.2374,23.6851],[121.236,23.6823],[121.2343,23.681],[121.2337,23.6793],[121.2327,23.6781],[121.2326,23.6763],[121.2346,23.6738],[121.236,23.6705],[121.236,23.6647],[121.2358,23.6625],[121.2354,23.6614],[121.2342,23.6605],[121.2319,23.6579],[121.2317,23.6552],[121.2307,23.6535],[121.2312,23.6514],[121.2305,23.6502],[121.2302,23.648],[121.229,23.6464],[121.2277,23.6452],[121.2252,23.6401],[121.2243,23.6391],[121.224,23.6329],[121.2248,23.6304],[121.225,23.6288],[121.2247,23.6268],[121.2238,23.6236],[121.2223,23.6215],[121.2209,23.6192],[121.22,23.6169],[121.2173,23.6147],[121.2171,23.6126],[121.2165,23.6107],[121.2164,23.6091],[121.2159,23.6073],[121.2147,23.6055],[121.2141,23.6037],[121.214,23.6024],[121.2131,23.6001],[121.21,23.5986],[121.2081,23.5982],[121.2068,23.5961],[121.2062,23.5958],[121.2028,23.5961],[121.2017,23.5968],[121.2001,23.5964],[121.1982,23.5978],[121.1968,23.5985],[121.1946,23.6005],[121.1937,23.6003],[121.192,23.5986],[121.1909,23.5979],[121.1898,23.5965],[121.1894,23.5948],[121.1871,23.5943],[121.1859,23.5937],[121.1836,23.5932],[121.183,23.5927],[121.1823,23.5912],[121.181,23.5903],[121.1798,23.5901],[121.18,23.5875],[121.1791,23.5852],[121.1788,23.5831],[121.1772,23.5826],[121.1754,23.5837],[121.1711,23.5844],[121.1704,23.5859],[121.1694,23.5866],[121.1667,23.5871],[121.1647,23.5872],[121.1624,23.5869],[121.1605,23.587],[121.1596,23.5863],[121.1582,23.5857],[121.1564,23.5864],[121.1556,23.5871],[121.1534,23.5868],[121.1524,23.5841],[121.152,23.5813],[121.152,23.579],[121.1522,23.5779],[121.1519,23.5769],[121.1519,23.5739],[121.1521,23.5732],[121.1534,23.5717],[121.1551,23.5709],[121.1571,23.5705],[121.1583,23.5698],[121.1604,23.5698],[121.1603,23.5678],[121.158,23.564],[121.1576,23.5609],[121.1571,23.5596],[121.1555,23.56],[121.1533,23.5599],[121.152,23.5605],[121.1512,23.5599],[121.15,23.5573],[121.148,23.5566],[121.1463,23.5549],[121.1462,23.5542],[121.1477,23.5529],[121.1482,23.552],[121.149,23.5498],[121.1496,23.5489],[121.1509,23.5458],[121.151,23.5444],[121.1501,23.5432],[121.149,23.5403],[121.1484,23.5392],[121.1483,23.5363],[121.1479,23.5354],[121.1469,23.5341],[121.1491,23.5316],[121.1508,23.5288],[121.1511,23.5273],[121.1506,23.5265],[121.1495,23.5271],[121.1481,23.5269],[121.147,23.5272],[121.1444,23.5256],[121.143,23.524],[121.1398,23.5219],[121.1383,23.5206],[121.1363,23.5173],[121.1356,23.5152],[121.1351,23.5149],[121.1329,23.5148],[121.1323,23.5151],[121.1311,23.5175],[121.1288,23.5185],[121.1283,23.5185],[121.1264,23.517],[121.1223,23.5198],[121.1205,23.521],[121.1181,23.5216],[121.1169,23.5215],[121.1155,23.5202],[121.1096,23.519],[121.1067,23.5194],[121.1058,23.519],[121.1037,23.5189],[121.1022,23.5197],[121.101,23.5212],[121.0984,23.5213],[121.0976,23.5217],[121.0959,23.5205],[121.0944,23.5186],[121.0931,23.5176],[121.0921,23.5148],[121.0916,23.5144],[121.0905,23.5146],[121.0881,23.514],[121.0857,23.5145],[121.0828,23.5147],[121.0814,23.5153],[121.0802,23.5155],[121.0787,23.5164],[121.075,23.5174],[121.0731,23.5175],[121.0685,23.5185],[121.0688,23.5168],[121.0688,23.5148],[121.0679,23.512],[121.0669,23.51],[121.0661,23.508],[121.066,23.5061],[121.0638,23.5047],[121.063,23.5038],[121.0629,23.5015],[121.0621,23.4994],[121.0584,23.4974],[121.0572,23.4962],[121.0549,23.4961],[121.0541,23.4956],[121.0528,23.4936],[121.0541,23.4899],[121.0533,23.4875],[121.0501,23.4865],[121.0497,23.4851],[121.0487,23.4827],[121.0476,23.4823],[121.0469,23.4814],[121.045,23.4805],[121.0431,23.478],[121.0416,23.4769],[121.039,23.4744],[121.039,23.4737],[121.0425,23.472],[121.0436,23.4711],[121.0444,23.4701],[121.0463,23.4692],[121.0497,23.4678],[121.0498,23.4671],[121.0511,23.4645],[121.0518,23.4641],[121.0541,23.4638],[121.0557,23.4627],[121.0576,23.4624],[121.059,23.4619],[121.0581,23.46],[121.0557,23.459],[121.0532,23.4554],[121.0533,23.4535],[121.0521,23.451],[121.0516,23.4508],[121.0496,23.4509],[121.0465,23.4509],[121.044,23.449],[121.0408,23.4482],[121.0393,23.4476],[121.0375,23.4465],[121.035,23.4461],[121.0335,23.4454],[121.0338,23.4442],[121.0327,23.443],[121.0314,23.4422],[121.0287,23.4416],[121.0277,23.4402],[121.0265,23.4392],[121.024,23.4392],[121.0219,23.4389],[121.0211,23.4376],[121.0196,23.4364],[121.0185,23.436],[121.0153,23.4354],[121.0141,23.4379],[121.0122,23.4394],[121.0106,23.4412],[121.0104,23.4434],[121.0106,23.4465],[121.0129,23.4488],[121.0144,23.4492],[121.0156,23.4505],[121.0159,23.4516],[121.0153,23.4536],[121.0146,23.4546],[121.0132,23.4557],[121.0117,23.4572],[121.0104,23.4596],[121.0085,23.4621],[121.0071,23.4629],[121.0038,23.463],[120.9997,23.4622],[120.9966,23.4634],[120.994,23.4638],[120.991,23.4649],[120.9898,23.465],[120.9864,23.4663],[120.9846,23.4666],[120.9836,23.467],[120.9822,23.4685],[120.9805,23.4692],[120.9791,23.4694],[120.9765,23.469],[120.9718,23.4692],[120.9706,23.469],[120.9693,23.4706],[120.9678,23.4715],[120.9667,23.4717],[120.9652,23.4707],[120.9614,23.4708],[120.9589,23.4697],[120.9575,23.4695],[120.9569,23.4696],[120.954,23.4688],[120.9526,23.4679],[120.9513,23.4675],[120.9491,23.4676],[120.9475,23.4671],[120.9466,23.4676],[120.9452,23.4678],[120.9416,23.4698],[120.9393,23.4721],[120.938,23.4729],[120.9367,23.4732],[120.9347,23.4731],[120.9339,23.4728],[120.9324,23.4711],[120.9308,23.4707],[120.9301,23.4714],[120.9288,23.4717],[120.9265,23.473],[120.9236,23.4737],[120.9207,23.475],[120.9192,23.4749],[120.9175,23.4757],[120.9154,23.4747],[120.9146,23.4747],[120.9113,23.4761],[120.9102,23.4762],[120.9081,23.4758],[120.9067,23.476],[120.902,23.4761],[120.8996,23.4754],[120.8983,23.4758],[120.896,23.4759],[120.8946,23.4755],[120.8918,23.4757],[120.8871,23.4756],[120.8862,23.4754],[120.8843,23.4743],[120.8841,23.4731],[120.8832,23.4722],[120.8821,23.47],[120.8819,23.4683],[120.8808,23.4676],[120.8765,23.4678],[120.8731,23.4685],[120.8712,23.4696],[120.8683,23.4706],[120.8667,23.4723],[120.8658,23.4724],[120.8636,23.4735],[120.8624,23.4735],[120.8581,23.4728],[120.8562,23.4734],[120.853,23.4731],[120.8499,23.4722],[120.8487,23.4722],[120.8466,23.4731],[120.8441,23.4728],[120.8426,23.4733],[120.8415,23.4729],[120.8397,23.4715],[120.839,23.4712],[120.836,23.4726],[120.8349,23.4737],[120.8326,23.4747],[120.8321,23.4758],[120.8317,23.4777],[120.8299,23.4807],[120.8282,23.4819],[120.8271,23.4834],[120.8262,23.4885],[120.8253,23.4897],[120.8254,23.4948],[120.8246,23.4966],[120.8237,23.497],[120.8228,23.4989],[120.8235,23.5012],[120.8241,23.5041],[120.824,23.5058],[120.8232,23.5073],[120.8228,23.509],[120.8232,23.5109],[120.8228,23.5117],[120.8215,23.5127],[120.8199,23.5145],[120.8196,23.5156],[120.8198,23.5175],[120.8191,23.5195],[120.8204,23.5213],[120.8196,23.5222],[120.8181,23.5235],[120.8172,23.5254],[120.8144,23.529],[120.8142,23.5298],[120.8125,23.5325],[120.811,23.5345],[120.8086,23.5362],[120.809,23.5376],[120.8083,23.5393],[120.8085,23.5409],[120.8082,23.5421],[120.8088,23.5459],[120.8099,23.547],[120.81,23.5479],[120.8113,23.5494],[120.8115,23.5511],[120.8146,23.5518],[120.8159,23.5531],[120.8159,23.5537],[120.8146,23.5547],[120.814,23.556],[120.8159,23.5574],[120.8167,23.5586],[120.8178,23.5594],[120.8183,23.5603],[120.819,23.5605],[120.8207,23.5626],[120.8201,23.5634],[120.8199,23.5645],[120.8215,23.5682],[120.8211,23.57],[120.8219,23.5709],[120.8205,23.5728],[120.8196,23.5749],[120.8199,23.5775],[120.8203,23.5788],[120.8216,23.5801],[120.8213,23.5813],[120.8237,23.5841],[120.8247,23.5842],[120.8246,23.5853],[120.8254,23.5865],[120.8237,23.5872],[120.8207,23.5895],[120.8199,23.5904],[120.8189,23.5924],[120.8187,23.5937],[120.8177,23.5943],[120.8169,23.5956],[120.8171,23.5963],[120.8186,23.5982],[120.8176,23.5996],[120.8162,23.6],[120.8139,23.601],[120.8113,23.6001],[120.8098,23.5987],[120.8078,23.5985],[120.8064,23.5988],[120.8051,23.5986],[120.804,23.5977],[120.8037,23.5968],[120.8011,23.5966],[120.7981,23.5974],[120.7963,23.5972],[120.7949,23.5972],[120.7941,23.5982],[120.7914,23.6006],[120.7909,23.6009],[120.7875,23.6013],[120.7837,23.6007],[120.7796,23.6016],[120.7773,23.6027],[120.7768,23.6038],[120.7746,23.6052],[120.7733,23.6057],[120.7702,23.606],[120.7696,23.6069],[120.7696,23.6081],[120.7676,23.6096],[120.7669,23.6098],[120.7643,23.6122],[120.7581,23.6125],[120.7554,23.6142],[120.7529,23.6148],[120.7515,23.6146],[120.7505,23.6141],[120.749,23.612],[120.7475,23.6112],[120.7464,23.6125],[120.7444,23.6127],[120.7418,23.6124],[120.739,23.6101],[120.7377,23.6097],[120.7359,23.6095],[120.7345,23.6101],[120.7309,23.6108],[120.7312,23.6117],[120.7313,23.6144],[120.7306,23.6167],[120.7308,23.6181],[120.7303,23.6186],[120.7282,23.6198],[120.7269,23.62],[120.7253,23.6218],[120.7238,23.6219],[120.7227,23.623],[120.7219,23.6246],[120.7204,23.6263],[120.7197,23.6283],[120.7187,23.6298],[120.7161,23.6295],[120.7141,23.6286],[120.713,23.6278],[120.7142,23.6228],[120.7141,23.621],[120.7103,23.6192],[120.7081,23.6185],[120.7069,23.6187],[120.705,23.6173],[120.7018,23.6175],[120.6996,23.6188],[120.6979,23.6191],[120.6968,23.62],[120.6947,23.6203],[120.6928,23.62],[120.6915,23.6204],[120.6883,23.619],[120.6861,23.6182],[120.6861,23.6172],[120.6854,23.6155],[120.6856,23.6149],[120.6854,23.6127],[120.6836,23.6109],[120.6778,23.611],[120.6752,23.6102],[120.6737,23.6102],[120.6727,23.6097],[120.6691,23.6093],[120.6679,23.6094],[120.6672,23.6101],[120.6645,23.6111],[120.6637,23.6112],[120.6612,23.6105],[120.66,23.6114],[120.6587,23.6136],[120.6536,23.6158],[120.6514,23.6162],[120.6523,23.6192],[120.6529,23.6219],[120.6524,23.6226],[120.6526,23.6248],[120.653,23.6258],[120.6531,23.6272],[120.6536,23.6288],[120.653,23.6295],[120.6515,23.6299],[120.6491,23.6298],[120.6467,23.631],[120.6451,23.631],[120.6439,23.6282],[120.643,23.6282],[120.6407,23.6257],[120.6387,23.6247],[120.6378,23.623],[120.6354,23.6199],[120.6335,23.6192],[120.6318,23.6213],[120.631,23.6217],[120.6304,23.6231],[120.6306,23.6243],[120.6301,23.6255],[120.6299,23.6274],[120.6293,23.6285],[120.6287,23.6303],[120.63,23.632],[120.63,23.6339],[120.6291,23.6352],[120.6303,23.6371],[120.6316,23.6388],[120.632,23.6404],[120.6336,23.6411],[120.6347,23.6421],[120.6353,23.6431],[120.6353,23.6443],[120.6347,23.6454],[120.6348,23.6471],[120.6364,23.6482],[120.6351,23.6497],[120.6353,23.6507],[120.635,23.6516],[120.636,23.6531],[120.6373,23.6571],[120.6385,23.6596],[120.6393,23.6607],[120.64,23.6609],[120.6406,23.6644],[120.6414,23.6657],[120.6424,23.666],[120.6444,23.6676],[120.6442,23.6688],[120.6451,23.6718],[120.6468,23.6725],[120.647,23.6743],[120.6461,23.675],[120.6465,23.676],[120.6462,23.6773],[120.647,23.6783],[120.647,23.6791],[120.648,23.681],[120.6477,23.6821],[120.6483,23.6829],[120.6468,23.6841],[120.6463,23.6849],[120.6467,23.6853],[120.6469,23.6868],[120.6457,23.6872],[120.6456,23.6886],[120.6459,23.6892],[120.6455,23.6901],[120.6466,23.6917],[120.6465,23.6931],[120.646,23.6934],[120.6454,23.6954],[120.6457,23.6959],[120.6446,23.6973],[120.6434,23.6997],[120.6442,23.701],[120.6453,23.7019],[120.6457,23.7032],[120.6429,23.7054],[120.6415,23.7055],[120.6404,23.707],[120.6404,23.7082],[120.6397,23.7088],[120.6403,23.7098],[120.639,23.7106],[120.6397,23.7121],[120.6405,23.7131],[120.6407,23.7142],[120.6398,23.7144],[120.6404,23.7153],[120.6402,23.7162],[120.6407,23.7176],[120.6405,23.7196],[120.641,23.7203],[120.6417,23.7223],[120.6409,23.7237],[120.6414,23.7243],[120.6404,23.725],[120.6397,23.7266],[120.6401,23.7277],[120.6398,23.729],[120.6403,23.7308],[120.6416,23.7304],[120.6421,23.7306],[120.6434,23.7333],[120.6439,23.7355],[120.6446,23.7367],[120.6463,23.7356],[120.6479,23.736],[120.6499,23.7357],[120.6509,23.7362],[120.6544,23.7345],[120.6554,23.7345],[120.6558,23.7351],[120.6553,23.7376],[120.6545,23.7398],[120.6544,23.7421],[120.6546,23.7452],[120.6546,23.7483],[120.656,23.7538],[120.6555,23.7555],[120.6499,23.7696],[120.6485,23.7732],[120.6476,23.7749],[120.6459,23.7769],[120.6443,23.7793],[120.6424,23.7817],[120.6417,23.7829],[120.6404,23.786],[120.6415,23.7856],[120.6425,23.7857],[120.6447,23.7868],[120.6466,23.7871],[120.6521,23.7891],[120.6536,23.7894],[120.6581,23.791],[120.6624,23.7917],[120.6642,23.7923],[120.6666,23.7936],[120.6688,23.7952],[120.6697,23.7961],[120.673,23.7982],[120.6751,23.7998],[120.6799,23.8016],[120.6814,23.8017],[120.6839,23.8014],[120.6839,23.8034],[120.6834,23.8054],[120.6825,23.8061],[120.6798,23.8058],[120.679,23.8059],[120.6784,23.8084],[120.6785,23.8111],[120.678,23.8141],[120.6788,23.8163],[120.6764,23.8193],[120.6745,23.82],[120.6727,23.8192],[120.6718,23.8194],[120.6714,23.8187],[120.6699,23.8185],[120.668,23.8173],[120.6676,23.8166],[120.6647,23.8163],[120.6651,23.815],[120.6624,23.8154],[120.6604,23.8146],[120.6587,23.8145],[120.6556,23.8128],[120.6533,23.8128],[120.6519,23.8125],[120.6507,23.8127],[120.6501,23.8144],[120.6488,23.8161],[120.6466,23.8173],[120.6446,23.8176],[120.6425,23.8193],[120.64,23.8203],[120.6405,23.8213],[120.6393,23.8221],[120.6379,23.8217],[120.6387,23.8226],[120.6378,23.8237],[120.6392,23.8245],[120.6369,23.8247],[120.6364,23.8255],[120.6341,23.8258],[120.637,23.8259],[120.638,23.8254],[120.6398,23.825],[120.6399,23.8258],[120.6377,23.8264],[120.6392,23.8267],[120.6395,23.8274],[120.6375,23.8273],[120.6361,23.8279],[120.6382,23.8289],[120.6368,23.8301],[120.6374,23.8303],[120.6364,23.8309],[120.6344,23.8312],[120.636,23.8316],[120.6384,23.8314],[120.6375,23.8319],[120.6369,23.8329],[120.6345,23.8332],[120.6332,23.8329],[120.6304,23.8312],[120.6305,23.8324],[120.6281,23.8312],[120.6275,23.8313],[120.6243,23.8294],[120.6237,23.8293],[120.6229,23.8303],[120.6238,23.8307],[120.624,23.8315],[120.6249,23.8319],[120.6288,23.8321],[120.6305,23.8329],[120.6335,23.8339],[120.6336,23.8344],[120.6308,23.8347],[120.6291,23.8344],[120.6311,23.8356],[120.6283,23.8359],[120.6301,23.8371],[120.6269,23.8372],[120.6251,23.8366],[120.6256,23.8377],[120.6274,23.8376],[120.6284,23.8379],[120.6282,23.8384],[120.6263,23.8405],[120.626,23.8419],[120.6245,23.8406],[120.624,23.8397],[120.6224,23.8387],[120.6219,23.8388],[120.623,23.8398],[120.6209,23.8395],[120.6209,23.8402],[120.6221,23.8409],[120.6211,23.8417],[120.6186,23.8405],[120.6183,23.839],[120.6172,23.8376],[120.6168,23.8379],[120.6174,23.8388],[120.6163,23.8394],[120.6168,23.8401],[120.6156,23.8406],[120.6161,23.8412],[120.6175,23.8412],[120.6189,23.8417],[120.6198,23.8425],[120.6183,23.8426],[120.6183,23.8431],[120.6196,23.8435],[120.6183,23.8444],[120.6203,23.8442],[120.6213,23.8446],[120.6216,23.8466],[120.6233,23.8467],[120.6237,23.8473],[120.6229,23.848],[120.6196,23.8487],[120.6206,23.849],[120.6195,23.8497],[120.6214,23.8494],[120.6227,23.8487],[120.623,23.8498],[120.6235,23.849],[120.6237,23.8502],[120.6249,23.8511],[120.6244,23.852],[120.626,23.8521],[120.6263,23.8541],[120.6253,23.8551],[120.6262,23.8547],[120.6261,23.8558],[120.6278,23.8575],[120.6267,23.8575],[120.6264,23.8586],[120.6249,23.8585],[120.6245,23.8597],[120.623,23.8605],[120.6235,23.862],[120.6225,23.8626],[120.622,23.8636],[120.6206,23.8637],[120.6205,23.8651],[120.6201,23.8654],[120.6206,23.868],[120.6199,23.8683],[120.6205,23.8688],[120.6214,23.8688],[120.6215,23.8698],[120.6233,23.8694],[120.624,23.8689],[120.6238,23.8715],[120.6251,23.8721],[120.6258,23.8735],[120.6258,23.8752],[120.625,23.8762],[120.6248,23.8771],[120.6267,23.8794],[120.627,23.8823],[120.6275,23.8836],[120.6282,23.8834],[120.6296,23.8848],[120.629,23.8857],[120.6295,23.8869],[120.6292,23.8879],[120.6294,23.8891],[120.6275,23.8893],[120.6274,23.8896],[120.6295,23.8894],[120.6305,23.8898],[120.632,23.8894],[120.6327,23.8897],[120.6323,23.8904],[120.634,23.8919],[120.6324,23.892],[120.6331,23.8932],[120.6344,23.8934],[120.6338,23.894],[120.6342,23.8952],[120.6331,23.8956],[120.6329,23.8967],[120.6344,23.8967],[120.634,23.8977],[120.6348,23.8978],[120.6351,23.8986],[120.6337,23.9004],[120.6347,23.9008],[120.6349,23.9015],[120.634,23.9016],[120.6335,23.9026],[120.6324,23.9031],[120.6316,23.9028],[120.633,23.9042],[120.6322,23.9045],[120.6326,23.9057],[120.6321,23.9068],[120.6335,23.9064],[120.6333,23.9072],[120.6341,23.9073],[120.6336,23.908],[120.6318,23.9084],[120.6307,23.9082],[120.6305,23.9086],[120.6318,23.9088],[120.6318,23.9093],[120.633,23.9095],[120.6318,23.9104],[120.6298,23.9104],[120.6298,23.9112],[120.6322,23.9107],[120.6333,23.9118],[120.6325,23.9124],[120.6336,23.9124],[120.633,23.9133],[120.6331,23.9142],[120.6347,23.9131],[120.6341,23.9146],[120.6334,23.9152],[120.634,23.9156],[120.6344,23.9169],[120.6339,23.9177],[120.6349,23.9178],[120.6346,23.9189],[120.6335,23.9196],[120.6349,23.9193],[120.6349,23.9201],[120.6365,23.9194],[120.6366,23.92],[120.6354,23.9217],[120.6372,23.9219],[120.6369,23.9235],[120.6373,23.9246],[120.6358,23.9259],[120.6342,23.9266],[120.6331,23.9266],[120.6337,23.9272],[120.6328,23.9284],[120.6317,23.9285],[120.631,23.9293],[120.6298,23.9295],[120.6285,23.9302],[120.6278,23.9312],[120.6298,23.9312],[120.6304,23.9326],[120.6309,23.9321],[120.6321,23.9329],[120.6327,23.9342],[120.6328,23.9356],[120.6338,23.9359],[120.6354,23.9369],[120.6355,23.9374],[120.6369,23.9358],[120.6377,23.9354],[120.6368,23.9365],[120.6369,23.9371],[120.6353,23.9387],[120.6339,23.9396],[120.6327,23.9412],[120.6302,23.9431],[120.6308,23.9448],[120.6317,23.9438],[120.6334,23.9429],[120.6346,23.9438],[120.6327,23.946],[120.629,23.9498],[120.6276,23.952],[120.6283,23.9526],[120.6294,23.9521],[120.6318,23.9534],[120.6341,23.9523],[120.6338,23.9534],[120.6328,23.9544],[120.6316,23.9548],[120.6309,23.9544],[120.6298,23.9551],[120.6278,23.9558],[120.6269,23.9557],[120.627,23.9564],[120.6276,23.9565],[120.6302,23.9561],[120.631,23.9563],[120.6315,23.9556],[120.6341,23.9542],[120.6351,23.9532],[120.6353,23.9524],[120.6367,23.9527],[120.6396,23.9551],[120.6403,23.9562],[120.6427,23.9583],[120.6429,23.9595],[120.6442,23.9621],[120.6447,23.9625],[120.6469,23.9634],[120.6466,23.965],[120.6469,23.9669],[120.6468,23.9703],[120.647,23.9716],[120.6463,23.973],[120.6468,23.9754],[120.6486,23.9797],[120.65,23.9829],[120.6501,23.9849],[120.6494,23.9857],[120.6473,23.9875],[120.6453,23.9896],[120.6436,23.9908],[120.6375,23.9937],[120.6364,23.9955],[120.6361,23.9984],[120.6378,24.0026],[120.6382,24.0041],[120.6381,24.0074],[120.6385,24.0074],[120.6403,24.0057],[120.6405,24.0064],[120.6415,24.0081],[120.6425,24.0089],[120.6433,24.0083],[120.6446,24.0089],[120.6464,24.0091],[120.6473,24.0084],[120.6495,24.0081],[120.6508,24.0085],[120.6614,24.0083],[120.6662,24.0077],[120.6676,24.0069],[120.6704,24.0063],[120.6713,24.0066],[120.6726,24.0058],[120.6737,24.0077],[120.6731,24.0088],[120.6711,24.0099],[120.6701,24.01],[120.6707,24.0106],[120.673,24.0103],[120.6743,24.0108],[120.6746,24.0105],[120.6763,24.0108],[120.6774,24.0121],[120.6786,24.014],[120.6788,24.0142],[120.6831,24.0121],[120.686,24.0105],[120.6888,24.0093],[120.6949,24.0071],[120.7064,24.0052],[120.7192,24.0097],[120.7229,24.0096],[120.7317,24.009],[120.7331,24.0084],[120.7436,24.0022],[120.7454,23.9992],[120.746,23.9986],[120.7476,23.9991],[120.7487,24.001],[120.7511,24.0029],[120.7531,24.0023],[120.7542,24.0026],[120.7544,24.0033],[120.7559,24.0035],[120.7561,24.0045],[120.7576,24.005],[120.7579,24.0061],[120.7596,24.0064],[120.7609,24.0062],[120.7627,24.0063],[120.7645,24.0071],[120.7656,24.008],[120.7667,24.0083],[120.7675,24.009],[120.7706,24.0091],[120.771,24.0096],[120.7704,24.0108],[120.7711,24.0113],[120.7711,24.0135],[120.7714,24.0144],[120.7723,24.0147],[120.7735,24.0159],[120.7751,24.0185],[120.7761,24.0192],[120.7781,24.0195],[120.7798,24.0203],[120.7798,24.0211],[120.7816,24.0223],[120.7829,24.0237],[120.7831,24.0248],[120.7846,24.0241],[120.785,24.0256],[120.7848,24.0276],[120.7856,24.0277],[120.7855,24.0287],[120.7876,24.0303],[120.7889,24.0306],[120.7895,24.0312],[120.7905,24.0307],[120.7915,24.0307],[120.7918,24.0319],[120.7929,24.0325],[120.7915,24.0337],[120.7917,24.0353],[120.7935,24.0372],[120.7942,24.0375],[120.7946,24.0386],[120.7958,24.04],[120.7973,24.0409],[120.7975,24.0418],[120.7967,24.0422],[120.797,24.0437],[120.7989,24.0459],[120.8007,24.0486],[120.8014,24.0504],[120.8011,24.0515],[120.8026,24.0517],[120.8035,24.0525],[120.8037,24.0535],[120.8033,24.0545],[120.8033,24.0562],[120.8043,24.0573],[120.8049,24.0591],[120.8063,24.0604],[120.8073,24.063],[120.807,24.0642],[120.808,24.0654],[120.8092,24.0663],[120.8118,24.066],[120.8125,24.0676],[120.8137,24.0685],[120.8145,24.0699],[120.8164,24.0685],[120.8192,24.0685],[120.8207,24.0698],[120.8224,24.0698],[120.8237,24.0707],[120.8262,24.0713],[120.8293,24.0715],[120.8291,24.0742],[120.8284,24.0769],[120.8285,24.0792],[120.8285,24.0822],[120.8289,24.0836],[120.8281,24.0869],[120.8281,24.089],[120.8286,24.0905],[120.8283,24.0929],[120.8285,24.0945],[120.8299,24.095],[120.8316,24.0969],[120.8324,24.0983],[120.8325,24.0994],[120.8316,24.101],[120.8303,24.1021],[120.8309,24.1036],[120.8321,24.1042],[120.8338,24.1063],[120.8345,24.1076],[120.8341,24.1096],[120.8345,24.1106],[120.8345,24.1129],[120.8356,24.1144],[120.8363,24.1169],[120.8377,24.1178],[120.8387,24.1191],[120.8395,24.1192],[120.8405,24.1202],[120.8421,24.1207],[120.8421,24.1213],[120.843,24.1231],[120.8448,24.1245],[120.847,24.124],[120.8489,24.1239],[120.8504,24.1245],[120.8539,24.1245],[120.8552,24.123],[120.8553,24.1223],[120.8562,24.1215],[120.8564,24.12],[120.857,24.1197],[120.8572,24.1173],[120.8585,24.1163],[120.8602,24.1159],[120.8637,24.1158],[120.8644,24.1154],[120.8655,24.1155],[120.8674,24.1163],[120.8689,24.1176],[120.8696,24.1171],[120.8722,24.1169],[120.8728,24.1159],[120.8738,24.1153],[120.8742,24.1134],[120.8752,24.113],[120.8776,24.1098],[120.8792,24.1092],[120.8789,24.1077],[120.8793,24.1059],[120.8802,24.1054],[120.8801,24.1044],[120.8809,24.1039],[120.8804,24.1033],[120.8815,24.1005],[120.8798,24.0993],[120.879,24.098],[120.879,24.0968],[120.8782,24.0953],[120.8782,24.0935],[120.8769,24.0912],[120.8776,24.0876],[120.878,24.0866],[120.878,24.085],[120.8793,24.0858],[120.8803,24.0886],[120.882,24.0883],[120.883,24.0905],[120.885,24.093],[120.8854,24.0948],[120.8868,24.0958],[120.8879,24.0959],[120.8901,24.0966],[120.8911,24.0974],[120.8915,24.0987],[120.8909,24.1011],[120.8913,24.1024],[120.8942,24.1066],[120.8937,24.1093],[120.8942,24.1103],[120.8938,24.1111],[120.892,24.1116],[120.8911,24.1122],[120.8902,24.1142],[120.891,24.1156],[120.8926,24.1162],[120.8936,24.116],[120.8949,24.1165],[120.897,24.1163],[120.8987,24.1156],[120.8999,24.1156],[120.9028,24.1147],[120.9049,24.1145],[120.9069,24.1123],[120.9071,24.1107],[120.9096,24.1092],[120.9112,24.1088],[120.9132,24.109],[120.9146,24.1076],[120.9168,24.1077],[120.9199,24.1074],[120.9212,24.1088],[120.9231,24.1099],[120.9253,24.1105],[120.9271,24.1117],[120.9292,24.1121],[120.9319,24.1122],[120.935,24.1153],[120.9375,24.1172],[120.9389,24.1178],[120.9412,24.1201],[120.942,24.1206],[120.9445,24.1228],[120.9484,24.1249],[120.9495,24.1275],[120.9501,24.1279],[120.9526,24.1268],[120.9543,24.1255],[120.9554,24.1252],[120.958,24.1233],[120.9601,24.1209],[120.9612,24.1202],[120.9621,24.1203],[120.964,24.1199],[120.967,24.1203],[120.971,24.1203],[120.9727,24.1195],[120.9734,24.1196],[120.9744,24.1189],[120.9752,24.117],[120.9765,24.1169],[120.9791,24.1183],[120.9812,24.1188],[120.9837,24.1192],[120.9852,24.1202],[120.9877,24.1195],[120.989,24.1187],[120.9919,24.1209],[120.9922,24.1222],[120.9916,24.1242],[120.992,24.1253],[120.9937,24.1256],[120.996,24.1266],[120.9986,24.1269],[120.9998,24.1282],[121.0002,24.13],[121.0,24.1312],[121.0005,24.1324],[121.0027,24.1331],[121.0035,24.1339],[121.0042,24.1356],[121.0046,24.1376],[121.0058,24.1391],[121.0059,24.14],[121.0069,24.1411],[121.007,24.1426],[121.0075,24.1436],[121.0071,24.1449],[121.0077,24.1456],[121.0082,24.147],[121.009,24.1474],[121.0097,24.1483],[121.0106,24.1505],[121.0121,24.1522],[121.0122,24.1533],[121.0134,24.1535],[121.0144,24.1544],[121.0155,24.156],[121.0174,24.157],[121.0199,24.1589],[121.0208,24.1588],[121.0233,24.158],[121.0256,24.1581],[121.0274,24.1587],[121.0278,24.1596],[121.0296,24.1577],[121.0301,24.1551],[121.0312,24.1535],[121.0314,24.1526],[121.0309,24.1496],[121.0315,24.149],[121.0334,24.1486],[121.0356,24.1508],[121.0358,24.1531],[121.0378,24.1579],[121.0381,24.1582],[121.0408,24.1586],[121.0429,24.1586],[121.0441,24.1597],[121.0465,24.1601],[121.0476,24.16],[121.0493,24.1588],[121.0507,24.1581],[121.0517,24.1555],[121.0526,24.1548],[121.0555,24.1571],[121.0565,24.1582],[121.0579,24.1592],[121.0588,24.1603],[121.0593,24.1627],[121.0614,24.1633],[121.0631,24.1633],[121.0643,24.1629],[121.0655,24.1639],[121.0663,24.1655],[121.0674,24.1658],[121.0686,24.167],[121.0699,24.1676],[121.0702,24.1684],[121.0724,24.1699],[121.0747,24.17],[121.0754,24.1703],[121.0766,24.1717],[121.0791,24.1731],[121.0808,24.1746],[121.0812,24.1755],[121.0838,24.1756],[121.0849,24.1759],[121.0871,24.178],[121.0889,24.1806],[121.0913,24.1827],[121.0915,24.1838],[121.0911,24.1848],[121.094,24.1879],[121.0944,24.1901],[121.0963,24.1921],[121.1014,24.1949],[121.102,24.1958],[121.1043,24.196],[121.1057,24.1972],[121.1074,24.1978],[121.1093,24.198],[121.1113,24.1977],[121.1134,24.1968],[121.1168,24.1972],[121.1188,24.1972],[121.1226,24.1961],[121.1272,24.1968],[121.1287,24.1961],[121.1306,24.1967],[121.1323,24.1969],[121.1353,24.1962],[121.1364,24.1963],[121.1378,24.1976],[121.1403,24.1988],[121.1414,24.1996],[121.1425,24.2016],[121.1432,24.2043],[121.143,24.2053],[121.1441,24.2071],[121.145,24.2077],[121.1462,24.2089],[121.1481,24.2131],[121.1496,24.2132],[121.1514,24.2129],[121.1519,24.2132],[121.1565,24.2147],[121.1586,24.2146],[121.1611,24.2154],[121.1626,24.2174],[121.1633,24.2191],[121.1639,24.2196],[121.1644,24.2218],[121.166,24.2233],[121.1667,24.2236],[121.1677,24.2254],[121.1702,24.2235],[121.1735,24.2203],[121.175,24.2183],[121.1767,24.2165],[121.1777,24.2157],[121.1785,24.214],[121.1807,24.2123],[121.1824,24.2123],[121.1839,24.2137],[121.1852,24.2145],[121.1885,24.2149],[121.1902,24.2157],[121.1918,24.2169],[121.1918,24.2181],[121.1923,24.219],[121.1938,24.2206],[121.1967,24.2231],[121.1984,24.2229],[121.2016,24.2216],[121.2051,24.2221],[121.2063,24.2217],[121.2081,24.2217],[121.21,24.2226],[121.2127,24.2242],[121.2158,24.2253],[121.2174,24.2269],[121.2181,24.2282],[121.2197,24.2292],[121.2216,24.2278],[121.2237,24.227],[121.2261,24.2258],[121.2271,24.2256],[121.2283,24.2247],[121.2282,24.2258],[121.2306,24.2261],[121.2309,24.2252],[121.2304,24.2235],[121.2325,24.2223],[121.2359,24.2212],[121.237,24.2201],[121.238,24.2197],[121.2387,24.2205],[121.2407,24.2217],[121.2442,24.2225],[121.2449,24.225],[121.2462,24.2265],[121.2471,24.2282],[121.2487,24.2325],[121.2512,24.238],[121.2532,24.241],[121.2551,24.2432],[121.2568,24.2444],[121.2588,24.2451],[121.2615,24.2457],[121.265,24.2459],[121.2654,24.2457],[121.2658,24.2437],[121.2664,24.2424],[121.2659,24.2412],[121.2666,24.2406],[121.2685,24.2399],[121.2689,24.2379],[121.2705,24.2368],[121.2726,24.2361],[121.2733,24.2364],[121.2739,24.2357],[121.2766,24.2356],[121.2771,24.2349],[121.2777,24.2319],[121.2792,24.2309],[121.2802,24.2298],[121.2809,24.2306],[121.2828,24.231],[121.2837,24.2307],[121.2841,24.2297],[121.2858,24.2291],[121.287,24.2297],[121.2894,24.2301],[121.2902,24.2297],[121.291,24.2302],[121.2931,24.2292],[121.2941,24.2297],[121.295,24.232],[121.2957,24.2326],[121.2988,24.2333],[121.2981,24.2342],[121.2989,24.2358],[121.3009,24.2366],[121.3024,24.2365],[121.3029,24.235],[121.3037,24.2338],[121.3059,24.2337],[121.3088,24.2349],[121.3121,24.2351],[121.3141,24.235],[121.3165,24.2344],[121.3178,24.233],[121.3194,24.2319],[121.3221,24.2321],[121.3244,24.233],[121.3265,24.2325],[121.3302,24.2312],[121.3316,24.2299],[121.333,24.2299],[121.3357,24.2286],[121.3391,24.2267],[121.343,24.2236],[121.3433,24.2221]]]]}},{"type":"Feature","properties":{"name":"雲林縣","nameEn":"Yunlin County","code":"10009"},"geometry":{"type":"MultiPolygon","coordinates":[[[[120.6417,23.7829],[120.6424,23.7817],[120.6443,23.7793],[120.6459,23.7769],[120.6476,23.7749],[120.6485,23.7732],[120.6499,23.7696],[120.6555,23.7555],[120.656,23.7538],[120.6546,23.7483],[120.6546,23.7452],[120.6544,23.7421],[120.6545,23.7398],[120.6553,23.7376],[120.6558,23.7351],[120.6554,23.7345],[120.6544,23.7345],[120.6509,23.7362],[120.6499,23.7357],[120.6479,23.736],[120.6463,23.7356],[120.6446,23.7367],[120.6439,23.7355],[120.6434,23.7333],[120.6421,23.7306],[120.6416,23.7304],[120.6403,23.7308],[120.6398,23.729],[120.6401,23.7277],[120.6397,23.7266],[120.6404,23.725],[120.6414,23.7243],[120.6409,23.7237],[120.6417,23.7223],[120.641,23.7203],[120.6405,23.7196],[120.6407,23.7176],[120.6402,23.7162],[120.6404,23.7153],[120.6398,23.7144],[120.6407,23.7142],[120.6405,23.7131],[120.6397,23.7121],[120.639,23.7106],[120.6403,23.7098],[120.6397,23.7088],[120.6404,23.7082],[120.6404,23.707],[120.6415,23.7055],[120.6429,23.7054],[120.6457,23.7032],[120.6453,23.7019],[120.6442,23.701],[120.6434,23.6997],[120.6446,23.6973],[120.6457,23.6959],[120.6454,23.6954],[120.646,23.6934],[120.6465,23.6931],[120.6466,23.6917],[120.6455,23.6901],[120.6459,23.6892],[120.6456,23.6886],[120.6457,23.6872],[120.6469,23.6868],[120.6467,23.6853],[120.6463,23.6849],[120.6468,23.6841],[120.6483,23.6829],[120.6477,23.6821],[120.648,23.681],[120.647,23.6791],[120.647,23.6783],[120.6462,23.6773],[120.6465,23.676],[120.6461,23.675],[120.647,23.6743],[120.6468,23.6725],[120.6451,23.6718],[120.6442,23.6688],[120.6444,23.6676],[120.6424,23.666],[120.6414,23.6657],[120.6406,23.6644],[120.64,23.6609],[120.6393,23.6607],[120.6385,23.6596],[120.6373,23.6571],[120.636,23.6531],[120.635,23.6516],[120.6353,23.6507],[120.6351,23.6497],[120.6364,23.6482],[120.6348,23.6471],[120.6347,23.6454],[120.6353,23.6443],[120.6353,23.6431],[120.6347,23.6421],[120.6336,23.6411],[120.632,23.6404],[120.6316,23.6388],[120.6303,23.6371],[120.6291,23.6352],[120.63,23.6339],[120.63,23.632],[120.6287,23.6303],[120.6293,23.6285],[120.6299,23.6274],[120.6301,23.6255],[120.6306,23.6243],[120.6304,23.6231],[120.631,23.6217],[120.6318,23.6213],[120.6335,23.6192],[120.6354,23.6199],[120.6378,23.623],[120.6387,23.6247],[120.6407,23.6257],[120.643,23.6282],[120.6439,23.6282],[120.6451,23.631],[120.6467,23.631],[120.6491,23.6298],[120.6515,23.6299],[120.653,23.6295],[120.6536,23.6288],[120.6531,23.6272],[120.653,23.6258],[120.6526,23.6248],[120.6524,23.6226],[120.6529,23.6219],[120.6523,23.6192],[120.6514,23.6162],[120.6536,23.6158],[120.6587,23.6136],[120.66,23.6114],[120.6612,23.6105],[120.6637,23.6112],[120.6645,23.6111],[120.6672,23.6101],[120.6679,23.6094],[120.6691,23.6093],[120.6727,23.6097],[120.6737,23.6102],[120.6752,23.6102],[120.6778,23.611],[120.6836,23.6109],[120.6854,23.6127],[120.6856,23.6149],[120.6854,23.6155],[120.6861,23.6172],[120.6861,23.6182],[120.6883,23.619],[120.6915,23.6204],[120.6928,23.62],[120.6947,23.6203],[120.6968,23.62],[120.6979,23.6191],[120.6996,23.6188],[120.7018,23.6175],[120.705,23.6173],[120.7069,23.6187],[120.7081,23.6185],[120.7103,23.6192],[120.7141,23.621],[120.7142,23.6228],[120.713,23.6278],[120.7141,23.6286],[120.7161,23.6295],[120.7187,23.6298],[120.7197,23.6283],[120.7204,23.6263],[120.7219,23.6246],[120.7227,23.623],[120.7238,23.6219],[120.7253,23.6218],[120.7269,23.62],[120.7282,23.6198],[120.7303,23.6186],[120.7308,23.6181],[120.7306,23.6167],[120.7313,23.6144],[120.7312,23.6117],[120.7309,23.6108],[120.7296,23.6102],[120.729,23.6088],[120.7267,23.6074],[120.7246,23.6037],[120.7278,23.6014],[120.7285,23.5992],[120.7326,23.5973],[120.7327,23.597],[120.7302,23.5943],[120.7299,23.5934],[120.732,23.5908],[120.7327,23.5892],[120.7323,23.5878],[120.7339,23.5847],[120.7336,23.5824],[120.7328,23.5811],[120.7322,23.579],[120.7322,23.5771],[120.7349,23.5754],[120.7359,23.5736],[120.7362,23.5705],[120.7337,23.571],[120.7304,23.5708],[120.7282,23.5703],[120.7243,23.5719],[120.7208,23.5705],[120.7195,23.5696],[120.7179,23.569],[120.7167,23.5694],[120.7161,23.5711],[120.7147,23.5708],[120.7126,23.5713],[120.7113,23.5709],[120.7101,23.5712],[120.7095,23.5721],[120.7095,23.5743],[120.7091,23.5756],[120.7079,23.5757],[120.707,23.5752],[120.7043,23.575],[120.7007,23.5761],[120.6989,23.5763],[120.6958,23.5762],[120.694,23.5765],[120.6913,23.5761],[120.6889,23.5751],[120.6868,23.575],[120.6856,23.5746],[120.6829,23.5724],[120.6809,23.5715],[120.6794,23.5714],[120.6762,23.5707],[120.6749,23.5712],[120.6735,23.5732],[120.6726,23.5763],[120.6708,23.5785],[120.6698,23.5787],[120.6686,23.5778],[120.6653,23.5777],[120.6642,23.5772],[120.6607,23.5763],[120.6583,23.5735],[120.6581,23.5729],[120.6557,23.5722],[120.6508,23.5724],[120.6495,23.5733],[120.6493,23.5748],[120.6478,23.5763],[120.6466,23.5767],[120.6456,23.5758],[120.6441,23.5753],[120.6435,23.5757],[120.6435,23.5782],[120.6447,23.5794],[120.6461,23.5795],[120.6483,23.5815],[120.649,23.5827],[120.6493,23.5857],[120.6473,23.586],[120.6472,23.5879],[120.6486,23.5903],[120.6491,23.5925],[120.6475,23.5932],[120.6456,23.5935],[120.6431,23.5926],[120.6398,23.5925],[120.6368,23.5919],[120.6358,23.5913],[120.6306,23.5899],[120.6296,23.5904],[120.6272,23.5902],[120.6252,23.5907],[120.6232,23.59],[120.6229,23.588],[120.6208,23.5864],[120.6202,23.5853],[120.619,23.5842],[120.6179,23.5843],[120.6155,23.5853],[120.6129,23.5844],[120.6121,23.5836],[120.6098,23.5826],[120.6077,23.5834],[120.6065,23.5842],[120.6055,23.5837],[120.6039,23.5836],[120.6025,23.5832],[120.5998,23.5833],[120.5976,23.5846],[120.5959,23.5848],[120.5948,23.5854],[120.5933,23.585],[120.5911,23.585],[120.5898,23.5857],[120.5888,23.5855],[120.5883,23.5847],[120.5872,23.5842],[120.5859,23.5826],[120.585,23.583],[120.5814,23.5821],[120.5803,23.5823],[120.5786,23.5833],[120.5767,23.5836],[120.5764,23.5844],[120.5751,23.5846],[120.5741,23.586],[120.5709,23.5879],[120.5687,23.588],[120.5674,23.5877],[120.5662,23.5885],[120.5657,23.5894],[120.5631,23.5896],[120.5619,23.5888],[120.5595,23.5887],[120.5578,23.5892],[120.557,23.5911],[120.5571,23.5921],[120.5566,23.5928],[120.5519,23.5939],[120.5483,23.5938],[120.5473,23.594],[120.5452,23.5939],[120.5436,23.5944],[120.539,23.5943],[120.5369,23.5947],[120.5352,23.5959],[120.533,23.597],[120.5323,23.5987],[120.5295,23.5999],[120.5287,23.6009],[120.5281,23.6028],[120.526,23.6047],[120.5253,23.6049],[120.5237,23.6061],[120.5231,23.607],[120.5196,23.6091],[120.5176,23.6111],[120.5169,23.6126],[120.5156,23.614],[120.5151,23.6151],[120.5131,23.6169],[120.5124,23.618],[120.5102,23.6193],[120.5095,23.6218],[120.5077,23.623],[120.5076,23.6241],[120.5064,23.6261],[120.5066,23.6284],[120.5076,23.6302],[120.5072,23.6319],[120.5059,23.6339],[120.5047,23.6349],[120.5036,23.6353],[120.5014,23.6348],[120.4995,23.6351],[120.4967,23.6345],[120.4935,23.6332],[120.4929,23.6332],[120.4911,23.6348],[120.4891,23.6359],[120.4874,23.635],[120.4872,23.6342],[120.4881,23.6314],[120.4873,23.6306],[120.4859,23.6306],[120.4826,23.6322],[120.4793,23.6329],[120.4787,23.6328],[120.4775,23.6299],[120.4763,23.6295],[120.474,23.6311],[120.4696,23.6302],[120.4661,23.6303],[120.4639,23.6294],[120.4607,23.6294],[120.4585,23.6277],[120.4555,23.6265],[120.454,23.6263],[120.4511,23.6271],[120.4534,23.6285],[120.4542,23.6299],[120.4528,23.6308],[120.4522,23.6307],[120.4507,23.6296],[120.4467,23.6297],[120.4452,23.6305],[120.4442,23.6304],[120.4426,23.6289],[120.4411,23.626],[120.4381,23.6265],[120.436,23.6261],[120.4351,23.6252],[120.4353,23.6244],[120.437,23.6238],[120.4374,23.6225],[120.4368,23.6218],[120.4356,23.6219],[120.434,23.6229],[120.4318,23.6215],[120.4315,23.6198],[120.4309,23.6188],[120.4299,23.6184],[120.4282,23.6192],[120.4267,23.6192],[120.4256,23.6181],[120.4242,23.6183],[120.422,23.6193],[120.4213,23.621],[120.421,23.6248],[120.4201,23.6252],[120.4181,23.624],[120.4169,23.6229],[120.4165,23.6219],[120.4158,23.6214],[120.4138,23.6224],[120.4142,23.6231],[120.4128,23.624],[120.4096,23.6252],[120.4066,23.6253],[120.4064,23.6325],[120.4059,23.6336],[120.4046,23.6342],[120.4015,23.6329],[120.4009,23.6322],[120.4026,23.6269],[120.3961,23.6248],[120.3943,23.624],[120.3931,23.6242],[120.3923,23.6236],[120.3924,23.6224],[120.3866,23.621],[120.3842,23.6175],[120.3827,23.6141],[120.3832,23.6127],[120.3808,23.6118],[120.3798,23.6099],[120.3756,23.6099],[120.3711,23.6095],[120.3699,23.609],[120.3681,23.6075],[120.3665,23.6078],[120.3661,23.6066],[120.3659,23.603],[120.3652,23.6017],[120.3616,23.5983],[120.3599,23.5957],[120.3586,23.5948],[120.3567,23.594],[120.3525,23.5931],[120.3433,23.5919],[120.3407,23.5919],[120.3384,23.5922],[120.335,23.593],[120.3337,23.5918],[120.3336,23.5908],[120.3334,23.5824],[120.3331,23.5792],[120.3316,23.5774],[120.327,23.5742],[120.3248,23.5732],[120.3204,23.5724],[120.3182,23.5727],[120.3171,23.5733],[120.3119,23.575],[120.3108,23.5751],[120.3076,23.5747],[120.3064,23.5732],[120.3067,23.5715],[120.3102,23.5672],[120.3106,23.5645],[120.308,23.5633],[120.3066,23.5629],[120.2977,23.5645],[120.2954,23.5646],[120.2927,23.564],[120.29,23.5623],[120.2893,23.5612],[120.2891,23.56],[120.2891,23.5574],[120.2897,23.5548],[120.2902,23.5538],[120.2909,23.5508],[120.2899,23.5499],[120.2884,23.5491],[120.2867,23.5478],[120.2826,23.546],[120.2802,23.5459],[120.2784,23.545],[120.2764,23.5435],[120.2752,23.5407],[120.2743,23.5379],[120.2736,23.5342],[120.2726,23.5315],[120.2719,23.5307],[120.2703,23.5302],[120.2689,23.5302],[120.2666,23.5311],[120.2646,23.533],[120.2635,23.5335],[120.2614,23.5363],[120.2594,23.5412],[120.2581,23.5438],[120.2561,23.5461],[120.2538,23.5464],[120.2489,23.5458],[120.2444,23.5443],[120.2434,23.5436],[120.2421,23.5415],[120.2419,23.5401],[120.242,23.5387],[120.2441,23.5326],[120.2446,23.5295],[120.2456,23.5233],[120.2471,23.5162],[120.2467,23.5138],[120.2448,23.5116],[120.2431,23.5101],[120.2411,23.5087],[120.2391,23.5077],[120.2371,23.507],[120.2309,23.5054],[120.223,23.5043],[120.2194,23.5056],[120.2182,23.5062],[120.2158,23.5069],[120.2134,23.5082],[120.2099,23.5097],[120.2085,23.5099],[120.2067,23.5106],[120.205,23.5118],[120.2031,23.512],[120.2028,23.5111],[120.201,23.5114],[120.2013,23.5124],[120.1985,23.513],[120.1984,23.5126],[120.1967,23.513],[120.1964,23.5124],[120.1951,23.5126],[120.193,23.5118],[120.1899,23.51],[120.1872,23.5106],[120.1831,23.5099],[120.181,23.5098],[120.1771,23.5118],[120.1724,23.5147],[120.1694,23.5161],[120.1666,23.5172],[120.1654,23.5172],[120.1646,23.5158],[120.1581,23.5159],[120.1523,23.5182],[120.1488,23.5192],[120.1464,23.5208],[120.1458,23.5208],[120.1464,23.5239],[120.1451,23.5256],[120.1454,23.5265],[120.1484,23.5298],[120.1485,23.5305],[120.1503,23.5319],[120.1491,23.5336],[120.1486,23.5369],[120.1457,23.5391],[120.1445,23.5404],[120.1417,23.5444],[120.1409,23.546],[120.1405,23.5491],[120.1396,23.5497],[120.1404,23.5543],[120.1404,23.5572],[120.1401,23.5588],[120.1391,23.5595],[120.1388,23.5604],[120.1378,23.5614],[120.1378,23.5623],[120.1408,23.5623],[120.1421,23.5641],[120.1431,23.5676],[120.143,23.5695],[120.1433,23.5721],[120.1414,23.572],[120.1407,23.5731],[120.1407,23.5775],[120.1409,23.5781],[120.141,23.5823],[120.1408,23.5843],[120.1412,23.5869],[120.1414,23.5913],[120.1417,23.5923],[120.1444,23.5941],[120.1447,23.5951],[120.1448,23.5973],[120.1446,23.5982],[120.1428,23.5979],[120.1419,23.5982],[120.1415,23.6015],[120.1404,23.5975],[120.1401,23.5972],[120.1394,23.5996],[120.14,23.6068],[120.1403,23.6087],[120.1401,23.6134],[120.1392,23.6147],[120.1366,23.6147],[120.1358,23.6157],[120.133,23.6157],[120.1335,23.6194],[120.1348,23.6199],[120.1349,23.6203],[120.1371,23.6204],[120.1373,23.6246],[120.1379,23.6276],[120.1383,23.6318],[120.1379,23.6346],[120.1371,23.6362],[120.1358,23.6361],[120.135,23.6355],[120.1345,23.6342],[120.1339,23.6318],[120.1334,23.6303],[120.1325,23.6272],[120.1312,23.6244],[120.1302,23.6232],[120.1285,23.6219],[120.1252,23.6214],[120.1235,23.6218],[120.1183,23.6266],[120.1151,23.6314],[120.1145,23.6329],[120.1144,23.6344],[120.115,23.6362],[120.1181,23.6394],[120.1222,23.6417],[120.124,23.6432],[120.1255,23.6457],[120.1276,23.6522],[120.1286,23.6545],[120.1303,23.6577],[120.1323,23.6609],[120.1352,23.6671],[120.1392,23.6842],[120.141,23.6876],[120.1454,23.6919],[120.1463,23.6938],[120.1464,23.6963],[120.1455,23.6989],[120.1459,23.7004],[120.1468,23.7007],[120.1472,23.7019],[120.1464,23.7035],[120.1469,23.7067],[120.149,23.7082],[120.1511,23.7113],[120.1527,23.7131],[120.1557,23.7154],[120.1562,23.7155],[120.1558,23.7194],[120.1658,23.7419],[120.1668,23.7556],[120.1692,23.7589],[120.1644,23.769],[120.1629,23.7726],[120.1628,23.777],[120.1629,23.7797],[120.1619,23.7799],[120.1568,23.7846],[120.1602,23.7867],[120.1636,23.7919],[120.1651,23.7944],[120.1678,23.7967],[120.1727,23.8009],[120.1755,23.8031],[120.1751,23.8036],[120.1757,23.8044],[120.1702,23.8055],[120.1704,23.8066],[120.175,23.8058],[120.1769,23.8072],[120.178,23.8091],[120.1811,23.8098],[120.1814,23.8104],[120.1816,23.8131],[120.1821,23.8157],[120.1825,23.8162],[120.1857,23.8162],[120.189,23.8171],[120.1917,23.8182],[120.1929,23.8192],[120.1956,23.8231],[120.1982,23.8254],[120.2001,23.8267],[120.206,23.8343],[120.2077,23.8372],[120.2083,23.8402],[120.2084,23.8419],[120.2064,23.8441],[120.2045,23.8449],[120.2043,23.8468],[120.2052,23.8484],[120.2072,23.8488],[120.211,23.8492],[120.2134,23.85],[120.2143,23.8507],[120.2154,23.8529],[120.2193,23.8585],[120.2199,23.8624],[120.2199,23.8646],[120.2204,23.8662],[120.2245,23.8609],[120.2275,23.8573],[120.2309,23.8533],[120.236,23.8481],[120.2398,23.8446],[120.2438,23.8414],[120.2492,23.8375],[120.2519,23.8359],[120.255,23.8343],[120.2579,23.8334],[120.2773,23.8283],[120.2923,23.8244],[120.3081,23.8203],[120.3164,23.8201],[120.3331,23.8223],[120.3389,23.8222],[120.3524,23.8223],[120.3574,23.8228],[120.3601,23.8233],[120.3703,23.8286],[120.3736,23.8286],[120.3828,23.8285],[120.3936,23.8277],[120.4103,23.8264],[120.4128,23.8267],[120.4167,23.8268],[120.4184,23.827],[120.425,23.8302],[120.4259,23.8303],[120.4331,23.8301],[120.4345,23.8296],[120.4361,23.8286],[120.4395,23.8269],[120.4409,23.825],[120.444,23.8222],[120.4472,23.8208],[120.4486,23.8197],[120.4507,23.8187],[120.452,23.8173],[120.4581,23.8161],[120.4657,23.8129],[120.47,23.8112],[120.4753,23.809],[120.4832,23.8066],[120.4873,23.8058],[120.4935,23.8045],[120.4984,23.8036],[120.5012,23.8026],[120.5075,23.8007],[120.5111,23.8001],[120.5177,23.7998],[120.5214,23.7998],[120.5278,23.7991],[120.5291,23.7992],[120.5349,23.8012],[120.5379,23.8013],[120.5406,23.801],[120.5459,23.8015],[120.5488,23.8011],[120.5508,23.8012],[120.5548,23.8003],[120.5582,23.7994],[120.5603,23.7981],[120.5673,23.7972],[120.5733,23.7964],[120.578,23.7953],[120.5827,23.7938],[120.5867,23.792],[120.5926,23.7911],[120.6082,23.7912],[120.6125,23.7912],[120.615,23.7914],[120.6179,23.7908],[120.6247,23.7901],[120.6282,23.79],[120.6302,23.7898],[120.6331,23.7889],[120.635,23.7868],[120.6404,23.786],[120.6417,23.7829]]],[[[120.0816,23.5237],[120.0829,23.5237],[120.0838,23.523],[120.0859,23.5228],[120.0866,23.5221],[120.0877,23.5219],[120.0882,23.5205],[120.0893,23.5202],[120.0908,23.5203],[120.0923,23.5191],[120.0923,23.5186],[120.0935,23.5179],[120.0939,23.5165],[120.0952,23.5155],[120.0948,23.5144],[120.0951,23.5133],[120.095,23.5121],[120.0962,23.5115],[120.0958,23.5106],[120.0936,23.5106],[120.0931,23.5113],[120.0915,23.5121],[120.0907,23.5115],[120.0892,23.5115],[120.0888,23.5122],[120.0869,23.5122],[120.0848,23.5115],[120.0835,23.5118],[120.0828,23.5125],[120.0821,23.5119],[120.083,23.5108],[120.0824,23.5104],[120.0826,23.5086],[120.0817,23.5084],[120.0808,23.5091],[120.0793,23.509],[120.0777,23.5082],[120.0766,23.5073],[120.0772,23.5067],[120.077,23.5058],[120.0761,23.5053],[120.0751,23.503],[120.0776,23.5027],[120.0777,23.5021],[120.0766,23.5021],[120.0754,23.5014],[120.0741,23.5019],[120.0724,23.502],[120.0717,23.5026],[120.0713,23.504],[120.0699,23.5038],[120.0711,23.5031],[120.0709,23.5018],[120.0702,23.5028],[120.0686,23.5022],[120.0686,23.5014],[120.0673,23.5008],[120.067,23.5002],[120.0693,23.4998],[120.071,23.4992],[120.0741,23.4988],[120.0729,23.4974],[120.0707,23.4974],[120.07,23.4987],[120.0665,23.4986],[120.0661,23.4973],[120.0652,23.4967],[120.0657,23.4962],[120.0697,23.4966],[120.07,23.4962],[120.0694,23.4952],[120.0716,23.4944],[120.0719,23.4938],[120.0703,23.4939],[120.0691,23.4932],[120.0693,23.4913],[120.0678,23.4901],[120.0669,23.4917],[120.0653,23.4919],[120.0654,23.4946],[120.0644,23.4944],[120.0641,23.4932],[120.0619,23.4929],[120.0628,23.492],[120.0624,23.4917],[120.0606,23.4918],[120.0573,23.4915],[120.0554,23.4925],[120.054,23.4923],[120.054,23.4918],[120.056,23.4912],[120.0562,23.4902],[120.0586,23.49],[120.0598,23.4896],[120.0615,23.4897],[120.0628,23.4895],[120.0646,23.4873],[120.0651,23.4872],[120.0646,23.4864],[120.0637,23.4866],[120.0633,23.4855],[120.0639,23.4848],[120.0633,23.484],[120.0638,23.4828],[120.0624,23.4827],[120.0604,23.4812],[120.0622,23.481],[120.0625,23.4805],[120.0606,23.4796],[120.0596,23.4796],[120.0586,23.4789],[120.0569,23.4789],[120.0556,23.4797],[120.0549,23.4788],[120.054,23.4788],[120.0529,23.4796],[120.0542,23.4811],[120.0564,23.4811],[120.0577,23.4817],[120.0583,23.4827],[120.058,23.4831],[120.0566,23.4834],[120.0558,23.4842],[120.0568,23.4849],[120.0568,23.4858],[120.0559,23.4861],[120.0543,23.4881],[120.0527,23.4879],[120.0521,23.4871],[120.0534,23.4868],[120.0533,23.4861],[120.0523,23.4856],[120.0535,23.4851],[120.0536,23.4834],[120.0523,23.4838],[120.0521,23.4816],[120.0495,23.4795],[120.048,23.4802],[120.048,23.4793],[120.049,23.4768],[120.0485,23.4769],[120.0472,23.4787],[120.0468,23.4778],[120.046,23.478],[120.0452,23.4773],[120.0438,23.4774],[120.0431,23.4767],[120.0423,23.4777],[120.0425,23.4788],[120.042,23.4799],[120.043,23.4814],[120.0442,23.4825],[120.0446,23.4834],[120.0456,23.4842],[120.0455,23.4875],[120.0457,23.4882],[120.0468,23.4894],[120.0467,23.49],[120.049,23.492],[120.0509,23.4919],[120.0514,23.4928],[120.0496,23.4937],[120.0477,23.4937],[120.0473,23.4952],[120.0461,23.4937],[120.045,23.4936],[120.0451,23.4921],[120.0447,23.4916],[120.0456,23.4908],[120.0455,23.4897],[120.0447,23.4892],[120.0448,23.4869],[120.0438,23.4841],[120.0423,23.484],[120.0424,23.4829],[120.0414,23.4813],[120.0404,23.4809],[120.04,23.48],[120.0409,23.4789],[120.0407,23.4784],[120.0394,23.4783],[120.0388,23.4788],[120.0376,23.4786],[120.0385,23.4801],[120.0376,23.4804],[120.037,23.4825],[120.0354,23.483],[120.0349,23.4821],[120.0363,23.4814],[120.036,23.4804],[120.0366,23.4798],[120.0355,23.479],[120.0358,23.4775],[120.035,23.4774],[120.0343,23.4789],[120.033,23.4796],[120.0298,23.4796],[120.0289,23.4793],[120.0287,23.4783],[120.0271,23.4779],[120.0273,23.476],[120.0256,23.4758],[120.0247,23.4746],[120.0259,23.473],[120.0247,23.4716],[120.0239,23.4718],[120.0239,23.4711],[120.0229,23.4709],[120.0226,23.4696],[120.023,23.4693],[120.0252,23.469],[120.0257,23.4684],[120.0241,23.4674],[120.0235,23.4657],[120.0237,23.4652],[120.0253,23.4649],[120.0246,23.4639],[120.0247,23.4619],[120.0245,23.4603],[120.0239,23.4595],[120.0226,23.4603],[120.0218,23.4601],[120.0201,23.4587],[120.0192,23.4594],[120.0176,23.4587],[120.0153,23.459],[120.0139,23.46],[120.0152,23.4611],[120.0147,23.4623],[120.0155,23.4652],[120.0162,23.4657],[120.0162,23.4671],[120.0167,23.468],[120.0189,23.468],[120.0196,23.4688],[120.0185,23.4688],[120.018,23.4695],[120.0159,23.4693],[120.0143,23.4688],[120.0123,23.4678],[120.0127,23.4669],[120.0114,23.4663],[120.0096,23.4649],[120.0089,23.4639],[120.0088,23.4628],[120.0076,23.4618],[120.0076,23.4611],[120.009,23.4593],[120.0099,23.4589],[120.0107,23.4579],[120.0108,23.4571],[120.0124,23.4542],[120.0145,23.4528],[120.0148,23.4505],[120.0158,23.4497],[120.016,23.4481],[120.0179,23.4461],[120.0188,23.4448],[120.0199,23.4442],[120.0199,23.4436],[120.019,23.4435],[120.0187,23.4423],[120.0201,23.4422],[120.0209,23.441],[120.0208,23.4394],[120.0222,23.4385],[120.0214,23.4372],[120.0206,23.4366],[120.0203,23.4357],[120.0192,23.4363],[120.0188,23.4376],[120.018,23.4389],[120.0173,23.4413],[120.0167,23.4413],[120.0163,23.4399],[120.0159,23.4399],[120.0142,23.4418],[120.0155,23.4434],[120.0155,23.4438],[120.0139,23.4451],[120.013,23.4446],[120.013,23.4467],[120.012,23.4475],[120.012,23.4483],[120.0113,23.4493],[120.0105,23.4496],[120.0088,23.4516],[120.0081,23.452],[120.0045,23.4603],[120.0034,23.4615],[120.0003,23.463],[119.9969,23.4658],[119.9985,23.4683],[120.0003,23.4729],[120.0017,23.474],[120.0042,23.4742],[120.0082,23.4777],[120.0091,23.4776],[120.0093,23.4784],[120.0109,23.4787],[120.0102,23.4795],[120.0109,23.48],[120.0117,23.4798],[120.0125,23.4805],[120.0127,23.4819],[120.0142,23.4819],[120.0149,23.4831],[120.0159,23.4833],[120.0161,23.4842],[120.0173,23.4845],[120.0196,23.4861],[120.0215,23.4869],[120.0239,23.4892],[120.025,23.489],[120.0254,23.4902],[120.0265,23.4902],[120.0277,23.4916],[120.0302,23.4922],[120.0308,23.4932],[120.0325,23.4938],[120.0342,23.495],[120.0361,23.496],[120.0377,23.4963],[120.0379,23.4969],[120.0403,23.4989],[120.0436,23.5008],[120.0473,23.5033],[120.049,23.5044],[120.0498,23.5052],[120.0521,23.5056],[120.0523,23.5071],[120.0542,23.5076],[120.0548,23.5086],[120.0564,23.5087],[120.0572,23.5095],[120.058,23.5096],[120.059,23.5109],[120.06,23.5112],[120.0606,23.5121],[120.0621,23.5123],[120.0626,23.5127],[120.0629,23.5142],[120.0638,23.515],[120.0666,23.5152],[120.0689,23.5178],[120.0702,23.5178],[120.071,23.5182],[120.0721,23.5196],[120.0733,23.5207],[120.0748,23.521],[120.0761,23.5222],[120.0776,23.5222],[120.0791,23.5231],[120.0787,23.5243],[120.0797,23.5244],[120.0809,23.5263],[120.0816,23.5257],[120.0811,23.5241],[120.0816,23.5237]]],[[[120.1307,23.5621],[120.1308,23.5604],[120.1324,23.5595],[120.1308,23.5597],[120.1308,23.5583],[120.1317,23.5572],[120.1308,23.556],[120.1298,23.555],[120.1299,23.5541],[120.1306,23.5537],[120.1301,23.5526],[120.1305,23.5519],[120.1296,23.5511],[120.1285,23.552],[120.1293,23.5526],[120.1278,23.5533],[120.1281,23.5543],[120.1277,23.5573],[120.1265,23.5586],[120.1255,23.5588],[120.1238,23.557],[120.1227,23.5564],[120.1227,23.5553],[120.1239,23.555],[120.1234,23.5544],[120.1225,23.5543],[120.1225,23.5533],[120.1231,23.5529],[120.1225,23.5524],[120.1211,23.5524],[120.1195,23.5508],[120.1198,23.5502],[120.1189,23.5489],[120.1182,23.5495],[120.1173,23.5489],[120.1164,23.5494],[120.1151,23.548],[120.1154,23.546],[120.1142,23.5464],[120.1134,23.5459],[120.1131,23.5464],[120.1116,23.5458],[120.1106,23.5459],[120.1095,23.5451],[120.1094,23.5434],[120.1096,23.5426],[120.1106,23.5418],[120.109,23.5413],[120.1089,23.5403],[120.1081,23.5396],[120.1071,23.5403],[120.1056,23.5406],[120.1056,23.5424],[120.1037,23.5438],[120.1045,23.5451],[120.1044,23.5462],[120.105,23.5467],[120.1051,23.548],[120.1074,23.5508],[120.1097,23.5529],[120.1112,23.5539],[120.1113,23.5552],[120.1122,23.5557],[120.1147,23.5557],[120.1153,23.5566],[120.12,23.5565],[120.1205,23.556],[120.1215,23.5561],[120.1229,23.557],[120.1219,23.5583],[120.1228,23.5586],[120.1236,23.5596],[120.1236,23.561],[120.1244,23.5618],[120.1245,23.5629],[120.1258,23.5631],[120.1264,23.5638],[120.1277,23.5633],[120.1289,23.5638],[120.1308,23.5638],[120.1315,23.5631],[120.1328,23.5644],[120.133,23.5635],[120.1318,23.5624],[120.1307,23.5621]]],[[[120.1023,23.5402],[120.1028,23.5386],[120.104,23.5383],[120.1042,23.5372],[120.1053,23.5367],[120.1053,23.536],[120.108,23.534],[120.1071,23.5329],[120.1055,23.534],[120.1041,23.5323],[120.1031,23.5317],[120.1038,23.5314],[120.1072,23.5321],[120.1088,23.5319],[120.109,23.5306],[120.1106,23.5306],[120.1115,23.5294],[120.1093,23.5291],[120.1103,23.5281],[120.11,23.5272],[120.1089,23.5278],[120.1073,23.5275],[120.105,23.5284],[120.1042,23.5283],[120.1036,23.5292],[120.1018,23.5296],[120.1,23.5295],[120.0991,23.5289],[120.0989,23.5279],[120.0994,23.5272],[120.0982,23.5261],[120.0989,23.5255],[120.0982,23.5243],[120.0989,23.5238],[120.0985,23.5227],[120.0981,23.5228],[120.0975,23.5214],[120.0961,23.5216],[120.0959,23.5226],[120.0952,23.5242],[120.0935,23.5256],[120.0928,23.527],[120.093,23.5277],[120.0917,23.5273],[120.0911,23.5278],[120.0909,23.5292],[120.0919,23.5297],[120.0912,23.5312],[120.0922,23.5318],[120.0926,23.534],[120.0943,23.5354],[120.0956,23.5377],[120.0967,23.5391],[120.0968,23.5402],[120.0963,23.5409],[120.0967,23.5414],[120.0972,23.5408],[120.0981,23.5409],[120.0985,23.5421],[120.1001,23.5416],[120.1023,23.5402]]]]}},{"type":"Feature","properties":{"name":"嘉義縣","nameEn":"Chiayi County","code":"10010"},"geometry":{"type":"MultiPolygon","coordinates":[[[[120.7345,23.6101],[120.7359,23.6095],[120.7377,23.6097],[120.739,23.6101],[120.7418,23.6124],[120.7444,23.6127],[120.7464,23.6125],[120.7475,23.6112],[120.749,23.612],[120.7505,23.6141],[120.7515,23.6146],[120.7529,23.6148],[120.7554,23.6142],[120.7581,23.6125],[120.7643,23.6122],[120.7669,23.6098],[120.7676,23.6096],[120.7696,23.6081],[120.7696,23.6069],[120.7702,23.606],[120.7733,23.6057],[120.7746,23.6052],[120.7768,23.6038],[120.7773,23.6027],[120.7796,23.6016],[120.7837,23.6007],[120.7875,23.6013],[120.7909,23.6009],[120.7914,23.6006],[120.7941,23.5982],[120.7949,23.5972],[120.7963,23.5972],[120.7981,23.5974],[120.8011,23.5966],[120.8037,23.5968],[120.804,23.5977],[120.8051,23.5986],[120.8064,23.5988],[120.8078,23.5985],[120.8098,23.5987],[120.8113,23.6001],[120.8139,23.601],[120.8162,23.6],[120.8176,23.5996],[120.8186,23.5982],[120.8171,23.5963],[120.8169,23.5956],[120.8177,23.5943],[120.8187,23.5937],[120.8189,23.5924],[120.8199,23.5904],[120.8207,23.5895],[120.8237,23.5872],[120.8254,23.5865],[120.8246,23.5853],[120.8247,23.5842],[120.8237,23.5841],[120.8213,23.5813],[120.8216,23.5801],[120.8203,23.5788],[120.8199,23.5775],[120.8196,23.5749],[120.8205,23.5728],[120.8219,23.5709],[120.8211,23.57],[120.8215,23.5682],[120.8199,23.5645],[120.8201,23.5634],[120.8207,23.5626],[120.819,23.5605],[120.8183,23.5603],[120.8178,23.5594],[120.8167,23.5586],[120.8159,23.5574],[120.814,23.556],[120.8146,23.5547],[120.8159,23.5537],[120.8159,23.5531],[120.8146,23.5518],[120.8115,23.5511],[120.8113,23.5494],[120.81,23.5479],[120.8099,23.547],[120.8088,23.5459],[120.8082,23.5421],[120.8085,23.5409],[120.8083,23.5393],[120.809,23.5376],[120.8086,23.5362],[120.811,23.5345],[120.8125,23.5325],[120.8142,23.5298],[120.8144,23.529],[120.8172,23.5254],[120.8181,23.5235],[120.8196,23.5222],[120.8204,23.5213],[120.8191,23.5195],[120.8198,23.5175],[120.8196,23.5156],[120.8199,23.5145],[120.8215,23.5127],[120.8228,23.5117],[120.8232,23.5109],[120.8228,23.509],[120.8232,23.5073],[120.824,23.5058],[120.8241,23.5041],[120.8235,23.5012],[120.8228,23.4989],[120.8237,23.497],[120.8246,23.4966],[120.8254,23.4948],[120.8253,23.4897],[120.8262,23.4885],[120.8271,23.4834],[120.8282,23.4819],[120.8299,23.4807],[120.8317,23.4777],[120.8321,23.4758],[120.8326,23.4747],[120.8349,23.4737],[120.836,23.4726],[120.839,23.4712],[120.8397,23.4715],[120.8415,23.4729],[120.8426,23.4733],[120.8441,23.4728],[120.8466,23.4731],[120.8487,23.4722],[120.8499,23.4722],[120.853,23.4731],[120.8562,23.4734],[120.8581,23.4728],[120.8624,23.4735],[120.8636,23.4735],[120.8658,23.4724],[120.8667,23.4723],[120.8683,23.4706],[120.8712,23.4696],[120.8731,23.4685],[120.8765,23.4678],[120.8808,23.4676],[120.8819,23.4683],[120.8821,23.47],[120.8832,23.4722],[120.8841,23.4731],[120.8843,23.4743],[120.8862,23.4754],[120.8871,23.4756],[120.8918,23.4757],[120.8946,23.4755],[120.896,23.4759],[120.8983,23.4758],[120.8996,23.4754],[120.902,23.4761],[120.9067,23.476],[120.9081,23.4758],[120.9102,23.4762],[120.9113,23.4761],[120.9146,23.4747],[120.9154,23.4747],[120.9175,23.4757],[120.9192,23.4749],[120.9207,23.475],[120.9236,23.4737],[120.9265,23.473],[120.9288,23.4717],[120.9301,23.4714],[120.9308,23.4707],[120.9324,23.4711],[120.9339,23.4728],[120.9347,23.4731],[120.9367,23.4732],[120.938,23.4729],[120.9393,23.4721],[120.9416,23.4698],[120.9452,23.4678],[120.9466,23.4676],[120.9475,23.4671],[120.9491,23.4676],[120.9513,23.4675],[120.9526,23.4679],[120.954,23.4688],[120.9569,23.4696],[120.9575,23.4695],[120.9571,23.4684],[120.956,23.4673],[120.952,23.4658],[120.9503,23.4648],[120.9444,23.4634],[120.9422,23.4634],[120.9403,23.4631],[120.9389,23.4639],[120.9366,23.4638],[120.9345,23.4615],[120.9345,23.4599],[120.9351,23.4589],[120.934,23.4581],[120.9326,23.4579],[120.9312,23.4571],[120.9302,23.4572],[120.9283,23.4568],[120.9285,23.4555],[120.9268,23.456],[120.9264,23.4573],[120.9239,23.4583],[120.9225,23.4581],[120.9216,23.459],[120.9201,23.4588],[120.9159,23.4588],[120.9152,23.458],[120.9127,23.4585],[120.9111,23.4576],[120.9099,23.4578],[120.9083,23.4567],[120.9075,23.455],[120.9064,23.4546],[120.9057,23.4532],[120.9045,23.4529],[120.9024,23.4541],[120.901,23.4542],[120.9004,23.4537],[120.9006,23.4524],[120.8988,23.4511],[120.8968,23.4509],[120.8962,23.4504],[120.8964,23.4496],[120.8958,23.4483],[120.8956,23.4467],[120.8951,23.4459],[120.8938,23.4452],[120.8929,23.4452],[120.8918,23.4466],[120.8914,23.4442],[120.8906,23.4434],[120.8907,23.4424],[120.8888,23.4391],[120.8884,23.4374],[120.8875,23.4367],[120.8871,23.4352],[120.8865,23.4348],[120.8852,23.435],[120.8838,23.4363],[120.8828,23.4354],[120.8827,23.4346],[120.882,23.4333],[120.8789,23.4321],[120.8754,23.4328],[120.8756,23.4316],[120.8737,23.4298],[120.8717,23.4296],[120.8705,23.4284],[120.8699,23.4267],[120.8693,23.4263],[120.8681,23.4266],[120.8662,23.4261],[120.866,23.4254],[120.865,23.425],[120.8643,23.4239],[120.8623,23.4246],[120.8619,23.4242],[120.8598,23.4239],[120.8593,23.425],[120.8586,23.4249],[120.8573,23.4221],[120.8564,23.422],[120.8546,23.4231],[120.8537,23.423],[120.8531,23.4219],[120.8502,23.4206],[120.8492,23.4195],[120.8495,23.4177],[120.8493,23.4165],[120.8495,23.4129],[120.8491,23.4118],[120.8479,23.4112],[120.8477,23.4102],[120.8462,23.4094],[120.8448,23.4082],[120.8447,23.4067],[120.8443,23.4059],[120.8439,23.4039],[120.8431,23.4033],[120.8426,23.402],[120.841,23.401],[120.8401,23.3994],[120.8384,23.3982],[120.8384,23.397],[120.8397,23.3961],[120.841,23.3962],[120.841,23.3949],[120.8405,23.3945],[120.8389,23.3945],[120.8369,23.3934],[120.8363,23.3924],[120.8357,23.39],[120.8341,23.3897],[120.8341,23.3887],[120.8349,23.3877],[120.8344,23.3866],[120.8329,23.3872],[120.831,23.3866],[120.8302,23.3844],[120.8294,23.3831],[120.8298,23.3816],[120.8294,23.38],[120.8294,23.3774],[120.8291,23.3758],[120.8285,23.375],[120.8261,23.3737],[120.8253,23.3729],[120.8252,23.3716],[120.8234,23.372],[120.8212,23.3705],[120.8196,23.3711],[120.8159,23.3714],[120.8148,23.3702],[120.813,23.3693],[120.8119,23.3697],[120.8098,23.3695],[120.8085,23.3684],[120.807,23.3693],[120.8064,23.3705],[120.8049,23.371],[120.8035,23.37],[120.8033,23.3695],[120.8047,23.3676],[120.8047,23.3672],[120.803,23.366],[120.802,23.3651],[120.8008,23.3633],[120.8008,23.361],[120.8005,23.3606],[120.7991,23.3611],[120.7974,23.3597],[120.7972,23.3584],[120.7962,23.3569],[120.7953,23.3568],[120.7935,23.3575],[120.7922,23.3574],[120.7917,23.3566],[120.792,23.354],[120.7909,23.3532],[120.7885,23.3528],[120.7883,23.352],[120.7887,23.3494],[120.7885,23.3483],[120.7876,23.3461],[120.7868,23.3456],[120.7855,23.3456],[120.7848,23.3448],[120.7837,23.3426],[120.7832,23.3422],[120.7804,23.3423],[120.7786,23.3427],[120.778,23.3434],[120.7771,23.3435],[120.7749,23.3432],[120.7739,23.3426],[120.7733,23.3418],[120.7712,23.3425],[120.7694,23.3436],[120.7685,23.3439],[120.7669,23.3434],[120.7663,23.3425],[120.7649,23.3417],[120.764,23.3418],[120.763,23.3428],[120.7607,23.3439],[120.7594,23.3443],[120.7581,23.3443],[120.7575,23.343],[120.7585,23.3416],[120.7585,23.3409],[120.7575,23.3396],[120.7572,23.3381],[120.7586,23.3373],[120.7588,23.3364],[120.7584,23.3355],[120.7564,23.3328],[120.7547,23.3318],[120.7528,23.3314],[120.7522,23.3302],[120.7533,23.3282],[120.7526,23.3267],[120.7511,23.3262],[120.7505,23.3255],[120.7501,23.324],[120.7479,23.3219],[120.7464,23.3216],[120.7422,23.3215],[120.7408,23.3209],[120.7404,23.3204],[120.7401,23.3178],[120.7387,23.3164],[120.7363,23.316],[120.7343,23.3151],[120.7323,23.3139],[120.7308,23.312],[120.7302,23.3108],[120.7302,23.3094],[120.7308,23.3078],[120.7306,23.3056],[120.7261,23.3066],[120.722,23.3081],[120.7206,23.3083],[120.718,23.3081],[120.7163,23.3076],[120.7122,23.3087],[120.7112,23.3074],[120.7094,23.3061],[120.7068,23.3047],[120.7054,23.3028],[120.7044,23.302],[120.7028,23.2976],[120.7023,23.2941],[120.7029,23.2918],[120.7026,23.291],[120.7033,23.2903],[120.7035,23.2895],[120.7026,23.2879],[120.7014,23.2869],[120.7012,23.2856],[120.6995,23.2844],[120.6966,23.2843],[120.6935,23.2845],[120.6918,23.2851],[120.6899,23.2853],[120.6872,23.2866],[120.6839,23.2871],[120.6819,23.2876],[120.6802,23.2886],[120.6784,23.2889],[120.6774,23.2878],[120.6762,23.2886],[120.676,23.2903],[120.6737,23.2911],[120.6714,23.29],[120.6702,23.2907],[120.6699,23.292],[120.6693,23.2924],[120.6684,23.292],[120.6673,23.294],[120.6656,23.2941],[120.6654,23.2932],[120.6639,23.2938],[120.6627,23.2935],[120.662,23.294],[120.6618,23.295],[120.6597,23.2948],[120.6588,23.2959],[120.6581,23.2959],[120.6574,23.2952],[120.6553,23.2919],[120.6545,23.2914],[120.652,23.2912],[120.6506,23.2917],[120.6491,23.2934],[120.6473,23.2972],[120.6468,23.2975],[120.6437,23.2961],[120.6433,23.2947],[120.6424,23.2938],[120.6421,23.2925],[120.6429,23.2917],[120.6437,23.2901],[120.6434,23.2889],[120.6422,23.2881],[120.6419,23.2875],[120.643,23.2866],[120.6434,23.2843],[120.6441,23.282],[120.6426,23.2802],[120.6419,23.2785],[120.6421,23.2774],[120.643,23.2768],[120.6432,23.276],[120.6417,23.2746],[120.6406,23.274],[120.6412,23.2715],[120.641,23.2709],[120.639,23.2704],[120.6383,23.2695],[120.6385,23.2688],[120.6407,23.2665],[120.641,23.264],[120.6418,23.2621],[120.6421,23.2606],[120.6419,23.2577],[120.6421,23.2568],[120.643,23.2556],[120.6442,23.2544],[120.6444,23.2537],[120.6457,23.2525],[120.6477,23.2496],[120.6484,23.2493],[120.6481,23.2485],[120.6492,23.2471],[120.6485,23.246],[120.6486,23.243],[120.6492,23.2427],[120.6494,23.2416],[120.6492,23.2405],[120.6509,23.238],[120.6505,23.2371],[120.6512,23.2367],[120.6507,23.2359],[120.6513,23.2358],[120.6504,23.2349],[120.6501,23.2333],[120.6505,23.233],[120.6495,23.2305],[120.6495,23.2286],[120.6505,23.2272],[120.6518,23.2262],[120.6534,23.2245],[120.6514,23.2241],[120.648,23.2258],[120.6481,23.2265],[120.6469,23.2271],[120.6454,23.2264],[120.6442,23.2253],[120.6427,23.2256],[120.641,23.2265],[120.6389,23.2279],[120.6355,23.2284],[120.6344,23.2291],[120.6334,23.2286],[120.632,23.2289],[120.6311,23.2295],[120.6296,23.2291],[120.6282,23.2294],[120.6262,23.2286],[120.625,23.2273],[120.6222,23.2266],[120.6196,23.2258],[120.6186,23.2257],[120.6168,23.2235],[120.6153,23.2235],[120.6129,23.224],[120.6116,23.2228],[120.6097,23.2227],[120.6082,23.2247],[120.606,23.2259],[120.6027,23.2261],[120.6003,23.2276],[120.5988,23.228],[120.5974,23.2289],[120.5969,23.2297],[120.5964,23.2317],[120.5966,23.2331],[120.5964,23.235],[120.5957,23.2369],[120.5938,23.2394],[120.5924,23.2397],[120.5921,23.2373],[120.5917,23.2361],[120.5908,23.2352],[120.5901,23.2339],[120.5899,23.2314],[120.589,23.2303],[120.5865,23.2241],[120.5849,23.2232],[120.5829,23.2214],[120.582,23.2201],[120.5801,23.2195],[120.5797,23.219],[120.5792,23.2169],[120.5782,23.2148],[120.5778,23.2156],[120.5747,23.2178],[120.5725,23.2178],[120.571,23.2182],[120.569,23.2195],[120.5673,23.2198],[120.5653,23.221],[120.5638,23.2202],[120.5614,23.2174],[120.5581,23.2168],[120.5575,23.2172],[120.5549,23.2176],[120.5543,23.2187],[120.5536,23.2188],[120.5524,23.2203],[120.5505,23.2207],[120.5498,23.2213],[120.5487,23.2238],[120.544,23.2266],[120.5424,23.227],[120.5415,23.2278],[120.5398,23.2277],[120.5362,23.2292],[120.5341,23.229],[120.532,23.2297],[120.5312,23.2318],[120.5294,23.2325],[120.5279,23.232],[120.5268,23.2309],[120.5257,23.2315],[120.5235,23.2341],[120.5232,23.235],[120.5206,23.2376],[120.5198,23.2378],[120.519,23.2393],[120.5209,23.2404],[120.5227,23.2412],[120.5243,23.2421],[120.5279,23.2454],[120.5291,23.2473],[120.53,23.2479],[120.5306,23.2494],[120.5309,23.2511],[120.5315,23.252],[120.5315,23.2534],[120.5323,23.2551],[120.5307,23.256],[120.5306,23.2573],[120.5293,23.258],[120.5292,23.2595],[120.5287,23.2602],[120.5284,23.2622],[120.5279,23.2631],[120.5267,23.264],[120.5262,23.265],[120.5261,23.2665],[120.5225,23.2693],[120.5222,23.2703],[120.5204,23.2718],[120.5222,23.274],[120.5217,23.2758],[120.5219,23.2766],[120.5211,23.2799],[120.5227,23.2814],[120.5226,23.283],[120.5229,23.2846],[120.5222,23.2861],[120.5218,23.2879],[120.5226,23.2893],[120.5238,23.2901],[120.5245,23.2915],[120.526,23.2922],[120.5263,23.2958],[120.5257,23.2982],[120.5245,23.3013],[120.5239,23.3024],[120.5241,23.3034],[120.5234,23.3064],[120.5234,23.3087],[120.5228,23.3101],[120.5226,23.3119],[120.5239,23.3133],[120.5273,23.3146],[120.5283,23.3159],[120.5301,23.3173],[120.5307,23.317],[120.5315,23.3179],[120.532,23.3211],[120.5338,23.322],[120.536,23.3243],[120.5371,23.3265],[120.54,23.3279],[120.5384,23.3301],[120.5374,23.3317],[120.5368,23.3333],[120.534,23.3358],[120.5337,23.3365],[120.5328,23.3364],[120.5315,23.3368],[120.5303,23.3381],[120.5276,23.3386],[120.5269,23.3394],[120.5259,23.3392],[120.525,23.3382],[120.5245,23.3383],[120.5238,23.34],[120.5231,23.3407],[120.5212,23.3406],[120.5207,23.3419],[120.5186,23.342],[120.5178,23.3426],[120.517,23.3425],[120.5155,23.3438],[120.5151,23.3433],[120.514,23.3439],[120.512,23.3441],[120.5102,23.344],[120.5096,23.3434],[120.5077,23.343],[120.5066,23.3442],[120.5051,23.3448],[120.5056,23.3457],[120.5045,23.3465],[120.5047,23.3491],[120.5037,23.3495],[120.5036,23.351],[120.5048,23.3548],[120.5057,23.3554],[120.5075,23.3539],[120.508,23.3528],[120.5108,23.354],[120.5124,23.3557],[120.5122,23.3582],[120.5124,23.3598],[120.5121,23.3606],[120.5113,23.3605],[120.5111,23.3624],[120.5105,23.3624],[120.5102,23.3633],[120.5105,23.3644],[120.5099,23.3649],[120.5089,23.3646],[120.5071,23.3661],[120.5067,23.3671],[120.5049,23.3675],[120.5048,23.3689],[120.5035,23.3689],[120.5026,23.3695],[120.5022,23.3682],[120.5014,23.3677],[120.4995,23.368],[120.4987,23.3687],[120.4973,23.3689],[120.4962,23.3699],[120.4944,23.3695],[120.4914,23.3725],[120.4901,23.3711],[120.4895,23.3728],[120.4882,23.373],[120.4874,23.3721],[120.4871,23.371],[120.4854,23.3698],[120.4839,23.3696],[120.4839,23.3706],[120.483,23.3716],[120.483,23.373],[120.4835,23.3747],[120.4834,23.3758],[120.4838,23.3782],[120.4844,23.3795],[120.4854,23.3802],[120.4878,23.3811],[120.4893,23.3819],[120.4903,23.3831],[120.4912,23.3826],[120.4927,23.3832],[120.4945,23.3843],[120.4958,23.3839],[120.4968,23.3842],[120.4979,23.3855],[120.4992,23.3879],[120.4971,23.3894],[120.4975,23.3912],[120.4956,23.3932],[120.4948,23.3933],[120.4938,23.395],[120.4934,23.3948],[120.4909,23.3956],[120.49,23.3954],[120.4899,23.3946],[120.4887,23.3936],[120.4892,23.3925],[120.4879,23.393],[120.487,23.3924],[120.4863,23.3931],[120.4853,23.3928],[120.4857,23.3914],[120.4838,23.3913],[120.4834,23.3901],[120.4827,23.3895],[120.4807,23.3892],[120.4794,23.3876],[120.4784,23.3896],[120.4775,23.3907],[120.4756,23.3908],[120.4753,23.3914],[120.4761,23.3935],[120.4761,23.394],[120.4743,23.396],[120.4741,23.3973],[120.4732,23.3982],[120.4722,23.3981],[120.471,23.3989],[120.4695,23.3994],[120.4688,23.4005],[120.4675,23.4011],[120.4669,23.4006],[120.465,23.4008],[120.4622,23.4022],[120.4608,23.4037],[120.4609,23.4047],[120.4591,23.4047],[120.4573,23.4054],[120.4555,23.4067],[120.4538,23.407],[120.4541,23.4063],[120.4527,23.4068],[120.4518,23.4083],[120.4501,23.4092],[120.4474,23.4098],[120.4444,23.4111],[120.443,23.4124],[120.4416,23.4132],[120.4404,23.4131],[120.4398,23.4137],[120.4394,23.4129],[120.4384,23.4134],[120.4375,23.4131],[120.4371,23.4124],[120.4361,23.4128],[120.4357,23.4122],[120.4345,23.4122],[120.4346,23.4113],[120.4332,23.4113],[120.4321,23.4107],[120.4316,23.4077],[120.4305,23.4066],[120.4297,23.4065],[120.4288,23.4073],[120.4276,23.4064],[120.426,23.4069],[120.4234,23.4064],[120.4221,23.4071],[120.4211,23.4061],[120.4203,23.4038],[120.4196,23.4038],[120.4184,23.4063],[120.4181,23.4081],[120.4163,23.4104],[120.4151,23.411],[120.414,23.4112],[120.4127,23.4106],[120.4105,23.4102],[120.4094,23.4124],[120.4081,23.4134],[120.4071,23.4119],[120.4047,23.4103],[120.3964,23.4073],[120.3932,23.4065],[120.3881,23.4052],[120.386,23.4045],[120.381,23.4034],[120.3754,23.4032],[120.3719,23.4033],[120.3697,23.4031],[120.3596,23.4026],[120.3534,23.4012],[120.3495,23.4013],[120.3463,23.4004],[120.3449,23.3996],[120.343,23.3982],[120.3429,23.3967],[120.3399,23.3934],[120.3374,23.3905],[120.3347,23.3869],[120.3332,23.3858],[120.33,23.3854],[120.3289,23.3849],[120.3287,23.3861],[120.3241,23.3843],[120.3236,23.3836],[120.3217,23.3836],[120.3194,23.386],[120.3199,23.3868],[120.3188,23.3872],[120.3178,23.3884],[120.3149,23.3885],[120.3146,23.3879],[120.3125,23.387],[120.311,23.3856],[120.3112,23.3834],[120.3103,23.3831],[120.3105,23.3786],[120.3109,23.3754],[120.308,23.3749],[120.3029,23.3759],[120.2994,23.3753],[120.293,23.3754],[120.2917,23.3739],[120.2895,23.3709],[120.2872,23.3688],[120.2857,23.3669],[120.285,23.3646],[120.2838,23.3618],[120.2838,23.3587],[120.2846,23.3563],[120.286,23.3542],[120.2863,23.3526],[120.2864,23.3508],[120.2861,23.3502],[120.2814,23.3482],[120.2785,23.3477],[120.2763,23.3482],[120.2758,23.3489],[120.2758,23.35],[120.2748,23.3517],[120.2739,23.3524],[120.2705,23.3537],[120.2683,23.3536],[120.2668,23.3531],[120.2656,23.3522],[120.2644,23.3505],[120.2625,23.347],[120.2614,23.3459],[120.2607,23.3445],[120.2637,23.3451],[120.2653,23.3447],[120.2675,23.3447],[120.2671,23.3407],[120.2666,23.3406],[120.2629,23.337],[120.2629,23.3368],[120.2583,23.3328],[120.2574,23.3317],[120.2551,23.3306],[120.2492,23.3289],[120.2466,23.327],[120.2451,23.3268],[120.2411,23.3271],[120.2399,23.3275],[120.2381,23.3271],[120.2368,23.3256],[120.2356,23.3233],[120.2345,23.3202],[120.2331,23.3188],[120.2313,23.3163],[120.2286,23.3108],[120.2281,23.3096],[120.2277,23.3068],[120.2259,23.3032],[120.2226,23.2983],[120.2209,23.296],[120.2173,23.2944],[120.2144,23.2924],[120.2123,23.2917],[120.2119,23.2927],[120.2086,23.2913],[120.2059,23.2915],[120.2043,23.2919],[120.2026,23.2931],[120.201,23.2934],[120.1991,23.2947],[120.1917,23.3003],[120.1909,23.3007],[120.1884,23.3012],[120.1881,23.3004],[120.1863,23.2983],[120.1858,23.297],[120.1864,23.2952],[120.1877,23.2943],[120.1894,23.2923],[120.1895,23.291],[120.189,23.2902],[120.1876,23.29],[120.1838,23.2903],[120.1806,23.2909],[120.1787,23.2917],[120.1757,23.2944],[120.1737,23.2992],[120.1739,23.2999],[120.1709,23.3046],[120.1694,23.3061],[120.1662,23.3085],[120.1636,23.3097],[120.1603,23.3106],[120.1568,23.31],[120.1555,23.3105],[120.1549,23.3122],[120.1543,23.313],[120.1531,23.3133],[120.15,23.3131],[120.1486,23.3144],[120.1482,23.3166],[120.1485,23.3198],[120.1455,23.3223],[120.1415,23.3247],[120.1366,23.3281],[120.1323,23.3298],[120.1236,23.3361],[120.1181,23.3402],[120.1191,23.3431],[120.1184,23.3436],[120.1197,23.3478],[120.1204,23.3484],[120.1208,23.3496],[120.1219,23.3516],[120.123,23.3548],[120.1256,23.3594],[120.1267,23.3607],[120.1272,23.3624],[120.128,23.3636],[120.1294,23.3688],[120.1309,23.3704],[120.1319,23.3763],[120.1319,23.3823],[120.1317,23.3848],[120.1376,23.3847],[120.1395,23.3853],[120.1482,23.3856],[120.1502,23.3875],[120.1507,23.3884],[120.1521,23.3886],[120.1552,23.3847],[120.1559,23.3847],[120.1563,23.3821],[120.1565,23.3798],[120.158,23.3798],[120.1576,23.3803],[120.1584,23.3812],[120.1579,23.3832],[120.1582,23.3848],[120.1573,23.3849],[120.154,23.3881],[120.1578,23.3858],[120.1593,23.3877],[120.1574,23.3891],[120.1567,23.3883],[120.1562,23.3886],[120.1567,23.3894],[120.1557,23.3901],[120.155,23.3892],[120.1541,23.3892],[120.1555,23.3909],[120.1571,23.3899],[120.1607,23.3888],[120.1636,23.3929],[120.1637,23.3934],[120.1618,23.3944],[120.1616,23.3979],[120.1605,23.4016],[120.1599,23.4051],[120.16,23.4061],[120.1541,23.4043],[120.1537,23.4005],[120.1538,23.3992],[120.153,23.3986],[120.1522,23.3996],[120.1514,23.3986],[120.1512,23.3999],[120.1502,23.4032],[120.1501,23.4048],[120.1494,23.4061],[120.1495,23.4105],[120.1493,23.4131],[120.1489,23.4133],[120.1482,23.4151],[120.1492,23.4157],[120.1513,23.4183],[120.1505,23.4195],[120.1495,23.4198],[120.1495,23.4228],[120.1513,23.4244],[120.1516,23.4239],[120.1556,23.4272],[120.156,23.4273],[120.1557,23.4286],[120.1536,23.4284],[120.1513,23.4261],[120.1493,23.4255],[120.1485,23.4261],[120.149,23.4277],[120.1459,23.4282],[120.1455,23.4286],[120.1458,23.4318],[120.1458,23.4333],[120.1473,23.4364],[120.1465,23.4375],[120.1472,23.4388],[120.1483,23.4387],[120.1498,23.4419],[120.1546,23.4478],[120.1556,23.4483],[120.1529,23.4485],[120.151,23.449],[120.1512,23.4507],[120.1522,23.4526],[120.1526,23.4539],[120.152,23.4552],[120.1511,23.4557],[120.1497,23.4543],[120.1483,23.454],[120.1478,23.4535],[120.1461,23.4531],[120.1391,23.4497],[120.1399,23.4507],[120.1388,23.4527],[120.1354,23.4511],[120.1364,23.4485],[120.138,23.4491],[120.1354,23.4477],[120.1344,23.4491],[120.1333,23.4516],[120.1344,23.4541],[120.139,23.458],[120.1394,23.4582],[120.1446,23.4597],[120.1453,23.4622],[120.1469,23.4652],[120.1449,23.4671],[120.1443,23.4682],[120.1441,23.4701],[120.1452,23.4721],[120.1459,23.4723],[120.1478,23.4739],[120.1471,23.4747],[120.1475,23.4751],[120.1481,23.4744],[120.149,23.4748],[120.1487,23.4758],[120.1493,23.4757],[120.1495,23.4773],[120.149,23.4781],[120.1499,23.4786],[120.1515,23.4807],[120.1539,23.4821],[120.1547,23.484],[120.1558,23.4841],[120.1566,23.4875],[120.1552,23.4911],[120.1581,23.4917],[120.1622,23.4915],[120.1676,23.4907],[120.1694,23.4899],[120.1697,23.4905],[120.1697,23.4922],[120.1685,23.4922],[120.1625,23.4931],[120.1623,23.4928],[120.1607,23.4929],[120.1587,23.4936],[120.159,23.4946],[120.1579,23.495],[120.1526,23.4936],[120.1395,23.49],[120.1384,23.4894],[120.1363,23.489],[120.1336,23.4882],[120.1274,23.4879],[120.1247,23.4887],[120.1234,23.4896],[120.1204,23.493],[120.1194,23.4955],[120.1193,23.4983],[120.1189,23.5151],[120.1194,23.5172],[120.1204,23.5185],[120.1215,23.5195],[120.124,23.5204],[120.1272,23.5202],[120.1376,23.5183],[120.1425,23.5174],[120.1426,23.5185],[120.1458,23.5185],[120.1458,23.5208],[120.1464,23.5208],[120.1488,23.5192],[120.1523,23.5182],[120.1581,23.5159],[120.1646,23.5158],[120.1654,23.5172],[120.1666,23.5172],[120.1694,23.5161],[120.1724,23.5147],[120.1771,23.5118],[120.181,23.5098],[120.1831,23.5099],[120.1872,23.5106],[120.1899,23.51],[120.193,23.5118],[120.1951,23.5126],[120.1964,23.5124],[120.1967,23.513],[120.1984,23.5126],[120.1985,23.513],[120.2013,23.5124],[120.201,23.5114],[120.2028,23.5111],[120.2031,23.512],[120.205,23.5118],[120.2067,23.5106],[120.2085,23.5099],[120.2099,23.5097],[120.2134,23.5082],[120.2158,23.5069],[120.2182,23.5062],[120.2194,23.5056],[120.223,23.5043],[120.2309,23.5054],[120.2371,23.507],[120.2391,23.5077],[120.2411,23.5087],[120.2431,23.5101],[120.2448,23.5116],[120.2467,23.5138],[120.2471,23.5162],[120.2456,23.5233],[120.2446,23.5295],[120.2441,23.5326],[120.242,23.5387],[120.2419,23.5401],[120.2421,23.5415],[120.2434,23.5436],[120.2444,23.5443],[120.2489,23.5458],[120.2538,23.5464],[120.2561,23.5461],[120.2581,23.5438],[120.2594,23.5412],[120.2614,23.5363],[120.2635,23.5335],[120.2646,23.533],[120.2666,23.5311],[120.2689,23.5302],[120.2703,23.5302],[120.2719,23.5307],[120.2726,23.5315],[120.2736,23.5342],[120.2743,23.5379],[120.2752,23.5407],[120.2764,23.5435],[120.2784,23.545],[120.2802,23.5459],[120.2826,23.546],[120.2867,23.5478],[120.2884,23.5491],[120.2899,23.5499],[120.2909,23.5508],[120.2902,23.5538],[120.2897,23.5548],[120.2891,23.5574],[120.2891,23.56],[120.2893,23.5612],[120.29,23.5623],[120.2927,23.564],[120.2954,23.5646],[120.2977,23.5645],[120.3066,23.5629],[120.308,23.5633],[120.3106,23.5645],[120.3102,23.5672],[120.3067,23.5715],[120.3064,23.5732],[120.3076,23.5747],[120.3108,23.5751],[120.3119,23.575],[120.3171,23.5733],[120.3182,23.5727],[120.3204,23.5724],[120.3248,23.5732],[120.327,23.5742],[120.3316,23.5774],[120.3331,23.5792],[120.3334,23.5824],[120.3336,23.5908],[120.3337,23.5918],[120.335,23.593],[120.3384,23.5922],[120.3407,23.5919],[120.3433,23.5919],[120.3525,23.5931],[120.3567,23.594],[120.3586,23.5948],[120.3599,23.5957],[120.3616,23.5983],[120.3652,23.6017],[120.3659,23.603],[120.3661,23.6066],[120.3665,23.6078],[120.3681,23.6075],[120.3699,23.609],[120.3711,23.6095],[120.3756,23.6099],[120.3798,23.6099],[120.3808,23.6118],[120.3832,23.6127],[120.3827,23.6141],[120.3842,23.6175],[120.3866,23.621],[120.3924,23.6224],[120.3923,23.6236],[120.3931,23.6242],[120.3943,23.624],[120.3961,23.6248],[120.4026,23.6269],[120.4009,23.6322],[120.4015,23.6329],[120.4046,23.6342],[120.4059,23.6336],[120.4064,23.6325],[120.4066,23.6253],[120.4096,23.6252],[120.4128,23.624],[120.4142,23.6231],[120.4138,23.6224],[120.4158,23.6214],[120.4165,23.6219],[120.4169,23.6229],[120.4181,23.624],[120.4201,23.6252],[120.421,23.6248],[120.4213,23.621],[120.422,23.6193],[120.4242,23.6183],[120.4256,23.6181],[120.4267,23.6192],[120.4282,23.6192],[120.4299,23.6184],[120.4309,23.6188],[120.4315,23.6198],[120.4318,23.6215],[120.434,23.6229],[120.4356,23.6219],[120.4368,23.6218],[120.4374,23.6225],[120.437,23.6238],[120.4353,23.6244],[120.4351,23.6252],[120.436,23.6261],[120.4381,23.6265],[120.4411,23.626],[120.4426,23.6289],[120.4442,23.6304],[120.4452,23.6305],[120.4467,23.6297],[120.4507,23.6296],[120.4522,23.6307],[120.4528,23.6308],[120.4542,23.6299],[120.4534,23.6285],[120.4511,23.6271],[120.454,23.6263],[120.4555,23.6265],[120.4585,23.6277],[120.4607,23.6294],[120.4639,23.6294],[120.4661,23.6303],[120.4696,23.6302],[120.474,23.6311],[120.4763,23.6295],[120.4775,23.6299],[120.4787,23.6328],[120.4793,23.6329],[120.4826,23.6322],[120.4859,23.6306],[120.4873,23.6306],[120.4881,23.6314],[120.4872,23.6342],[120.4874,23.635],[120.4891,23.6359],[120.4911,23.6348],[120.4929,23.6332],[120.4935,23.6332],[120.4967,23.6345],[120.4995,23.6351],[120.5014,23.6348],[120.5036,23.6353],[120.5047,23.6349],[120.5059,23.6339],[120.5072,23.6319],[120.5076,23.6302],[120.5066,23.6284],[120.5064,23.6261],[120.5076,23.6241],[120.5077,23.623],[120.5095,23.6218],[120.5102,23.6193],[120.5124,23.618],[120.5131,23.6169],[120.5151,23.6151],[120.5156,23.614],[120.5169,23.6126],[120.5176,23.6111],[120.5196,23.6091],[120.5231,23.607],[120.5237,23.6061],[120.5253,23.6049],[120.526,23.6047],[120.5281,23.6028],[120.5287,23.6009],[120.5295,23.5999],[120.5323,23.5987],[120.533,23.597],[120.5352,23.5959],[120.5369,23.5947],[120.539,23.5943],[120.5436,23.5944],[120.5452,23.5939],[120.5473,23.594],[120.5483,23.5938],[120.5519,23.5939],[120.5566,23.5928],[120.5571,23.5921],[120.557,23.5911],[120.5578,23.5892],[120.5595,23.5887],[120.5619,23.5888],[120.5631,23.5896],[120.5657,23.5894],[120.5662,23.5885],[120.5674,23.5877],[120.5687,23.588],[120.5709,23.5879],[120.5741,23.586],[120.5751,23.5846],[120.5764,23.5844],[120.5767,23.5836],[120.5786,23.5833],[120.5803,23.5823],[120.5814,23.5821],[120.585,23.583],[120.5859,23.5826],[120.5872,23.5842],[120.5883,23.5847],[120.5888,23.5855],[120.5898,23.5857],[120.5911,23.585],[120.5933,23.585],[120.5948,23.5854],[120.5959,23.5848],[120.5976,23.5846],[120.5998,23.5833],[120.6025,23.5832],[120.6039,23.5836],[120.6055,23.5837],[120.6065,23.5842],[120.6077,23.5834],[120.6098,23.5826],[120.6121,23.5836],[120.6129,23.5844],[120.6155,23.5853],[120.6179,23.5843],[120.619,23.5842],[120.6202,23.5853],[120.6208,23.5864],[120.6229,23.588],[120.6232,23.59],[120.6252,23.5907],[120.6272,23.5902],[120.6296,23.5904],[120.6306,23.5899],[120.6358,23.5913],[120.6368,23.5919],[120.6398,23.5925],[120.6431,23.5926],[120.6456,23.5935],[120.6475,23.5932],[120.6491,23.5925],[120.6486,23.5903],[120.6472,23.5879],[120.6473,23.586],[120.6493,23.5857],[120.649,23.5827],[120.6483,23.5815],[120.6461,23.5795],[120.6447,23.5794],[120.6435,23.5782],[120.6435,23.5757],[120.6441,23.5753],[120.6456,23.5758],[120.6466,23.5767],[120.6478,23.5763],[120.6493,23.5748],[120.6495,23.5733],[120.6508,23.5724],[120.6557,23.5722],[120.6581,23.5729],[120.6583,23.5735],[120.6607,23.5763],[120.6642,23.5772],[120.6653,23.5777],[120.6686,23.5778],[120.6698,23.5787],[120.6708,23.5785],[120.6726,23.5763],[120.6735,23.5732],[120.6749,23.5712],[120.6762,23.5707],[120.6794,23.5714],[120.6809,23.5715],[120.6829,23.5724],[120.6856,23.5746],[120.6868,23.575],[120.6889,23.5751],[120.6913,23.5761],[120.694,23.5765],[120.6958,23.5762],[120.6989,23.5763],[120.7007,23.5761],[120.7043,23.575],[120.707,23.5752],[120.7079,23.5757],[120.7091,23.5756],[120.7095,23.5743],[120.7095,23.5721],[120.7101,23.5712],[120.7113,23.5709],[120.7126,23.5713],[120.7147,23.5708],[120.7161,23.5711],[120.7167,23.5694],[120.7179,23.569],[120.7195,23.5696],[120.7208,23.5705],[120.7243,23.5719],[120.7282,23.5703],[120.7304,23.5708],[120.7337,23.571],[120.7362,23.5705],[120.7359,23.5736],[120.7349,23.5754],[120.7322,23.5771],[120.7322,23.579],[120.7328,23.5811],[120.7336,23.5824],[120.7339,23.5847],[120.7323,23.5878],[120.7327,23.5892],[120.732,23.5908],[120.7299,23.5934],[120.7302,23.5943],[120.7327,23.597],[120.7326,23.5973],[120.7285,23.5992],[120.7278,23.6014],[120.7246,23.6037],[120.7267,23.6074],[120.729,23.6088],[120.7296,23.6102],[120.7309,23.6108],[120.7345,23.6101]],[[120.4468,23.5184],[120.4452,23.5182],[120.4445,23.5173],[120.4425,23.5181],[120.4406,23.5183],[120.4421,23.5133],[120.4414,23.5123],[120.4405,23.5119],[120.4391,23.5122],[120.4371,23.514],[120.4374,23.5151],[120.4364,23.5163],[120.435,23.5173],[120.4338,23.5172],[120.4335,23.5165],[120.434,23.516],[120.4335,23.5143],[120.4326,23.5134],[120.4337,23.5114],[120.4337,23.5097],[120.4332,23.5089],[120.4315,23.5087],[120.4279,23.5092],[120.4263,23.5088],[120.425,23.5064],[120.4243,23.5062],[120.421,23.5061],[120.4176,23.5056],[120.4166,23.5053],[120.4154,23.5038],[120.4134,23.5024],[120.4122,23.4992],[120.4096,23.4984],[120.4085,23.4984],[120.4079,23.5026],[120.4088,23.5066],[120.4064,23.5042],[120.4057,23.5037],[120.4038,23.5037],[120.401,23.5019],[120.4002,23.5],[120.4002,23.4988],[120.3993,23.4988],[120.3975,23.4997],[120.395,23.5007],[120.3915,23.5003],[120.39,23.4994],[120.3893,23.4986],[120.39,23.4979],[120.3892,23.4971],[120.3893,23.494],[120.3898,23.4914],[120.3947,23.4907],[120.3939,23.4889],[120.3941,23.4868],[120.3936,23.4862],[120.3934,23.4825],[120.394,23.4821],[120.3944,23.4808],[120.3969,23.4804],[120.3969,23.4795],[120.3981,23.4795],[120.3991,23.4784],[120.3985,23.4768],[120.3988,23.4757],[120.3985,23.474],[120.3993,23.4711],[120.398,23.4704],[120.3966,23.4677],[120.3953,23.4675],[120.3942,23.4662],[120.3942,23.4625],[120.3972,23.4626],[120.4002,23.4632],[120.4019,23.4634],[120.4037,23.4633],[120.4065,23.4636],[120.4081,23.4644],[120.4093,23.4643],[120.4113,23.4648],[120.4121,23.4645],[120.413,23.4637],[120.413,23.4624],[120.4135,23.4617],[120.4152,23.4603],[120.4241,23.4614],[120.426,23.4607],[120.4293,23.461],[120.4301,23.4525],[120.4328,23.4501],[120.4345,23.4507],[120.4346,23.4499],[120.436,23.4482],[120.437,23.4464],[120.4378,23.4467],[120.4386,23.4457],[120.4383,23.4449],[120.436,23.4442],[120.4359,23.4436],[120.4367,23.4433],[120.4378,23.4417],[120.4387,23.4412],[120.4396,23.4396],[120.4417,23.4402],[120.4453,23.4424],[120.4471,23.4434],[120.4488,23.4436],[120.4502,23.4435],[120.4529,23.4449],[120.4546,23.4483],[120.4547,23.4503],[120.4554,23.4503],[120.4569,23.4521],[120.459,23.4542],[120.4602,23.4545],[120.4611,23.4553],[120.4633,23.4553],[120.4645,23.4556],[120.4647,23.4575],[120.4645,23.4582],[120.4656,23.4589],[120.4663,23.4599],[120.4687,23.4616],[120.4709,23.4619],[120.4721,23.4619],[120.4754,23.4621],[120.477,23.4619],[120.4808,23.4599],[120.4817,23.4581],[120.4844,23.4564],[120.486,23.4552],[120.4894,23.4524],[120.4901,23.4521],[120.4949,23.4528],[120.4961,23.4547],[120.4971,23.4553],[120.4969,23.4561],[120.4975,23.4579],[120.4985,23.4584],[120.4995,23.4598],[120.5005,23.4605],[120.5007,23.4614],[120.5004,23.463],[120.4996,23.4651],[120.5012,23.466],[120.5018,23.4669],[120.5038,23.4672],[120.5051,23.4696],[120.5066,23.4701],[120.5073,23.4718],[120.5086,23.4714],[120.5092,23.4721],[120.5092,23.4748],[120.5071,23.4766],[120.507,23.4771],[120.505,23.4788],[120.5037,23.4789],[120.5042,23.4799],[120.5041,23.481],[120.5019,23.4809],[120.5018,23.4817],[120.5024,23.4819],[120.5025,23.4829],[120.5031,23.4833],[120.5034,23.4854],[120.5028,23.4854],[120.5019,23.4863],[120.5019,23.4871],[120.501,23.4886],[120.5013,23.4898],[120.5002,23.4907],[120.4988,23.4908],[120.4972,23.4906],[120.496,23.4901],[120.4942,23.4902],[120.4936,23.4911],[120.4922,23.4913],[120.4894,23.4914],[120.4861,23.4933],[120.4839,23.4957],[120.4836,23.4967],[120.4837,23.4982],[120.4846,23.4989],[120.4844,23.5],[120.4847,23.5014],[120.484,23.5038],[120.4832,23.5054],[120.4813,23.5044],[120.4797,23.5044],[120.4781,23.5049],[120.4748,23.5068],[120.4735,23.5068],[120.4726,23.5052],[120.4708,23.5038],[120.4701,23.5002],[120.4692,23.4994],[120.4675,23.4988],[120.4655,23.4987],[120.4639,23.4994],[120.4626,23.5007],[120.4621,23.5021],[120.4621,23.5033],[120.4615,23.5047],[120.4601,23.507],[120.4592,23.508],[120.4578,23.5089],[120.4563,23.5118],[120.4562,23.5128],[120.4574,23.5136],[120.4574,23.5153],[120.4563,23.516],[120.4533,23.5159],[120.4511,23.5168],[120.4494,23.5171],[120.448,23.5182],[120.4468,23.5184]]]]}},{"type":"Feature","properties":{"name":"屏東縣","nameEn":"Pingtung County","code":"10013"},"geometry":{"type":"MultiPolygon","coordinates":[[[[120.8646,22.8419],[120.864,22.8394],[120.8646,22.8371],[120.8653,22.8361],[120.8646,22.8322],[120.863,22.8297],[120.8617,22.827],[120.862,22.8261],[120.864,22.8256],[120.8651,22.8248],[120.8658,22.8232],[120.8668,22.8197],[120.8686,22.8169],[120.8704,22.8159],[120.8717,22.8148],[120.8734,22.8153],[120.8747,22.8153],[120.8754,22.8144],[120.8773,22.813],[120.8778,22.8136],[120.8811,22.8145],[120.8831,22.8141],[120.884,22.8134],[120.8854,22.8133],[120.8879,22.8126],[120.889,22.8118],[120.8912,22.8116],[120.8925,22.8101],[120.8944,22.8085],[120.8965,22.808],[120.8993,22.8047],[120.9009,22.8043],[120.9017,22.8033],[120.9025,22.8013],[120.9033,22.7998],[120.9037,22.7982],[120.903,22.7968],[120.9029,22.7955],[120.9033,22.7937],[120.9024,22.7914],[120.9017,22.7875],[120.9026,22.7866],[120.9038,22.7846],[120.9042,22.7832],[120.9032,22.7805],[120.9032,22.7785],[120.9039,22.7758],[120.9032,22.7738],[120.9011,22.7721],[120.9003,22.7694],[120.8996,22.7688],[120.8986,22.7687],[120.896,22.7679],[120.8936,22.7668],[120.8931,22.7663],[120.892,22.7636],[120.8929,22.7637],[120.8941,22.7633],[120.8948,22.7626],[120.895,22.7606],[120.8944,22.7591],[120.8952,22.7576],[120.8956,22.7557],[120.8942,22.7522],[120.8941,22.7511],[120.8954,22.7482],[120.8942,22.7442],[120.8941,22.7433],[120.8956,22.7418],[120.8952,22.7406],[120.8947,22.7376],[120.8928,22.736],[120.8923,22.7352],[120.8924,22.7329],[120.8914,22.7294],[120.891,22.7287],[120.8894,22.7281],[120.8883,22.7267],[120.8873,22.7224],[120.8853,22.7192],[120.8835,22.7171],[120.8794,22.7161],[120.8755,22.7172],[120.8727,22.717],[120.8704,22.7162],[120.8691,22.7159],[120.8683,22.7167],[120.8672,22.7169],[120.8631,22.7166],[120.8614,22.7167],[120.8602,22.7157],[120.8586,22.7136],[120.8581,22.7137],[120.8568,22.715],[120.8551,22.7175],[120.8531,22.7169],[120.8487,22.717],[120.8479,22.7156],[120.8452,22.7123],[120.8442,22.7106],[120.8427,22.7102],[120.8425,22.7088],[120.8434,22.7076],[120.8422,22.7069],[120.8402,22.7067],[120.8397,22.704],[120.838,22.7018],[120.8379,22.7008],[120.8383,22.6991],[120.8377,22.6978],[120.8368,22.6971],[120.835,22.6966],[120.8312,22.6968],[120.8301,22.6976],[120.8287,22.6977],[120.8265,22.6967],[120.826,22.6959],[120.8243,22.6956],[120.8222,22.6959],[120.8199,22.6956],[120.819,22.6948],[120.8188,22.6941],[120.8194,22.6927],[120.8189,22.6909],[120.8163,22.6918],[120.8143,22.6918],[120.8133,22.6921],[120.8114,22.692],[120.8108,22.6916],[120.8093,22.6884],[120.808,22.6892],[120.8057,22.689],[120.7977,22.6891],[120.7968,22.6894],[120.796,22.6904],[120.7949,22.6909],[120.7923,22.6915],[120.7891,22.6933],[120.7877,22.6933],[120.7867,22.6927],[120.7877,22.6898],[120.7889,22.6879],[120.7895,22.6865],[120.7893,22.6838],[120.7902,22.6819],[120.7913,22.6804],[120.7916,22.6792],[120.7901,22.6771],[120.7886,22.6759],[120.7875,22.6736],[120.7862,22.672],[120.7864,22.6705],[120.7862,22.6682],[120.7862,22.6637],[120.7863,22.663],[120.7857,22.6612],[120.7837,22.6589],[120.7829,22.657],[120.7813,22.6545],[120.7798,22.6525],[120.7771,22.6505],[120.7738,22.6462],[120.773,22.6442],[120.7713,22.6412],[120.7693,22.6392],[120.7686,22.6383],[120.7677,22.6362],[120.764,22.6333],[120.7631,22.6311],[120.7613,22.63],[120.7615,22.6275],[120.761,22.6258],[120.7587,22.6238],[120.7559,22.619],[120.7549,22.617],[120.7537,22.6135],[120.7529,22.6121],[120.7541,22.6086],[120.7543,22.6062],[120.7541,22.6044],[120.7548,22.6016],[120.7544,22.6003],[120.7519,22.5967],[120.749,22.5939],[120.7466,22.591],[120.7458,22.5895],[120.7458,22.5883],[120.7464,22.586],[120.7467,22.584],[120.7475,22.5821],[120.7486,22.5803],[120.7491,22.5786],[120.7492,22.5756],[120.7488,22.5723],[120.7479,22.5711],[120.7468,22.5708],[120.7442,22.5696],[120.7423,22.5693],[120.7415,22.5687],[120.7412,22.5665],[120.7401,22.5642],[120.7396,22.5625],[120.74,22.5592],[120.7397,22.5566],[120.739,22.5537],[120.7395,22.5515],[120.7407,22.5497],[120.7409,22.5487],[120.7433,22.5445],[120.744,22.5431],[120.7457,22.5407],[120.748,22.5384],[120.7485,22.5362],[120.75,22.534],[120.7499,22.5294],[120.7501,22.5286],[120.7517,22.5253],[120.7513,22.522],[120.7515,22.521],[120.7525,22.5195],[120.7531,22.518],[120.753,22.5167],[120.7536,22.5131],[120.7535,22.5115],[120.7539,22.5108],[120.7575,22.5085],[120.7585,22.5073],[120.7589,22.5059],[120.7617,22.5026],[120.7627,22.5011],[120.7635,22.4989],[120.7636,22.4976],[120.7643,22.4954],[120.7638,22.4912],[120.7619,22.4893],[120.7604,22.4885],[120.7586,22.4884],[120.7582,22.4845],[120.7575,22.4818],[120.7549,22.4811],[120.7515,22.4797],[120.7508,22.4792],[120.752,22.478],[120.7531,22.4758],[120.7544,22.4724],[120.7546,22.4714],[120.7542,22.4694],[120.753,22.4678],[120.753,22.4667],[120.7517,22.4645],[120.7516,22.4638],[120.7518,22.4616],[120.7511,22.4599],[120.751,22.459],[120.7516,22.4584],[120.7542,22.4573],[120.7565,22.4574],[120.7582,22.4585],[120.7591,22.4573],[120.7627,22.4545],[120.7655,22.4529],[120.7687,22.4526],[120.7711,22.4518],[120.7719,22.4518],[120.7759,22.4503],[120.7764,22.4489],[120.7758,22.4472],[120.7757,22.4458],[120.775,22.4443],[120.7751,22.4433],[120.7768,22.44],[120.7787,22.4386],[120.7803,22.4371],[120.7828,22.4333],[120.7839,22.4302],[120.7847,22.4291],[120.7848,22.4281],[120.7869,22.4252],[120.7871,22.423],[120.788,22.4209],[120.7881,22.4199],[120.7896,22.4176],[120.7886,22.4173],[120.7867,22.4159],[120.7865,22.4149],[120.7846,22.4128],[120.7834,22.4126],[120.783,22.4113],[120.7804,22.4095],[120.7786,22.4093],[120.7773,22.4089],[120.7761,22.4097],[120.7748,22.409],[120.7734,22.4069],[120.7706,22.4069],[120.7683,22.4086],[120.7662,22.409],[120.7649,22.4089],[120.7632,22.4072],[120.7603,22.4062],[120.7581,22.4049],[120.7563,22.4047],[120.7534,22.4051],[120.7555,22.403],[120.7561,22.401],[120.7576,22.3981],[120.7563,22.3974],[120.7543,22.3968],[120.7538,22.3964],[120.7523,22.3939],[120.7524,22.3921],[120.7538,22.3906],[120.7555,22.3894],[120.7565,22.3884],[120.7546,22.3866],[120.7524,22.3858],[120.7505,22.3841],[120.7486,22.3804],[120.7491,22.3757],[120.7488,22.3732],[120.7475,22.3714],[120.7448,22.3702],[120.7442,22.3695],[120.7435,22.3673],[120.7454,22.3659],[120.7474,22.3641],[120.7504,22.3621],[120.7517,22.3615],[120.7524,22.3605],[120.7539,22.3602],[120.7557,22.3603],[120.7572,22.3596],[120.7584,22.3595],[120.7598,22.3603],[120.761,22.3604],[120.7632,22.359],[120.7628,22.3567],[120.7631,22.3539],[120.7636,22.3522],[120.7653,22.3495],[120.7668,22.348],[120.7679,22.3474],[120.7703,22.3478],[120.7717,22.3486],[120.7741,22.3485],[120.775,22.3493],[120.7758,22.3487],[120.7778,22.3481],[120.7791,22.3479],[120.7811,22.3464],[120.7833,22.3462],[120.7851,22.3455],[120.7851,22.3445],[120.786,22.3427],[120.7865,22.3421],[120.7876,22.3421],[120.7885,22.3416],[120.7892,22.3384],[120.7904,22.337],[120.7925,22.3356],[120.7928,22.3333],[120.7924,22.3307],[120.7925,22.3284],[120.7929,22.3263],[120.7934,22.3254],[120.7934,22.3236],[120.7948,22.323],[120.7955,22.3207],[120.7964,22.3199],[120.7968,22.3183],[120.7966,22.3172],[120.7959,22.3162],[120.7942,22.3147],[120.793,22.3124],[120.7924,22.3119],[120.7905,22.3113],[120.7889,22.3105],[120.7871,22.3092],[120.7864,22.3091],[120.7832,22.3095],[120.7819,22.3091],[120.7782,22.3085],[120.7778,22.3054],[120.7771,22.3039],[120.7768,22.3026],[120.7777,22.298],[120.7786,22.2969],[120.7797,22.2964],[120.7801,22.2956],[120.7816,22.2946],[120.7857,22.2943],[120.7868,22.2944],[120.7879,22.2938],[120.7886,22.294],[120.7899,22.2933],[120.7911,22.2906],[120.7911,22.2881],[120.7926,22.287],[120.7934,22.2857],[120.796,22.2852],[120.799,22.2854],[120.8003,22.2848],[120.8007,22.2842],[120.8035,22.2843],[120.8057,22.2838],[120.8061,22.2824],[120.8058,22.2813],[120.8064,22.2804],[120.8072,22.2803],[120.8071,22.2781],[120.8068,22.2772],[120.8049,22.2768],[120.8043,22.2774],[120.8031,22.277],[120.8001,22.2773],[120.7982,22.2765],[120.7981,22.2746],[120.7975,22.2724],[120.7963,22.2699],[120.7962,22.2679],[120.7973,22.2665],[120.7985,22.266],[120.7996,22.265],[120.7986,22.2636],[120.799,22.2621],[120.7988,22.26],[120.7979,22.2579],[120.7991,22.2572],[120.7997,22.2572],[120.8067,22.2598],[120.808,22.2594],[120.8094,22.2607],[120.8126,22.2621],[120.8139,22.2619],[120.815,22.2625],[120.8152,22.2633],[120.8165,22.2626],[120.8177,22.2614],[120.8187,22.2612],[120.8212,22.2587],[120.8229,22.2577],[120.8259,22.2566],[120.8267,22.2554],[120.8275,22.2549],[120.8294,22.2522],[120.8301,22.2518],[120.8315,22.2501],[120.8318,22.2488],[120.8325,22.2473],[120.8346,22.2454],[120.8359,22.2455],[120.8369,22.2451],[120.8381,22.244],[120.8398,22.2437],[120.8402,22.2443],[120.8413,22.2446],[120.8424,22.2435],[120.8449,22.2428],[120.8464,22.2435],[120.8508,22.2437],[120.8532,22.2425],[120.8543,22.2424],[120.8555,22.2415],[120.8587,22.2408],[120.8587,22.2392],[120.8592,22.2385],[120.8616,22.2375],[120.8635,22.2356],[120.8643,22.2343],[120.864,22.2334],[120.8623,22.2313],[120.8625,22.231],[120.8639,22.2311],[120.865,22.2303],[120.8667,22.2298],[120.8675,22.23],[120.8687,22.2313],[120.8708,22.2314],[120.8715,22.2319],[120.8715,22.2329],[120.874,22.2336],[120.8747,22.2342],[120.8759,22.2342],[120.8765,22.2348],[120.8795,22.2352],[120.8803,22.2347],[120.8809,22.235],[120.8825,22.2374],[120.8829,22.239],[120.884,22.2406],[120.8859,22.242],[120.8876,22.2424],[120.8887,22.2433],[120.8914,22.2443],[120.8922,22.2455],[120.8963,22.2464],[120.8968,22.2443],[120.897,22.2416],[120.8973,22.2411],[120.8978,22.2387],[120.8983,22.2379],[120.8988,22.2347],[120.8992,22.2339],[120.8986,22.2328],[120.8986,22.2311],[120.8989,22.2298],[120.8965,22.2285],[120.8947,22.2237],[120.8947,22.2217],[120.8942,22.2206],[120.8944,22.2171],[120.8942,22.2165],[120.8951,22.2121],[120.8961,22.2056],[120.8966,22.205],[120.8964,22.2035],[120.8956,22.2024],[120.895,22.2003],[120.8936,22.1984],[120.8936,22.198],[120.8919,22.197],[120.8907,22.1953],[120.8907,22.1935],[120.8913,22.1897],[120.8916,22.1892],[120.8916,22.1872],[120.8924,22.1854],[120.8919,22.1841],[120.8923,22.1815],[120.893,22.1792],[120.8939,22.1774],[120.8936,22.1769],[120.8938,22.174],[120.8942,22.1726],[120.8941,22.1709],[120.8936,22.17],[120.8938,22.1686],[120.8923,22.164],[120.8921,22.1624],[120.8934,22.1604],[120.8937,22.1589],[120.894,22.1558],[120.8935,22.1534],[120.8927,22.1515],[120.8926,22.1503],[120.8937,22.1488],[120.8951,22.1462],[120.8971,22.144],[120.8968,22.1432],[120.8968,22.1416],[120.8966,22.1408],[120.8915,22.1355],[120.8911,22.1346],[120.8892,22.1336],[120.8879,22.1333],[120.8874,22.1323],[120.8867,22.1297],[120.8872,22.1288],[120.8866,22.1286],[120.8868,22.1267],[120.8872,22.1255],[120.8871,22.1245],[120.8875,22.1227],[120.8884,22.1221],[120.8881,22.1206],[120.8886,22.1191],[120.8907,22.1149],[120.8908,22.1134],[120.8913,22.1139],[120.8917,22.113],[120.8919,22.1111],[120.8925,22.1097],[120.8935,22.1096],[120.8942,22.1089],[120.8981,22.1068],[120.8997,22.1064],[120.9007,22.1059],[120.901,22.105],[120.9019,22.1056],[120.9019,22.1043],[120.9001,22.1035],[120.8988,22.101],[120.8982,22.0981],[120.8986,22.0941],[120.8941,22.0886],[120.8937,22.0834],[120.894,22.0809],[120.8936,22.0797],[120.8935,22.0759],[120.8932,22.0748],[120.8933,22.0726],[120.893,22.068],[120.8939,22.0615],[120.8942,22.056],[120.8937,22.0539],[120.8937,22.0497],[120.8939,22.0484],[120.8951,22.0468],[120.8964,22.0432],[120.8982,22.0391],[120.8995,22.0388],[120.8985,22.0386],[120.8993,22.0369],[120.9004,22.0358],[120.9012,22.0344],[120.9011,22.0332],[120.9002,22.0326],[120.8966,22.0309],[120.8927,22.0284],[120.8892,22.0258],[120.8887,22.0244],[120.8884,22.0226],[120.8876,22.0216],[120.8871,22.0204],[120.8873,22.0176],[120.8871,22.0165],[120.8837,22.0132],[120.8788,22.0113],[120.8782,22.0107],[120.8791,22.0072],[120.8793,22.0057],[120.879,22.0044],[120.8775,22.0015],[120.8758,21.9988],[120.8733,21.9977],[120.8704,21.9962],[120.8693,21.996],[120.8673,21.995],[120.8649,21.993],[120.8637,21.9925],[120.8616,21.9908],[120.8596,21.9905],[120.8588,21.9899],[120.8566,21.9895],[120.8558,21.989],[120.854,21.9889],[120.8516,21.989],[120.8502,21.9884],[120.8485,21.9882],[120.8467,21.9872],[120.8461,21.9862],[120.8451,21.9827],[120.8442,21.9802],[120.8442,21.9788],[120.8452,21.978],[120.8455,21.9764],[120.8452,21.975],[120.8445,21.9738],[120.8448,21.9734],[120.8448,21.9703],[120.8445,21.9683],[120.843,21.9636],[120.8416,21.9599],[120.8414,21.9565],[120.8429,21.9542],[120.8423,21.9513],[120.8423,21.95],[120.8428,21.9477],[120.8433,21.9462],[120.8448,21.9437],[120.8455,21.9413],[120.8463,21.9398],[120.8476,21.9386],[120.8487,21.936],[120.8489,21.9338],[120.8513,21.9317],[120.8534,21.9303],[120.8549,21.9286],[120.8569,21.9257],[120.8578,21.9247],[120.8585,21.9226],[120.8611,21.9193],[120.862,21.9189],[120.8626,21.9176],[120.8625,21.9165],[120.8629,21.9138],[120.8619,21.9097],[120.862,21.909],[120.8633,21.9056],[120.8641,21.9047],[120.8654,21.9042],[120.8671,21.9027],[120.8669,21.9006],[120.8657,21.8987],[120.8649,21.8982],[120.8606,21.8963],[120.8586,21.8956],[120.8539,21.8958],[120.8533,21.8956],[120.8511,21.8964],[120.8496,21.8982],[120.8479,21.8999],[120.8466,21.9029],[120.8464,21.9052],[120.846,21.906],[120.8459,21.9097],[120.8461,21.9137],[120.8451,21.9148],[120.8437,21.9146],[120.8414,21.9149],[120.8373,21.916],[120.8355,21.9172],[120.8345,21.9188],[120.8337,21.9213],[120.8328,21.9234],[120.8302,21.9253],[120.8295,21.9262],[120.8235,21.9315],[120.8232,21.933],[120.8222,21.9344],[120.8207,21.9349],[120.8186,21.9348],[120.8167,21.9339],[120.8131,21.9335],[120.8101,21.9344],[120.8073,21.9363],[120.8066,21.937],[120.8061,21.9383],[120.8051,21.9392],[120.8029,21.9398],[120.8027,21.938],[120.8015,21.9371],[120.7992,21.9374],[120.7984,21.9379],[120.798,21.9405],[120.7966,21.9422],[120.7943,21.9432],[120.7919,21.9435],[120.7858,21.9437],[120.7844,21.944],[120.783,21.9435],[120.7803,21.9458],[120.7776,21.9493],[120.7756,21.9496],[120.7728,21.9504],[120.7702,21.9524],[120.7684,21.9553],[120.766,21.9582],[120.7664,21.9587],[120.7647,21.9591],[120.7614,21.9589],[120.7606,21.9572],[120.7586,21.9563],[120.758,21.9564],[120.7576,21.9574],[120.756,21.9567],[120.7558,21.9557],[120.7551,21.9564],[120.7532,21.9552],[120.7533,21.9537],[120.7548,21.9541],[120.7542,21.9529],[120.7527,21.9508],[120.7511,21.9509],[120.7484,21.9495],[120.7483,21.947],[120.749,21.945],[120.7489,21.9432],[120.7485,21.9418],[120.7472,21.9419],[120.746,21.9434],[120.7454,21.9425],[120.7453,21.939],[120.7458,21.9373],[120.7466,21.9354],[120.7468,21.9342],[120.7462,21.9326],[120.7471,21.9318],[120.7457,21.9312],[120.7452,21.9324],[120.744,21.9322],[120.7443,21.9313],[120.7438,21.9295],[120.7418,21.9274],[120.7402,21.9269],[120.7399,21.9263],[120.7398,21.9215],[120.7397,21.9195],[120.7388,21.9197],[120.7367,21.919],[120.7333,21.9186],[120.7324,21.9191],[120.7287,21.9183],[120.7266,21.9191],[120.7248,21.9202],[120.7234,21.9215],[120.7205,21.9254],[120.719,21.9273],[120.719,21.9312],[120.7193,21.9329],[120.718,21.934],[120.716,21.9349],[120.714,21.9337],[120.7127,21.9333],[120.7113,21.9335],[120.7106,21.9341],[120.7102,21.9374],[120.7102,21.9397],[120.7099,21.9415],[120.7104,21.9436],[120.7108,21.9478],[120.7114,21.9517],[120.7116,21.9555],[120.7117,21.9615],[120.7115,21.9639],[120.7119,21.965],[120.715,21.9711],[120.7151,21.9729],[120.7144,21.9765],[120.7141,21.9788],[120.7136,21.9806],[120.7111,21.9839],[120.7101,21.9856],[120.7079,21.9865],[120.7069,21.9875],[120.706,21.9904],[120.7056,21.9935],[120.7047,21.9947],[120.7007,21.996],[120.6983,21.9981],[120.6962,22.0003],[120.6948,22.0013],[120.6938,22.0026],[120.6932,22.0076],[120.6909,22.0129],[120.6889,22.0156],[120.6852,22.0239],[120.6851,22.0254],[120.6863,22.0305],[120.6871,22.0328],[120.6895,22.036],[120.6906,22.0371],[120.6918,22.0378],[120.6935,22.0398],[120.6938,22.0415],[120.6945,22.0412],[120.6954,22.0419],[120.6962,22.0406],[120.6969,22.0409],[120.697,22.0423],[120.6964,22.0431],[120.6949,22.0429],[120.6947,22.0433],[120.6955,22.0445],[120.6954,22.046],[120.6948,22.0468],[120.6944,22.0483],[120.6952,22.0506],[120.6976,22.055],[120.699,22.056],[120.6997,22.0561],[120.7022,22.0555],[120.7045,22.056],[120.7053,22.0575],[120.7052,22.0584],[120.7059,22.0599],[120.7058,22.0622],[120.7054,22.0636],[120.7054,22.065],[120.7048,22.0679],[120.7057,22.0707],[120.704,22.076],[120.7033,22.0783],[120.7015,22.0793],[120.7006,22.0801],[120.6993,22.0828],[120.6998,22.0841],[120.7013,22.0861],[120.7027,22.0867],[120.7036,22.0866],[120.7056,22.0871],[120.7077,22.0879],[120.7099,22.0894],[120.7117,22.0901],[120.7127,22.0908],[120.7145,22.0908],[120.7168,22.0933],[120.7164,22.0952],[120.7156,22.0969],[120.7156,22.0988],[120.7161,22.1004],[120.7156,22.1006],[120.7159,22.1018],[120.7154,22.1022],[120.7159,22.1048],[120.7152,22.1065],[120.7125,22.1083],[120.7125,22.1094],[120.7131,22.1115],[120.7118,22.1146],[120.7114,22.1144],[120.7097,22.1159],[120.7098,22.1169],[120.7106,22.1173],[120.7095,22.1195],[120.7095,22.1215],[120.709,22.1228],[120.707,22.1252],[120.7066,22.126],[120.7044,22.1273],[120.7023,22.1298],[120.7019,22.1321],[120.7021,22.1333],[120.7015,22.1342],[120.6985,22.1368],[120.6976,22.1405],[120.698,22.1414],[120.6981,22.1441],[120.6989,22.1452],[120.6997,22.1469],[120.6999,22.1483],[120.6995,22.1501],[120.6982,22.1524],[120.6961,22.1542],[120.6957,22.1556],[120.6946,22.1574],[120.6947,22.1585],[120.696,22.1597],[120.696,22.1604],[120.6955,22.1665],[120.694,22.1674],[120.6937,22.1686],[120.6942,22.1693],[120.6938,22.1725],[120.6932,22.1735],[120.6911,22.1751],[120.691,22.1765],[120.6916,22.1776],[120.691,22.1814],[120.69,22.1836],[120.69,22.1853],[120.689,22.188],[120.6878,22.1893],[120.6872,22.1905],[120.6855,22.1925],[120.6846,22.1949],[120.6838,22.1984],[120.6842,22.2004],[120.6858,22.2032],[120.6858,22.2045],[120.6854,22.2081],[120.6849,22.2103],[120.6832,22.213],[120.6822,22.2144],[120.6804,22.2152],[120.6804,22.2168],[120.6791,22.2182],[120.6784,22.2185],[120.6776,22.22],[120.6767,22.2223],[120.6768,22.2227],[120.6756,22.2232],[120.674,22.2232],[120.6731,22.2248],[120.6725,22.2253],[120.6722,22.227],[120.6731,22.2289],[120.6738,22.2292],[120.6729,22.2303],[120.672,22.2332],[120.6705,22.2344],[120.6699,22.2355],[120.6688,22.2358],[120.6676,22.2366],[120.6673,22.2376],[120.6653,22.2395],[120.664,22.2393],[120.6606,22.2416],[120.6599,22.2417],[120.6579,22.2429],[120.6579,22.2471],[120.6549,22.2495],[120.6528,22.251],[120.6509,22.2513],[120.6504,22.2518],[120.6493,22.2557],[120.6496,22.2582],[120.6501,22.2597],[120.6506,22.2623],[120.6521,22.2657],[120.6521,22.2682],[120.651,22.2705],[120.6507,22.2717],[120.6489,22.2755],[120.648,22.2801],[120.6475,22.2812],[120.6454,22.2848],[120.6441,22.2876],[120.6442,22.2885],[120.6439,22.29],[120.6427,22.2911],[120.6431,22.2926],[120.6431,22.2942],[120.6428,22.2984],[120.6427,22.3016],[120.6421,22.303],[120.6404,22.3058],[120.6391,22.307],[120.6375,22.309],[120.6362,22.3128],[120.6318,22.3177],[120.6305,22.3191],[120.6254,22.3239],[120.6203,22.3285],[120.6166,22.3315],[120.6138,22.3335],[120.6117,22.3352],[120.6104,22.3361],[120.608,22.3385],[120.6073,22.3393],[120.6066,22.3394],[120.6052,22.3411],[120.6051,22.3426],[120.6021,22.3489],[120.5998,22.3532],[120.5989,22.3557],[120.5974,22.3575],[120.5963,22.3582],[120.5947,22.3599],[120.5943,22.3598],[120.5922,22.3621],[120.5912,22.3625],[120.5902,22.3633],[120.5913,22.3643],[120.5894,22.3664],[120.5856,22.3694],[120.5832,22.3705],[120.5801,22.3723],[120.5792,22.3732],[120.5764,22.3752],[120.5742,22.376],[120.5712,22.378],[120.5708,22.3794],[120.5685,22.381],[120.5637,22.3839],[120.5604,22.3861],[120.5496,22.3924],[120.5333,22.4006],[120.5242,22.4053],[120.5175,22.409],[120.5178,22.4107],[120.5175,22.4115],[120.5158,22.4111],[120.5136,22.4113],[120.5085,22.4121],[120.5054,22.4144],[120.4993,22.4179],[120.4956,22.4198],[120.4936,22.4206],[120.4921,22.4216],[120.49,22.4222],[120.4888,22.423],[120.4828,22.4258],[120.4764,22.4289],[120.4759,22.4296],[120.4726,22.4312],[120.4684,22.4337],[120.4585,22.4394],[120.4563,22.4412],[120.4545,22.4431],[120.4524,22.4446],[120.4471,22.4493],[120.4446,22.4521],[120.4397,22.4568],[120.4385,22.4594],[120.436,22.4595],[120.4347,22.4638],[120.4351,22.4645],[120.4331,22.4684],[120.4244,22.4687],[120.4239,22.48],[120.4251,22.4911],[120.4252,22.4941],[120.4257,22.4982],[120.4248,22.5015],[120.4237,22.5065],[120.423,22.511],[120.4228,22.5149],[120.4229,22.5185],[120.4246,22.5244],[120.4251,22.5285],[120.4257,22.53],[120.4272,22.5335],[120.4292,22.5386],[120.4307,22.5435],[120.4313,22.5447],[120.4331,22.5459],[120.4351,22.5466],[120.4366,22.5476],[120.4378,22.552],[120.439,22.555],[120.441,22.558],[120.442,22.5601],[120.4427,22.5623],[120.4435,22.5672],[120.4441,22.5688],[120.4449,22.5733],[120.4456,22.5792],[120.447,22.5862],[120.447,22.5895],[120.4466,22.5945],[120.4458,22.5988],[120.4448,22.6007],[120.4427,22.6033],[120.4406,22.605],[120.439,22.6058],[120.4375,22.6073],[120.4367,22.6089],[120.4346,22.6134],[120.4337,22.6176],[120.4335,22.6208],[120.4335,22.6232],[120.4337,22.6246],[120.4358,22.6304],[120.4359,22.6317],[120.4354,22.6338],[120.4353,22.6403],[120.4362,22.6481],[120.4359,22.656],[120.4361,22.6613],[120.4366,22.665],[120.4379,22.6671],[120.44,22.673],[120.4402,22.6746],[120.4397,22.6785],[120.4426,22.6846],[120.4448,22.6864],[120.4463,22.6872],[120.4475,22.6883],[120.4488,22.6912],[120.4506,22.6962],[120.4511,22.698],[120.4513,22.7001],[120.4528,22.7042],[120.453,22.7066],[120.4549,22.714],[120.4557,22.7185],[120.456,22.723],[120.456,22.7306],[120.4557,22.7341],[120.4549,22.7396],[120.4547,22.744],[120.4546,22.7477],[120.4543,22.7487],[120.4542,22.7536],[120.4537,22.7566],[120.454,22.7579],[120.4538,22.7615],[120.4544,22.7642],[120.4538,22.7675],[120.4538,22.7696],[120.4541,22.7712],[120.4554,22.7737],[120.4557,22.7751],[120.456,22.7802],[120.4575,22.7855],[120.4581,22.787],[120.4599,22.7905],[120.4614,22.7945],[120.4626,22.7966],[120.464,22.8003],[120.4644,22.8042],[120.4651,22.8075],[120.4654,22.8105],[120.4655,22.8128],[120.4662,22.8141],[120.4674,22.8155],[120.4673,22.8184],[120.4675,22.8224],[120.4682,22.8237],[120.4692,22.825],[120.4688,22.8307],[120.47,22.8315],[120.4722,22.8339],[120.4742,22.8369],[120.4762,22.8382],[120.4773,22.838],[120.4791,22.8368],[120.4804,22.8377],[120.4817,22.8373],[120.4823,22.836],[120.4854,22.8355],[120.4883,22.8358],[120.4908,22.8353],[120.4928,22.8357],[120.4915,22.837],[120.4927,22.8373],[120.4939,22.8368],[120.4964,22.8325],[120.4977,22.8317],[120.5,22.8312],[120.5034,22.8317],[120.5051,22.8315],[120.5056,22.8311],[120.5089,22.8296],[120.51,22.8285],[120.5136,22.8308],[120.5157,22.8316],[120.5171,22.8314],[120.5199,22.8314],[120.5201,22.8324],[120.5235,22.8329],[120.5243,22.832],[120.5275,22.8322],[120.5306,22.833],[120.5298,22.8317],[120.531,22.8308],[120.534,22.8306],[120.5351,22.8297],[120.5364,22.8293],[120.5382,22.8292],[120.5414,22.8296],[120.5422,22.8294],[120.5441,22.8298],[120.548,22.8284],[120.5523,22.8283],[120.5542,22.8288],[120.5576,22.8321],[120.5615,22.8338],[120.5636,22.8353],[120.5667,22.8384],[120.5696,22.8432],[120.5707,22.8444],[120.5748,22.8482],[120.5764,22.8494],[120.5856,22.8565],[120.5941,22.8627],[120.5953,22.8637],[120.5981,22.8669],[120.6023,22.8707],[120.6058,22.8732],[120.6129,22.8761],[120.6151,22.8767],[120.6167,22.8768],[120.6206,22.8756],[120.6225,22.8763],[120.626,22.8783],[120.6283,22.8793],[120.6304,22.8799],[120.6344,22.8807],[120.637,22.8823],[120.6404,22.8831],[120.645,22.8852],[120.6465,22.8838],[120.6476,22.8807],[120.6479,22.8779],[120.6484,22.8771],[120.6494,22.877],[120.651,22.8772],[120.6518,22.8781],[120.6523,22.8795],[120.6532,22.8804],[120.6549,22.8815],[120.6565,22.8813],[120.6581,22.8797],[120.6583,22.8785],[120.6584,22.8743],[120.6594,22.8715],[120.6597,22.8699],[120.6586,22.8661],[120.6593,22.8642],[120.6595,22.8619],[120.6609,22.8597],[120.6643,22.8588],[120.6665,22.8589],[120.6686,22.8587],[120.6699,22.8569],[120.6721,22.8564],[120.6748,22.8567],[120.6767,22.8573],[120.6781,22.8595],[120.6788,22.8627],[120.6792,22.863],[120.6819,22.8632],[120.684,22.8635],[120.6862,22.8647],[120.6905,22.8649],[120.6919,22.8677],[120.692,22.8685],[120.6979,22.8731],[120.6989,22.8743],[120.7014,22.8765],[120.702,22.8774],[120.7025,22.8792],[120.7045,22.8807],[120.7057,22.8812],[120.7083,22.8816],[120.7098,22.8811],[120.7111,22.8812],[120.7135,22.8808],[120.7171,22.881],[120.7205,22.882],[120.7221,22.8813],[120.725,22.8808],[120.727,22.879],[120.7309,22.8763],[120.7332,22.8753],[120.7375,22.8743],[120.7411,22.8741],[120.7427,22.8736],[120.7442,22.8712],[120.7463,22.8692],[120.7466,22.8678],[120.7493,22.8657],[120.7523,22.8647],[120.7539,22.8652],[120.7553,22.8644],[120.7559,22.863],[120.7566,22.8622],[120.7588,22.8609],[120.7622,22.8568],[120.763,22.8546],[120.7638,22.8517],[120.764,22.8493],[120.7644,22.8489],[120.7659,22.8487],[120.7685,22.8452],[120.7699,22.8446],[120.7707,22.8435],[120.7715,22.8419],[120.7729,22.8411],[120.7739,22.8385],[120.7744,22.8377],[120.776,22.8365],[120.7787,22.8352],[120.78,22.8354],[120.7821,22.8365],[120.7844,22.8387],[120.7858,22.8399],[120.7887,22.8402],[120.7902,22.8401],[120.7927,22.8411],[120.793,22.8423],[120.7921,22.8452],[120.7917,22.8484],[120.7927,22.8508],[120.7933,22.852],[120.7941,22.8522],[120.7957,22.8518],[120.798,22.8517],[120.7998,22.851],[120.8011,22.851],[120.8026,22.8524],[120.8051,22.8534],[120.8071,22.8549],[120.8119,22.8571],[120.8138,22.8577],[120.8137,22.859],[120.8142,22.8604],[120.8159,22.8621],[120.8191,22.8623],[120.8201,22.8631],[120.823,22.8657],[120.8243,22.8664],[120.8261,22.8664],[120.8283,22.8658],[120.8301,22.8658],[120.833,22.8663],[120.8349,22.8648],[120.8372,22.8642],[120.8388,22.8625],[120.8399,22.8617],[120.8409,22.8604],[120.8416,22.8589],[120.8412,22.8573],[120.843,22.8542],[120.8438,22.8534],[120.8472,22.852],[120.8484,22.8519],[120.849,22.8533],[120.8514,22.8556],[120.8532,22.8576],[120.8545,22.8561],[120.8562,22.8551],[120.857,22.853],[120.8599,22.8515],[120.8594,22.8495],[120.8597,22.8487],[120.8625,22.8468],[120.8628,22.8455],[120.8636,22.8441],[120.8646,22.8431],[120.8646,22.8419]]],[[[120.3824,22.3537],[120.3851,22.3519],[120.3885,22.3507],[120.389,22.3494],[120.3889,22.3474],[120.3885,22.3465],[120.3884,22.3439],[120.388,22.3427],[120.387,22.3418],[120.3837,22.3399],[120.3823,22.3389],[120.381,22.3385],[120.3803,22.3376],[120.3786,22.337],[120.3768,22.3357],[120.3755,22.3336],[120.3731,22.3323],[120.3715,22.3311],[120.3694,22.3284],[120.3674,22.3263],[120.3638,22.3242],[120.3631,22.3236],[120.3599,22.3222],[120.3574,22.3222],[120.3547,22.3233],[120.3532,22.325],[120.3534,22.3284],[120.3536,22.3294],[120.3549,22.3309],[120.3582,22.3328],[120.3603,22.3347],[120.3609,22.3362],[120.3611,22.3375],[120.3617,22.3388],[120.3632,22.34],[120.3625,22.3434],[120.3629,22.3441],[120.3618,22.3445],[120.3609,22.346],[120.3615,22.347],[120.3625,22.3473],[120.3638,22.3483],[120.3656,22.3509],[120.3674,22.3521],[120.3685,22.3522],[120.3721,22.3532],[120.3734,22.3538],[120.377,22.3557],[120.3796,22.356],[120.3817,22.3549],[120.3824,22.3537]]]]}},{"type":"Feature","properties":{"name":"宜蘭縣","nameEn":"Yilan County","code":"10002"},"geometry":{"type":"MultiPolygon","coordinates":[[[[121.9643,24.9822],[121.9636,24.9824],[121.9622,24.9818],[121.96,24.9826],[121.9583,24.9826],[121.957,24.9819],[121.9545,24.98],[121.9536,24.9801],[121.9516,24.9796],[121.9515,24.9793],[121.9494,24.9788],[121.9487,24.9789],[121.9466,24.978],[121.9443,24.9768],[121.9437,24.975],[121.9423,24.975],[121.9416,24.9737],[121.941,24.9739],[121.9386,24.9732],[121.9383,24.9736],[121.9364,24.9733],[121.9362,24.9739],[121.9315,24.9718],[121.9281,24.9694],[121.9256,24.9686],[121.9242,24.9658],[121.9224,24.9632],[121.9231,24.9622],[121.9223,24.9624],[121.9218,24.9609],[121.92,24.9584],[121.9206,24.9558],[121.9192,24.9548],[121.9191,24.954],[121.918,24.9536],[121.918,24.953],[121.9163,24.9519],[121.9147,24.9519],[121.9126,24.9506],[121.9114,24.9507],[121.9102,24.9499],[121.9103,24.949],[121.9096,24.9495],[121.9084,24.9487],[121.908,24.9476],[121.9069,24.947],[121.9054,24.9466],[121.9046,24.9453],[121.9041,24.9436],[121.9045,24.9425],[121.9051,24.9424],[121.9043,24.9414],[121.9047,24.9398],[121.904,24.9398],[121.9034,24.9406],[121.9011,24.94],[121.8991,24.94],[121.8983,24.9408],[121.8949,24.9407],[121.8938,24.9401],[121.8933,24.9392],[121.8894,24.9372],[121.8883,24.936],[121.8879,24.9351],[121.8875,24.9315],[121.8869,24.9292],[121.8876,24.9277],[121.8869,24.925],[121.8854,24.9232],[121.8854,24.9189],[121.8849,24.9178],[121.8833,24.9164],[121.8824,24.9149],[121.8793,24.9131],[121.8781,24.9117],[121.8779,24.9106],[121.8764,24.9099],[121.8748,24.9081],[121.8748,24.9073],[121.8733,24.9068],[121.8725,24.9062],[121.872,24.905],[121.8691,24.9035],[121.8674,24.903],[121.8659,24.902],[121.8639,24.8983],[121.8621,24.8966],[121.8605,24.8945],[121.8583,24.8934],[121.854,24.8917],[121.8514,24.8901],[121.8509,24.8893],[121.8511,24.8885],[121.8508,24.8865],[121.8483,24.8845],[121.8472,24.8831],[121.8458,24.8806],[121.8427,24.8762],[121.8404,24.8711],[121.8396,24.8691],[121.8389,24.8682],[121.8378,24.8657],[121.8346,24.8589],[121.8343,24.8575],[121.8338,24.8573],[121.8306,24.8504],[121.8292,24.8468],[121.828,24.8422],[121.8271,24.8424],[121.8274,24.8397],[121.8262,24.8361],[121.8243,24.8289],[121.8234,24.824],[121.8231,24.8234],[121.8227,24.8206],[121.8216,24.8155],[121.8203,24.8073],[121.8202,24.807],[121.8196,24.8016],[121.819,24.7973],[121.8188,24.7936],[121.8184,24.7899],[121.8185,24.7881],[121.8183,24.7863],[121.818,24.7781],[121.818,24.774],[121.8184,24.7649],[121.8187,24.7632],[121.8191,24.7588],[121.8198,24.7548],[121.8204,24.7509],[121.8207,24.7501],[121.821,24.7477],[121.822,24.7439],[121.8235,24.7393],[121.8248,24.7355],[121.8259,24.733],[121.8289,24.7267],[121.8304,24.724],[121.8318,24.7219],[121.8328,24.7199],[121.8336,24.719],[121.835,24.7185],[121.8383,24.7181],[121.8391,24.7174],[121.8395,24.7159],[121.8392,24.7147],[121.8379,24.7132],[121.8366,24.7107],[121.8363,24.7082],[121.8365,24.7018],[121.8368,24.7011],[121.8368,24.6983],[121.8374,24.6983],[121.8374,24.6954],[121.8377,24.6952],[121.8373,24.6935],[121.8377,24.692],[121.8375,24.6915],[121.8379,24.6893],[121.8376,24.6873],[121.8379,24.6866],[121.8378,24.6836],[121.8385,24.6817],[121.8382,24.6729],[121.8396,24.664],[121.8401,24.6628],[121.8406,24.6597],[121.841,24.6589],[121.8415,24.6562],[121.8441,24.6479],[121.8451,24.6449],[121.8489,24.6357],[121.8505,24.6321],[121.8512,24.6299],[121.8521,24.628],[121.8533,24.6263],[121.8538,24.625],[121.8554,24.6219],[121.8566,24.6201],[121.8584,24.6178],[121.8588,24.6167],[121.8609,24.6145],[121.8624,24.6136],[121.8661,24.6099],[121.8685,24.6089],[121.8701,24.6087],[121.871,24.6092],[121.8734,24.6087],[121.8743,24.6077],[121.8746,24.6061],[121.8751,24.6057],[121.8781,24.6051],[121.8802,24.6057],[121.8809,24.6056],[121.8818,24.6037],[121.8828,24.6034],[121.8846,24.6036],[121.885,24.6034],[121.8837,24.6023],[121.8837,24.6014],[121.8847,24.6006],[121.8859,24.6005],[121.8857,24.5994],[121.885,24.5996],[121.8822,24.5992],[121.8823,24.5987],[121.8792,24.5991],[121.8735,24.5966],[121.879,24.5912],[121.8792,24.591],[121.8746,24.5853],[121.8737,24.5856],[121.8727,24.5852],[121.8722,24.5842],[121.8727,24.5837],[121.8737,24.5845],[121.8738,24.5838],[121.8748,24.5828],[121.8753,24.5814],[121.8769,24.5809],[121.8773,24.5798],[121.8783,24.58],[121.8798,24.5797],[121.8786,24.5787],[121.877,24.5781],[121.8765,24.579],[121.8757,24.579],[121.8753,24.5783],[121.8756,24.5775],[121.8734,24.5772],[121.873,24.5779],[121.8721,24.5782],[121.8698,24.5761],[121.8692,24.5727],[121.8692,24.5713],[121.8703,24.5691],[121.8712,24.5633],[121.8708,24.5614],[121.8708,24.5581],[121.8713,24.553],[121.8712,24.5524],[121.8721,24.5512],[121.8725,24.5496],[121.8729,24.5472],[121.8741,24.5454],[121.8723,24.5416],[121.8724,24.5391],[121.8729,24.5381],[121.8737,24.5346],[121.8725,24.5328],[121.8726,24.5311],[121.8701,24.53],[121.8695,24.5293],[121.8697,24.5281],[121.8678,24.5276],[121.8669,24.528],[121.8657,24.5274],[121.8609,24.5272],[121.8591,24.5257],[121.8573,24.5248],[121.8563,24.5239],[121.8511,24.5228],[121.8497,24.5221],[121.845,24.5217],[121.8432,24.5212],[121.8419,24.5202],[121.8399,24.5165],[121.8389,24.5123],[121.8383,24.5085],[121.8382,24.5065],[121.8386,24.5008],[121.839,24.4996],[121.8402,24.498],[121.8416,24.4975],[121.845,24.4973],[121.8464,24.4966],[121.8475,24.4974],[121.848,24.4958],[121.8505,24.4947],[121.851,24.4941],[121.8508,24.4934],[121.8498,24.4926],[121.8503,24.4906],[121.8504,24.4881],[121.8509,24.4873],[121.8505,24.4862],[121.8507,24.4849],[121.8517,24.4839],[121.8525,24.4837],[121.8567,24.4834],[121.8586,24.4839],[121.8602,24.4836],[121.8615,24.4826],[121.8624,24.4812],[121.8614,24.4797],[121.8597,24.4786],[121.8587,24.4788],[121.8555,24.4806],[121.8534,24.4802],[121.8516,24.4795],[121.8497,24.4794],[121.8486,24.479],[121.8461,24.4769],[121.8439,24.4769],[121.8412,24.4756],[121.8399,24.474],[121.8385,24.473],[121.8383,24.4723],[121.837,24.4718],[121.8362,24.4707],[121.8342,24.4696],[121.8333,24.468],[121.8327,24.4674],[121.8308,24.4669],[121.8276,24.4658],[121.8269,24.4652],[121.8247,24.4646],[121.8236,24.4633],[121.8213,24.4624],[121.8204,24.4614],[121.8201,24.4585],[121.8215,24.4569],[121.8219,24.4559],[121.821,24.4539],[121.8202,24.4538],[121.8181,24.4515],[121.8172,24.4502],[121.8171,24.4483],[121.8163,24.4466],[121.8156,24.4479],[121.8148,24.4465],[121.8124,24.4435],[121.8122,24.4427],[121.8108,24.4414],[121.8078,24.4397],[121.8034,24.4362],[121.8019,24.4343],[121.8003,24.4309],[121.7987,24.428],[121.7965,24.4224],[121.7939,24.4163],[121.7918,24.4104],[121.7911,24.4082],[121.7904,24.4045],[121.7903,24.4028],[121.789,24.3975],[121.7885,24.3924],[121.7885,24.388],[121.788,24.3847],[121.7879,24.3815],[121.7874,24.3755],[121.7875,24.3749],[121.787,24.3725],[121.7851,24.3694],[121.7846,24.3679],[121.7837,24.3665],[121.7823,24.3616],[121.7793,24.3573],[121.7781,24.3544],[121.778,24.3523],[121.7773,24.3512],[121.7736,24.3437],[121.7728,24.3403],[121.7716,24.3376],[121.7709,24.3326],[121.7714,24.3289],[121.7729,24.3249],[121.774,24.3196],[121.7741,24.3153],[121.7727,24.3136],[121.7701,24.3131],[121.7678,24.3134],[121.7657,24.3133],[121.7617,24.314],[121.7591,24.3142],[121.7573,24.3154],[121.7552,24.3163],[121.7537,24.3176],[121.7513,24.3188],[121.7481,24.321],[121.7447,24.3229],[121.7401,24.3236],[121.7352,24.3231],[121.7314,24.3245],[121.7298,24.3253],[121.7278,24.326],[121.7259,24.3259],[121.7235,24.3255],[121.7211,24.3259],[121.7143,24.3267],[121.7131,24.327],[121.709,24.3284],[121.7065,24.3291],[121.7027,24.3309],[121.6996,24.3326],[121.6973,24.3343],[121.695,24.3349],[121.6936,24.3349],[121.6895,24.3336],[121.6881,24.3338],[121.6873,24.3349],[121.6873,24.3367],[121.6868,24.3392],[121.6857,24.3407],[121.684,24.3408],[121.6783,24.3381],[121.6759,24.3375],[121.6744,24.3382],[121.6735,24.3398],[121.6741,24.3423],[121.674,24.3434],[121.6729,24.3438],[121.6701,24.3428],[121.6693,24.343],[121.6678,24.3448],[121.6676,24.3459],[121.6665,24.3475],[121.6648,24.3482],[121.6639,24.3492],[121.6634,24.3511],[121.6632,24.3528],[121.6625,24.3532],[121.6613,24.3529],[121.6614,24.352],[121.6602,24.3512],[121.6587,24.3513],[121.6575,24.3529],[121.6559,24.3532],[121.6539,24.3521],[121.6534,24.3532],[121.6538,24.3554],[121.6533,24.3566],[121.6519,24.3578],[121.6512,24.3594],[121.6507,24.3599],[121.6495,24.3597],[121.6482,24.3584],[121.648,24.3567],[121.65,24.3549],[121.6507,24.3509],[121.6505,24.3498],[121.6498,24.3492],[121.6489,24.3494],[121.6466,24.3519],[121.6451,24.3523],[121.6439,24.3535],[121.6423,24.3561],[121.6406,24.357],[121.64,24.3583],[121.6403,24.3596],[121.6387,24.3609],[121.6383,24.3623],[121.6373,24.3631],[121.635,24.3637],[121.6348,24.3644],[121.6351,24.366],[121.6348,24.3665],[121.6323,24.3659],[121.6309,24.3661],[121.6306,24.3676],[121.6317,24.3692],[121.6316,24.3703],[121.631,24.3705],[121.628,24.3694],[121.6267,24.3694],[121.625,24.3686],[121.6233,24.3672],[121.6217,24.3666],[121.6216,24.3655],[121.6207,24.3643],[121.6204,24.363],[121.6208,24.3625],[121.6234,24.3625],[121.6234,24.3616],[121.6215,24.3599],[121.6212,24.3581],[121.6223,24.3567],[121.624,24.3557],[121.6263,24.3548],[121.6269,24.3541],[121.6272,24.3528],[121.6272,24.351],[121.6268,24.3498],[121.6274,24.3494],[121.6293,24.3495],[121.6301,24.3484],[121.6309,24.3483],[121.6322,24.3492],[121.6332,24.3492],[121.6351,24.3484],[121.6359,24.3461],[121.6353,24.3448],[121.634,24.3444],[121.6325,24.3445],[121.6315,24.3443],[121.6313,24.3434],[121.6317,24.342],[121.6323,24.3416],[121.633,24.3399],[121.6327,24.3384],[121.633,24.335],[121.632,24.3343],[121.6294,24.3335],[121.6286,24.3337],[121.6279,24.3348],[121.6267,24.3356],[121.6267,24.3363],[121.6281,24.3386],[121.6281,24.3393],[121.6275,24.3411],[121.6251,24.3399],[121.6229,24.3394],[121.6224,24.34],[121.6215,24.342],[121.6206,24.3449],[121.6203,24.3453],[121.6188,24.3454],[121.618,24.3446],[121.6166,24.3407],[121.6161,24.3381],[121.6165,24.3369],[121.6183,24.3363],[121.6187,24.3357],[121.6184,24.3344],[121.6174,24.3336],[121.6157,24.3332],[121.6146,24.3338],[121.6132,24.3356],[121.6113,24.336],[121.6094,24.3353],[121.6076,24.3352],[121.6065,24.3327],[121.6063,24.3309],[121.6065,24.3301],[121.6054,24.3293],[121.604,24.329],[121.6031,24.3293],[121.6005,24.3311],[121.5995,24.3334],[121.5985,24.3337],[121.5968,24.3333],[121.5957,24.3315],[121.5959,24.3294],[121.5966,24.3281],[121.5986,24.3265],[121.5989,24.3253],[121.601,24.3237],[121.6014,24.323],[121.601,24.3216],[121.6011,24.3206],[121.6022,24.3196],[121.6046,24.3183],[121.6054,24.3166],[121.6051,24.3154],[121.6067,24.3137],[121.607,24.3126],[121.6065,24.3104],[121.6057,24.3095],[121.6051,24.3107],[121.6031,24.3132],[121.6012,24.3147],[121.5986,24.3156],[121.5972,24.3163],[121.5938,24.3164],[121.5926,24.3156],[121.5908,24.3149],[121.5899,24.314],[121.5892,24.314],[121.5885,24.3153],[121.5875,24.3161],[121.5843,24.3167],[121.5824,24.3178],[121.5805,24.3178],[121.5785,24.3181],[121.5776,24.319],[121.5759,24.3197],[121.5737,24.3194],[121.5718,24.3182],[121.5696,24.3179],[121.5674,24.3192],[121.5664,24.3192],[121.5633,24.3222],[121.5601,24.3226],[121.5588,24.3241],[121.5577,24.326],[121.5573,24.3275],[121.5572,24.3287],[121.5561,24.3312],[121.5537,24.3322],[121.5507,24.3342],[121.5486,24.3362],[121.5468,24.3372],[121.5447,24.3378],[121.5425,24.3371],[121.5405,24.3359],[121.5385,24.3361],[121.5367,24.3371],[121.5354,24.3374],[121.5333,24.3371],[121.5309,24.3386],[121.5278,24.3392],[121.5256,24.342],[121.5246,24.3426],[121.5222,24.343],[121.5204,24.3426],[121.5185,24.3412],[121.5174,24.341],[121.5155,24.3418],[121.5137,24.3408],[121.5126,24.3411],[121.5101,24.3411],[121.5087,24.342],[121.5081,24.3431],[121.507,24.3432],[121.5044,24.3429],[121.5028,24.3418],[121.5013,24.3411],[121.4996,24.3394],[121.4981,24.3392],[121.494,24.3409],[121.4922,24.3421],[121.4908,24.3441],[121.4889,24.3454],[121.4874,24.3461],[121.4867,24.3473],[121.4855,24.3484],[121.4825,24.3487],[121.4809,24.3493],[121.4808,24.35],[121.4789,24.3519],[121.4753,24.3513],[121.4732,24.3526],[121.4707,24.3534],[121.4691,24.3542],[121.4667,24.3548],[121.465,24.3556],[121.4634,24.357],[121.4613,24.3579],[121.4588,24.36],[121.4575,24.3609],[121.4566,24.3618],[121.4543,24.3636],[121.452,24.3647],[121.4507,24.368],[121.4493,24.3702],[121.4483,24.3726],[121.448,24.3748],[121.446,24.3741],[121.4444,24.3741],[121.4429,24.3732],[121.4417,24.3754],[121.4408,24.3778],[121.4378,24.3829],[121.434,24.3832],[121.4294,24.3831],[121.4257,24.3815],[121.4233,24.3814],[121.4215,24.3807],[121.4196,24.3792],[121.4186,24.3791],[121.4165,24.3798],[121.4156,24.3794],[121.4143,24.3794],[121.4128,24.3797],[121.4108,24.3788],[121.4085,24.3781],[121.4079,24.3775],[121.4065,24.3779],[121.405,24.3776],[121.4041,24.3778],[121.4019,24.3796],[121.4006,24.3796],[121.3981,24.3778],[121.3958,24.378],[121.3946,24.3771],[121.3943,24.3764],[121.3932,24.3753],[121.3924,24.3751],[121.3904,24.3753],[121.3892,24.3742],[121.3879,24.37],[121.3868,24.3692],[121.3852,24.3688],[121.3835,24.3677],[121.3811,24.3669],[121.3792,24.3675],[121.3774,24.3684],[121.3736,24.3682],[121.3715,24.3705],[121.3693,24.3725],[121.3693,24.3743],[121.3688,24.3756],[121.3674,24.3779],[121.3672,24.3792],[121.3682,24.3813],[121.3696,24.3819],[121.3697,24.3828],[121.369,24.3838],[121.3688,24.3849],[121.3679,24.3858],[121.3672,24.386],[121.3649,24.3891],[121.3621,24.3895],[121.3613,24.3901],[121.3594,24.3904],[121.3553,24.3931],[121.3537,24.3931],[121.3526,24.3923],[121.3502,24.3928],[121.3442,24.393],[121.3424,24.3926],[121.3399,24.391],[121.3395,24.3898],[121.3385,24.3901],[121.337,24.3924],[121.3361,24.3928],[121.3336,24.395],[121.3327,24.3964],[121.3323,24.3979],[121.3308,24.3985],[121.328,24.3983],[121.3265,24.3999],[121.326,24.401],[121.326,24.4037],[121.3255,24.4045],[121.325,24.4069],[121.3252,24.4078],[121.3264,24.4092],[121.3274,24.413],[121.3272,24.4156],[121.3277,24.4166],[121.3278,24.4185],[121.3274,24.4215],[121.3282,24.4236],[121.3282,24.4254],[121.3287,24.4273],[121.3281,24.4286],[121.3277,24.4304],[121.3284,24.4316],[121.3281,24.4339],[121.3256,24.4359],[121.3228,24.4394],[121.3206,24.4411],[121.3177,24.4415],[121.3187,24.4441],[121.3196,24.445],[121.3202,24.448],[121.322,24.4515],[121.323,24.4549],[121.3238,24.4567],[121.3261,24.46],[121.3284,24.462],[121.3296,24.4627],[121.3299,24.4643],[121.3311,24.4653],[121.3325,24.4655],[121.3333,24.4661],[121.335,24.4667],[121.336,24.4674],[121.336,24.4703],[121.3356,24.4717],[121.3359,24.4724],[121.3383,24.4741],[121.3401,24.4749],[121.3416,24.478],[121.3417,24.4796],[121.3424,24.4817],[121.343,24.4824],[121.3443,24.4827],[121.3457,24.4843],[121.3471,24.4848],[121.3487,24.4847],[121.35,24.4843],[121.3513,24.4846],[121.3528,24.4855],[121.3565,24.4861],[121.3578,24.4866],[121.359,24.4882],[121.3617,24.4905],[121.3627,24.4921],[121.3628,24.4934],[121.3639,24.495],[121.365,24.4959],[121.3673,24.4965],[121.3692,24.4974],[121.3707,24.4979],[121.3717,24.4993],[121.3725,24.5022],[121.3729,24.505],[121.3728,24.5068],[121.3734,24.5099],[121.376,24.5101],[121.3793,24.5095],[121.3804,24.5099],[121.382,24.5097],[121.3837,24.5104],[121.3853,24.5134],[121.3856,24.5146],[121.3851,24.5168],[121.3855,24.5171],[121.3878,24.5172],[121.3885,24.5178],[121.3896,24.5199],[121.3899,24.5217],[121.3905,24.5229],[121.3919,24.5241],[121.3941,24.5247],[121.3967,24.5246],[121.3978,24.5249],[121.3985,24.5259],[121.3996,24.5265],[121.4016,24.5292],[121.4015,24.5302],[121.3992,24.5322],[121.3983,24.5341],[121.3985,24.5356],[121.3983,24.5367],[121.3972,24.5384],[121.3967,24.5398],[121.397,24.5417],[121.3982,24.5452],[121.3988,24.5482],[121.3983,24.5494],[121.3972,24.5507],[121.3956,24.5528],[121.3947,24.5556],[121.3949,24.5561],[121.3965,24.5577],[121.3977,24.5597],[121.3993,24.5611],[121.4011,24.5619],[121.4015,24.5627],[121.4012,24.564],[121.4017,24.5655],[121.4034,24.5676],[121.4039,24.569],[121.4057,24.5698],[121.4073,24.5699],[121.4091,24.5716],[121.4115,24.5726],[121.4122,24.5731],[121.4122,24.5745],[121.4105,24.5789],[121.4092,24.5812],[121.4062,24.5853],[121.4046,24.5878],[121.403,24.5911],[121.403,24.5917],[121.4037,24.593],[121.4068,24.5964],[121.4067,24.5971],[121.4082,24.5981],[121.4085,24.599],[121.4104,24.6001],[121.4118,24.6005],[121.4126,24.6015],[121.4126,24.6034],[121.4133,24.6035],[121.4153,24.602],[121.4163,24.6022],[121.4179,24.6011],[121.4201,24.6014],[121.4246,24.6031],[121.4258,24.6043],[121.4261,24.605],[121.4278,24.6061],[121.429,24.6098],[121.4298,24.6113],[121.4298,24.6122],[121.4306,24.6145],[121.4323,24.6153],[121.4329,24.6163],[121.4329,24.6175],[121.4336,24.6189],[121.4345,24.6192],[121.4357,24.6215],[121.4352,24.6226],[121.4348,24.6245],[121.4356,24.6256],[121.4358,24.6267],[121.4377,24.6302],[121.4393,24.6326],[121.4405,24.6351],[121.4437,24.6364],[121.445,24.6373],[121.4454,24.6381],[121.4456,24.6399],[121.4448,24.6411],[121.445,24.6429],[121.446,24.6443],[121.4484,24.6457],[121.4492,24.6466],[121.45,24.6487],[121.4514,24.6511],[121.4513,24.6517],[121.4493,24.6527],[121.4487,24.6534],[121.4479,24.6551],[121.4475,24.6571],[121.4478,24.6584],[121.4486,24.6597],[121.4496,24.6622],[121.4515,24.663],[121.4539,24.6644],[121.455,24.6679],[121.4573,24.6709],[121.4595,24.6732],[121.4611,24.6727],[121.4652,24.6724],[121.467,24.6724],[121.4686,24.6719],[121.4697,24.6719],[121.4724,24.6731],[121.4737,24.6731],[121.4764,24.6738],[121.4786,24.6736],[121.48,24.6738],[121.4818,24.6743],[121.483,24.6739],[121.485,24.6739],[121.4869,24.6752],[121.4885,24.6751],[121.4893,24.6742],[121.4927,24.6732],[121.4939,24.6735],[121.4968,24.6755],[121.4971,24.6763],[121.4992,24.678],[121.503,24.6794],[121.5044,24.6794],[121.5055,24.6799],[121.5075,24.6824],[121.5092,24.6832],[121.5101,24.6832],[121.5122,24.6845],[121.5137,24.6843],[121.5148,24.6832],[121.5198,24.6833],[121.5238,24.6833],[121.5249,24.6845],[121.5262,24.6848],[121.527,24.6854],[121.5271,24.6885],[121.5282,24.6889],[121.5291,24.6876],[121.5319,24.6877],[121.5333,24.6884],[121.5362,24.6883],[121.5369,24.6885],[121.5376,24.6901],[121.5378,24.6923],[121.5375,24.6938],[121.5388,24.6946],[121.5385,24.6964],[121.5386,24.6982],[121.5379,24.6997],[121.5385,24.7006],[121.5408,24.7023],[121.5417,24.7036],[121.5429,24.7047],[121.5434,24.7057],[121.5453,24.7058],[121.5475,24.7063],[121.5503,24.7057],[121.5512,24.706],[121.5544,24.7084],[121.5554,24.7101],[121.5564,24.7112],[121.5582,24.7109],[121.5603,24.7117],[121.5618,24.7126],[121.5633,24.7128],[121.5655,24.7117],[121.5675,24.7115],[121.5695,24.7127],[121.5705,24.714],[121.5724,24.7104],[121.5748,24.7101],[121.5756,24.711],[121.5773,24.7149],[121.5775,24.7166],[121.5773,24.7175],[121.5777,24.7189],[121.5775,24.7204],[121.5778,24.7218],[121.5786,24.7224],[121.5797,24.7223],[121.5815,24.7213],[121.5835,24.7206],[121.5858,24.7201],[121.5877,24.7203],[121.5891,24.7217],[121.5904,24.7235],[121.5927,24.7246],[121.5939,24.7258],[121.5975,24.7277],[121.5978,24.7293],[121.5941,24.7293],[121.5937,24.7305],[121.595,24.7325],[121.595,24.7334],[121.5942,24.7347],[121.5949,24.7367],[121.5954,24.7391],[121.5948,24.7409],[121.5943,24.7411],[121.5934,24.7424],[121.5919,24.7433],[121.5917,24.7449],[121.5928,24.746],[121.5944,24.7463],[121.5961,24.7482],[121.5952,24.7488],[121.5946,24.7502],[121.5923,24.7503],[121.5908,24.7509],[121.59,24.7519],[121.5897,24.7536],[121.589,24.7552],[121.5894,24.7572],[121.5908,24.7588],[121.5905,24.7607],[121.5934,24.7648],[121.5958,24.7665],[121.5963,24.7673],[121.5956,24.769],[121.5961,24.7701],[121.5973,24.7716],[121.5976,24.7726],[121.5957,24.776],[121.5951,24.7779],[121.5945,24.7788],[121.5943,24.7811],[121.5935,24.7817],[121.5932,24.7826],[121.5934,24.7846],[121.5929,24.7862],[121.592,24.7875],[121.5947,24.7873],[121.5989,24.7877],[121.6029,24.7894],[121.6056,24.7891],[121.6072,24.7904],[121.6096,24.7938],[121.6133,24.7932],[121.6158,24.7939],[121.6172,24.7938],[121.6204,24.7926],[121.6217,24.7927],[121.623,24.794],[121.6253,24.795],[121.626,24.7965],[121.6252,24.7995],[121.6248,24.8016],[121.6261,24.8034],[121.6264,24.8058],[121.6257,24.8086],[121.626,24.8088],[121.6281,24.808],[121.6289,24.8081],[121.6301,24.8089],[121.6322,24.8092],[121.6344,24.8091],[121.6372,24.8094],[121.6388,24.8107],[121.6403,24.8103],[121.642,24.8104],[121.6444,24.8092],[121.6457,24.8097],[121.6464,24.8108],[121.6475,24.8139],[121.6487,24.8127],[121.6504,24.813],[121.6518,24.8117],[121.6531,24.8113],[121.6561,24.8112],[121.6607,24.8108],[121.6609,24.8118],[121.663,24.8126],[121.6641,24.8134],[121.6648,24.8144],[121.6658,24.8148],[121.6673,24.8162],[121.6688,24.8169],[121.669,24.818],[121.671,24.8169],[121.6727,24.8151],[121.6742,24.8141],[121.6753,24.8147],[121.6768,24.8141],[121.6789,24.8153],[121.6808,24.8175],[121.6817,24.8176],[121.6831,24.8169],[121.6845,24.8174],[121.6863,24.8175],[121.6872,24.8163],[121.6884,24.8162],[121.6893,24.8173],[121.689,24.8193],[121.6901,24.8214],[121.6897,24.8227],[121.6877,24.8243],[121.6877,24.825],[121.6889,24.8262],[121.6911,24.8272],[121.6918,24.8272],[121.6932,24.8279],[121.6945,24.8292],[121.696,24.8297],[121.6964,24.8305],[121.6961,24.832],[121.6967,24.8337],[121.6964,24.8345],[121.6982,24.8342],[121.6991,24.8355],[121.6999,24.8349],[121.7017,24.8343],[121.7033,24.8352],[121.7059,24.8374],[121.7068,24.8378],[121.7074,24.8388],[121.7084,24.8391],[121.709,24.8406],[121.7107,24.841],[121.7113,24.8414],[121.7143,24.8418],[121.7152,24.8429],[121.7156,24.8444],[121.7172,24.8449],[121.7187,24.8457],[121.7197,24.8456],[121.7195,24.8466],[121.7219,24.8498],[121.7235,24.8505],[121.7248,24.8506],[121.7263,24.8517],[121.7272,24.8531],[121.7294,24.8544],[121.7305,24.8553],[121.7326,24.8558],[121.7362,24.8557],[121.7383,24.8553],[121.7404,24.8535],[121.742,24.8525],[121.7435,24.8528],[121.7458,24.8529],[121.7474,24.8537],[121.7478,24.8549],[121.7488,24.8551],[121.7506,24.8545],[121.7512,24.8549],[121.7529,24.8549],[121.7537,24.8551],[121.7536,24.856],[121.7574,24.8567],[121.761,24.8567],[121.761,24.8577],[121.762,24.8583],[121.762,24.8595],[121.7615,24.8599],[121.7627,24.8612],[121.7635,24.8599],[121.7643,24.8599],[121.7654,24.861],[121.7661,24.8625],[121.7679,24.8638],[121.7674,24.8649],[121.7677,24.8654],[121.7692,24.8659],[121.7712,24.8649],[121.7734,24.8651],[121.7755,24.8651],[121.7757,24.866],[121.7752,24.8666],[121.7765,24.8688],[121.7773,24.8697],[121.7774,24.8708],[121.7791,24.8714],[121.782,24.8731],[121.7832,24.8742],[121.7845,24.8736],[121.7852,24.8741],[121.7846,24.8749],[121.7849,24.8756],[121.7842,24.8777],[121.7822,24.8792],[121.7824,24.8804],[121.7819,24.8824],[121.7823,24.8832],[121.7819,24.8846],[121.7822,24.8874],[121.7817,24.8894],[121.783,24.8904],[121.7842,24.8902],[121.7858,24.8908],[121.7856,24.8923],[121.7869,24.8929],[121.7882,24.8928],[121.79,24.8935],[121.7906,24.8946],[121.793,24.8962],[121.7931,24.897],[121.7921,24.8975],[121.7918,24.8995],[121.7925,24.9],[121.7936,24.8997],[121.7953,24.8998],[121.7971,24.9016],[121.7975,24.9011],[121.799,24.9009],[121.8001,24.9012],[121.8022,24.901],[121.8031,24.9017],[121.8043,24.9017],[121.8045,24.9012],[121.8058,24.9018],[121.8061,24.9025],[121.8073,24.9027],[121.8077,24.9032],[121.8086,24.9029],[121.8105,24.9037],[121.8105,24.9052],[121.8117,24.9065],[121.8134,24.9054],[121.8154,24.9047],[121.8164,24.9037],[121.8183,24.9027],[121.8198,24.9029],[121.8207,24.9037],[121.8224,24.9045],[121.826,24.9052],[121.827,24.9045],[121.8279,24.9053],[121.83,24.905],[121.8318,24.9049],[121.8334,24.9067],[121.8344,24.9068],[121.8366,24.9085],[121.838,24.9101],[121.8396,24.9127],[121.8418,24.9144],[121.8423,24.9151],[121.8433,24.9154],[121.8449,24.9172],[121.8456,24.9194],[121.8502,24.9225],[121.8508,24.9234],[121.8521,24.9237],[121.8536,24.9251],[121.854,24.9259],[121.8538,24.9279],[121.8522,24.9286],[121.8517,24.9292],[121.8505,24.9295],[121.8491,24.9303],[121.8494,24.9311],[121.8478,24.934],[121.8479,24.9353],[121.8466,24.9378],[121.8458,24.9383],[121.8424,24.9394],[121.8415,24.941],[121.8407,24.9412],[121.8398,24.9422],[121.839,24.9446],[121.8392,24.9463],[121.8407,24.9479],[121.8418,24.9513],[121.8413,24.9526],[121.8414,24.9542],[121.843,24.9552],[121.8435,24.9569],[121.8451,24.9577],[121.8455,24.9592],[121.8472,24.9604],[121.8488,24.96],[121.8504,24.9612],[121.8517,24.9599],[121.8526,24.9596],[121.854,24.96],[121.8543,24.9615],[121.855,24.9617],[121.8588,24.9634],[121.8612,24.9637],[121.8636,24.9621],[121.8652,24.9622],[121.8692,24.9615],[121.87,24.961],[121.8716,24.9607],[121.8723,24.9613],[121.8747,24.9617],[121.8762,24.9615],[121.878,24.9627],[121.8792,24.9627],[121.8823,24.9641],[121.8847,24.9644],[121.8876,24.9637],[121.8885,24.9632],[121.8894,24.9647],[121.8918,24.9651],[121.8961,24.9671],[121.8972,24.9671],[121.8994,24.9693],[121.8994,24.9703],[121.9003,24.9718],[121.902,24.9733],[121.9028,24.9744],[121.904,24.9747],[121.9054,24.9734],[121.9063,24.9744],[121.9068,24.9756],[121.9083,24.9759],[121.9101,24.9748],[121.9105,24.9749],[121.9108,24.9768],[121.9125,24.9783],[121.914,24.9786],[121.9148,24.9793],[121.9163,24.9795],[121.9173,24.9788],[121.9182,24.979],[121.9191,24.9787],[121.9209,24.9797],[121.9223,24.9786],[121.9243,24.9794],[121.9265,24.9797],[121.9268,24.9802],[121.9286,24.9797],[121.929,24.9804],[121.9306,24.981],[121.9322,24.9812],[121.9335,24.9809],[121.934,24.9815],[121.9345,24.9831],[121.9358,24.9834],[121.9376,24.9831],[121.9387,24.9849],[121.9406,24.9845],[121.941,24.9856],[121.943,24.9864],[121.9439,24.9879],[121.9448,24.9882],[121.9458,24.9878],[121.9463,24.987],[121.9479,24.9867],[121.9487,24.987],[121.9504,24.9883],[121.9532,24.988],[121.9536,24.9883],[121.9555,24.9883],[121.9568,24.988],[121.9582,24.9873],[121.9598,24.9884],[121.9611,24.9883],[121.9628,24.9878],[121.9641,24.9856],[121.9647,24.9851],[121.966,24.9831],[121.9643,24.9822]]],[[[121.9607,24.8437],[121.9603,24.843],[121.9628,24.8411],[121.9645,24.8409],[121.9649,24.8405],[121.9651,24.839],[121.9645,24.8378],[121.9629,24.8359],[121.9615,24.8353],[121.9571,24.8368],[121.9544,24.8362],[121.9527,24.8365],[121.951,24.8358],[121.949,24.8359],[121.948,24.8353],[121.9457,24.8355],[121.9436,24.8363],[121.9402,24.8386],[121.9395,24.8405],[121.9383,24.8423],[121.936,24.8437],[121.9343,24.8456],[121.9344,24.8467],[121.9361,24.847],[121.9399,24.845],[121.9417,24.8443],[121.9433,24.8446],[121.9443,24.846],[121.9461,24.8495],[121.9475,24.8512],[121.9495,24.8518],[121.9531,24.8514],[121.9537,24.851],[121.9562,24.8506],[121.9581,24.8494],[121.9598,24.847],[121.9597,24.8449],[121.9607,24.8437]]]]}},{"type":"Feature","properties":{"name":"花蓮縣","nameEn":"Hualien County","code":"10015"},"geometry":{"type":"MultiPolygon","coordinates":[[[[121.7738,24.3124],[121.7733,24.3107],[121.773,24.3088],[121.7721,24.3071],[121.7699,24.3038],[121.7695,24.3027],[121.7665,24.2999],[121.7632,24.2974],[121.7612,24.2958],[121.76,24.2944],[121.7536,24.2882],[121.751,24.285],[121.7482,24.2799],[121.7473,24.2775],[121.7468,24.2752],[121.7462,24.2711],[121.7441,24.2613],[121.7435,24.2601],[121.7423,24.259],[121.7406,24.258],[121.7382,24.2559],[121.7352,24.2524],[121.7334,24.2505],[121.7323,24.2497],[121.7311,24.2481],[121.7301,24.2478],[121.7283,24.2457],[121.7268,24.2454],[121.7246,24.2443],[121.7219,24.2436],[121.7207,24.244],[121.7194,24.2438],[121.717,24.2428],[121.7156,24.2417],[121.7132,24.2389],[121.7113,24.236],[121.7091,24.2321],[121.7061,24.2256],[121.7053,24.225],[121.7029,24.2239],[121.7013,24.2227],[121.6992,24.2221],[121.6972,24.2209],[121.6963,24.2207],[121.694,24.2191],[121.6917,24.217],[121.6899,24.2165],[121.6861,24.213],[121.6849,24.2122],[121.6837,24.2121],[121.6778,24.2089],[121.6739,24.2076],[121.6722,24.2058],[121.671,24.2038],[121.6694,24.2006],[121.668,24.199],[121.6661,24.1978],[121.6633,24.1941],[121.6618,24.1893],[121.6605,24.1864],[121.6598,24.1841],[121.6587,24.1791],[121.6585,24.1719],[121.6586,24.1695],[121.6591,24.1664],[121.6604,24.1624],[121.6622,24.1588],[121.6642,24.1554],[121.6645,24.1481],[121.6647,24.1437],[121.6651,24.1405],[121.6638,24.1345],[121.6623,24.1317],[121.6601,24.1295],[121.6582,24.1268],[121.6551,24.1215],[121.6537,24.12],[121.6509,24.1176],[121.6451,24.1138],[121.6428,24.1127],[121.6355,24.1087],[121.6337,24.1076],[121.6303,24.1047],[121.6284,24.1027],[121.6255,24.0991],[121.6222,24.0938],[121.621,24.0933],[121.6191,24.0896],[121.6193,24.088],[121.6184,24.0862],[121.6174,24.0834],[121.6167,24.0798],[121.6162,24.0786],[121.6158,24.0744],[121.6157,24.0709],[121.6162,24.0637],[121.6165,24.0615],[121.618,24.0565],[121.6183,24.056],[121.6189,24.0531],[121.6198,24.0506],[121.6207,24.0489],[121.6207,24.0484],[121.6228,24.044],[121.6239,24.0418],[121.6256,24.0383],[121.6285,24.0332],[121.6305,24.0303],[121.6329,24.0275],[121.6365,24.0239],[121.6421,24.0205],[121.6437,24.0194],[121.6462,24.014],[121.6471,24.0109],[121.6479,24.0089],[121.6475,24.007],[121.6457,24.0044],[121.6449,24.0038],[121.6439,24.0017],[121.6431,23.9996],[121.6417,23.9974],[121.6421,23.9998],[121.6414,23.999],[121.6405,23.9969],[121.6396,23.9954],[121.6348,23.9846],[121.635,23.9798],[121.6283,23.9695],[121.6266,23.9738],[121.6246,23.9762],[121.6222,23.9779],[121.6191,23.9762],[121.6158,23.9732],[121.6148,23.971],[121.6123,23.9666],[121.6087,23.9617],[121.6079,23.9602],[121.6072,23.9568],[121.6069,23.9528],[121.6074,23.9505],[121.608,23.9491],[121.6098,23.9479],[121.6091,23.947],[121.6092,23.9456],[121.6102,23.9431],[121.6106,23.941],[121.6109,23.9382],[121.6119,23.9333],[121.6116,23.9319],[121.61,23.9304],[121.6095,23.9285],[121.6092,23.9258],[121.6092,23.9239],[121.6078,23.9205],[121.6071,23.9198],[121.606,23.9159],[121.6059,23.9143],[121.6052,23.9108],[121.6049,23.9082],[121.6049,23.9041],[121.6057,23.8994],[121.605,23.8937],[121.6047,23.8927],[121.6041,23.8885],[121.6041,23.8874],[121.6033,23.8839],[121.6032,23.8824],[121.6026,23.8799],[121.6025,23.878],[121.6021,23.8768],[121.6018,23.8743],[121.6008,23.871],[121.6004,23.8686],[121.5998,23.8676],[121.5996,23.8637],[121.5982,23.857],[121.5971,23.8549],[121.5966,23.8522],[121.596,23.8504],[121.5949,23.8485],[121.5939,23.8446],[121.5925,23.8422],[121.5919,23.8406],[121.5896,23.8374],[121.5895,23.8366],[121.5882,23.8337],[121.5875,23.8314],[121.5859,23.8293],[121.5852,23.8275],[121.5852,23.8259],[121.5843,23.8236],[121.5834,23.8198],[121.5813,23.816],[121.5801,23.815],[121.5777,23.812],[121.5765,23.8109],[121.5756,23.8084],[121.5739,23.8042],[121.5735,23.8025],[121.5729,23.8004],[121.5724,23.7979],[121.5721,23.7912],[121.5714,23.7885],[121.5714,23.7857],[121.5708,23.7824],[121.5708,23.7768],[121.5711,23.7732],[121.5713,23.7661],[121.5721,23.7626],[121.5731,23.7624],[121.573,23.7599],[121.5725,23.7566],[121.5716,23.7558],[121.5718,23.7549],[121.5705,23.7523],[121.5698,23.7495],[121.5683,23.7469],[121.5675,23.7466],[121.5679,23.7448],[121.567,23.7426],[121.5657,23.7404],[121.564,23.7392],[121.5633,23.7374],[121.5632,23.7358],[121.5624,23.7352],[121.5611,23.7333],[121.5612,23.7327],[121.5601,23.7307],[121.56,23.7293],[121.5589,23.7288],[121.5579,23.7274],[121.5576,23.7263],[121.5565,23.7248],[121.5561,23.7251],[121.5537,23.7244],[121.5522,23.7227],[121.5516,23.7202],[121.5507,23.7186],[121.5499,23.7166],[121.5493,23.7118],[121.5499,23.7053],[121.5499,23.703],[121.5507,23.7004],[121.5513,23.6998],[121.5529,23.6994],[121.5534,23.6983],[121.5521,23.6958],[121.5517,23.6939],[121.5507,23.6924],[121.5505,23.6899],[121.5496,23.6862],[121.5488,23.6832],[121.5472,23.6796],[121.5462,23.6752],[121.5459,23.675],[121.5467,23.6736],[121.5466,23.672],[121.5456,23.67],[121.5453,23.6685],[121.5455,23.6659],[121.5454,23.6646],[121.5435,23.6625],[121.5417,23.6619],[121.541,23.6605],[121.5417,23.6586],[121.5438,23.656],[121.5439,23.6554],[121.5434,23.6533],[121.5428,23.6526],[121.5399,23.6516],[121.5395,23.6509],[121.5373,23.6486],[121.5359,23.6456],[121.5353,23.6437],[121.5352,23.6421],[121.5345,23.6395],[121.5335,23.6344],[121.533,23.6332],[121.5321,23.6296],[121.5312,23.6265],[121.531,23.6239],[121.531,23.6184],[121.5304,23.6137],[121.53,23.61],[121.5298,23.6091],[121.5301,23.6052],[121.53,23.6031],[121.5305,23.6018],[121.5295,23.5978],[121.5301,23.5972],[121.53,23.5961],[121.529,23.5928],[121.5277,23.5877],[121.5271,23.5864],[121.5271,23.5855],[121.5261,23.5824],[121.526,23.5814],[121.5266,23.5783],[121.5263,23.5764],[121.5243,23.5737],[121.5231,23.5716],[121.5223,23.5692],[121.522,23.5671],[121.5201,23.5655],[121.5186,23.5635],[121.5169,23.5601],[121.5136,23.5555],[121.512,23.5529],[121.5113,23.5515],[121.5109,23.5489],[121.5102,23.5474],[121.5095,23.5434],[121.5086,23.5411],[121.5084,23.5387],[121.5081,23.5372],[121.5073,23.536],[121.507,23.5342],[121.5079,23.5332],[121.508,23.5315],[121.5054,23.5294],[121.5054,23.5281],[121.5044,23.523],[121.5035,23.5202],[121.5035,23.519],[121.5039,23.5179],[121.5036,23.5174],[121.5049,23.5144],[121.5048,23.513],[121.5054,23.5113],[121.5049,23.5102],[121.5053,23.5093],[121.5044,23.5084],[121.5045,23.5071],[121.505,23.5069],[121.505,23.5055],[121.506,23.5055],[121.5065,23.5018],[121.5063,23.5002],[121.5067,23.4981],[121.507,23.4949],[121.5077,23.4923],[121.5077,23.4912],[121.5102,23.4924],[121.5117,23.4922],[121.5128,23.4913],[121.5138,23.4884],[121.514,23.4872],[121.5131,23.4868],[121.5127,23.4854],[121.5126,23.4824],[121.5122,23.4817],[121.5097,23.4794],[121.5091,23.4775],[121.5081,23.4717],[121.5055,23.4702],[121.5041,23.4685],[121.5028,23.4648],[121.5018,23.4602],[121.4998,23.4562],[121.4993,23.4532],[121.4994,23.4524],[121.4986,23.4498],[121.4979,23.447],[121.4974,23.4425],[121.497,23.4409],[121.4963,23.4359],[121.4961,23.4348],[121.4941,23.4353],[121.4938,23.4349],[121.4921,23.4344],[121.4911,23.4353],[121.4903,23.4352],[121.4891,23.4342],[121.487,23.4336],[121.4862,23.4325],[121.4856,23.4324],[121.4847,23.431],[121.4837,23.4303],[121.4824,23.4302],[121.4797,23.4312],[121.4776,23.4349],[121.476,23.4363],[121.4749,23.4378],[121.4743,23.4395],[121.4733,23.4406],[121.4706,23.4408],[121.4697,23.4403],[121.4666,23.4397],[121.4639,23.4395],[121.4634,23.4389],[121.462,23.4396],[121.4617,23.4415],[121.4602,23.4416],[121.4576,23.4422],[121.4567,23.4422],[121.4551,23.4411],[121.4523,23.4418],[121.4508,23.4432],[121.4482,23.4429],[121.4474,23.4438],[121.446,23.4435],[121.4443,23.4409],[121.4441,23.4385],[121.4424,23.4372],[121.4413,23.4352],[121.4411,23.4341],[121.4395,23.4327],[121.4383,23.4333],[121.4369,23.4329],[121.4351,23.4332],[121.4334,23.4329],[121.4331,23.4317],[121.4307,23.4306],[121.4289,23.4294],[121.4256,23.4262],[121.4257,23.4249],[121.4229,23.423],[121.4209,23.4209],[121.4203,23.4207],[121.4196,23.4194],[121.42,23.4169],[121.4183,23.4156],[121.4185,23.4139],[121.4172,23.4126],[121.4176,23.412],[121.4163,23.4102],[121.4157,23.4082],[121.4132,23.4052],[121.4126,23.4036],[121.4125,23.4023],[121.4119,23.4019],[121.4105,23.399],[121.4091,23.3969],[121.408,23.3961],[121.4074,23.3947],[121.4056,23.3922],[121.4037,23.3904],[121.4036,23.3894],[121.4016,23.3888],[121.4,23.3865],[121.4,23.3852],[121.401,23.3829],[121.4018,23.3803],[121.4026,23.3791],[121.4036,23.3758],[121.4035,23.3745],[121.4042,23.371],[121.4048,23.3693],[121.4043,23.3676],[121.4061,23.3655],[121.4083,23.3645],[121.4101,23.3649],[121.411,23.3643],[121.4132,23.3638],[121.416,23.3617],[121.4172,23.3617],[121.418,23.3606],[121.4228,23.36],[121.423,23.3593],[121.4226,23.3581],[121.4226,23.3559],[121.4222,23.355],[121.4205,23.3537],[121.4196,23.3533],[121.4183,23.3522],[121.4168,23.3499],[121.4168,23.3495],[121.415,23.3485],[121.414,23.3475],[121.4114,23.3468],[121.4098,23.3459],[121.4083,23.3425],[121.4069,23.3414],[121.4067,23.34],[121.406,23.3391],[121.4049,23.3382],[121.4032,23.3363],[121.4021,23.3339],[121.4019,23.3326],[121.4012,23.3317],[121.4007,23.3286],[121.3996,23.3264],[121.3997,23.3243],[121.3999,23.3232],[121.3995,23.3231],[121.3977,23.3217],[121.3921,23.3217],[121.3902,23.3206],[121.3903,23.3176],[121.3901,23.3159],[121.389,23.3147],[121.3891,23.3137],[121.3879,23.312],[121.3878,23.3106],[121.3856,23.3089],[121.3842,23.3084],[121.3829,23.307],[121.3822,23.3056],[121.3805,23.3043],[121.3795,23.3028],[121.3778,23.3007],[121.3782,23.2994],[121.3763,23.2958],[121.377,23.293],[121.3772,23.2913],[121.3765,23.289],[121.3773,23.2875],[121.3771,23.2834],[121.3769,23.2821],[121.3774,23.28],[121.3782,23.2776],[121.3786,23.2745],[121.3785,23.2732],[121.3777,23.2709],[121.3779,23.2696],[121.3755,23.2694],[121.3738,23.2689],[121.3723,23.2678],[121.3716,23.2668],[121.3716,23.2654],[121.3711,23.2631],[121.3704,23.262],[121.3683,23.2612],[121.3669,23.2602],[121.3658,23.258],[121.3645,23.258],[121.3629,23.2568],[121.3614,23.2536],[121.3595,23.2528],[121.359,23.2508],[121.3592,23.2491],[121.3608,23.2482],[121.3615,23.2469],[121.3609,23.2444],[121.3595,23.2421],[121.3578,23.2406],[121.3578,23.2383],[121.3551,23.2347],[121.3535,23.2334],[121.3526,23.2313],[121.3526,23.2303],[121.3532,23.2291],[121.3542,23.2286],[121.3545,23.2276],[121.3542,23.2265],[121.3544,23.2255],[121.356,23.2239],[121.3572,23.2238],[121.3546,23.2217],[121.3533,23.22],[121.3517,23.2202],[121.35,23.2179],[121.3487,23.2173],[121.3466,23.2172],[121.3466,23.2163],[121.3461,23.2153],[121.3457,23.2136],[121.3461,23.2116],[121.3468,23.2109],[121.3469,23.2092],[121.3452,23.2081],[121.3437,23.204],[121.3433,23.2022],[121.3436,23.2007],[121.343,23.2002],[121.3432,23.1986],[121.3425,23.1978],[121.3421,23.1958],[121.3413,23.1949],[121.34,23.1941],[121.339,23.1923],[121.3391,23.1916],[121.3383,23.1907],[121.3383,23.1896],[121.3376,23.1886],[121.3379,23.1853],[121.3373,23.1851],[121.3364,23.1838],[121.3368,23.1826],[121.3353,23.1813],[121.3354,23.1792],[121.3349,23.1779],[121.3331,23.1781],[121.3324,23.1789],[121.3312,23.1789],[121.3297,23.1804],[121.3284,23.1793],[121.3256,23.1793],[121.3238,23.1784],[121.3239,23.1748],[121.322,23.1724],[121.3219,23.1695],[121.3208,23.1688],[121.3187,23.1683],[121.3179,23.1659],[121.3173,23.1652],[121.3175,23.1644],[121.3196,23.1614],[121.3204,23.1599],[121.3213,23.1593],[121.3222,23.1568],[121.3223,23.1551],[121.3236,23.1551],[121.325,23.1544],[121.3272,23.1522],[121.3258,23.1509],[121.3244,23.149],[121.3245,23.1466],[121.3234,23.145],[121.3238,23.1433],[121.3229,23.1424],[121.3221,23.1396],[121.3208,23.1386],[121.3203,23.1378],[121.3205,23.1361],[121.3221,23.1321],[121.3215,23.1297],[121.3218,23.1277],[121.3227,23.1253],[121.3229,23.1238],[121.3223,23.1215],[121.3226,23.1199],[121.3219,23.1183],[121.322,23.1172],[121.3199,23.1143],[121.3196,23.1137],[121.316,23.1105],[121.3157,23.1097],[121.3148,23.1104],[121.3124,23.111],[121.3087,23.1112],[121.3034,23.1112],[121.3013,23.1098],[121.3,23.1093],[121.2979,23.11],[121.2969,23.1093],[121.2959,23.1098],[121.294,23.1099],[121.2914,23.1094],[121.2896,23.1078],[121.2888,23.1077],[121.2873,23.1067],[121.2858,23.1069],[121.2844,23.1066],[121.2829,23.1038],[121.2811,23.1041],[121.2794,23.1024],[121.2786,23.1011],[121.2769,23.1001],[121.2747,23.0985],[121.2724,23.0979],[121.271,23.1009],[121.2694,23.102],[121.2643,23.1039],[121.2655,23.106],[121.2662,23.1067],[121.2665,23.108],[121.2674,23.1094],[121.2677,23.1122],[121.2671,23.1143],[121.2652,23.1148],[121.2642,23.1155],[121.2645,23.117],[121.2638,23.1181],[121.2619,23.1191],[121.2596,23.121],[121.259,23.1235],[121.2582,23.1244],[121.2578,23.126],[121.2541,23.1282],[121.2494,23.1314],[121.2483,23.1296],[121.2468,23.1293],[121.245,23.1284],[121.2423,23.128],[121.2401,23.1287],[121.2385,23.1287],[121.2377,23.1302],[121.2363,23.1315],[121.2346,23.1334],[121.2332,23.1366],[121.231,23.1392],[121.2291,23.1397],[121.2251,23.1399],[121.2202,23.142],[121.2168,23.143],[121.2146,23.1439],[121.212,23.1442],[121.2121,23.1452],[121.2106,23.1481],[121.2118,23.1537],[121.2125,23.1547],[121.2112,23.1573],[121.211,23.1584],[121.2103,23.1599],[121.2072,23.1621],[121.2061,23.1634],[121.2056,23.1648],[121.2057,23.1667],[121.2036,23.1688],[121.2017,23.1714],[121.2007,23.1732],[121.1992,23.1751],[121.1992,23.1761],[121.1997,23.1779],[121.1993,23.1794],[121.1991,23.1826],[121.1983,23.1843],[121.1979,23.186],[121.1983,23.1884],[121.1944,23.1925],[121.1929,23.1963],[121.1919,23.1984],[121.1919,23.1992],[121.1909,23.2023],[121.1895,23.2037],[121.1876,23.2041],[121.1865,23.2048],[121.1844,23.2049],[121.1838,23.2055],[121.1809,23.2072],[121.1794,23.2086],[121.1756,23.2102],[121.1741,23.2095],[121.1731,23.2087],[121.1697,23.2071],[121.169,23.2076],[121.1669,23.2072],[121.1651,23.2071],[121.1637,23.2064],[121.1609,23.206],[121.1587,23.2037],[121.1561,23.2002],[121.1547,23.1991],[121.1532,23.1988],[121.1501,23.1986],[121.1489,23.1987],[121.1456,23.1995],[121.1428,23.2008],[121.1399,23.2015],[121.139,23.2028],[121.1381,23.2081],[121.1375,23.2089],[121.1352,23.2106],[121.1344,23.2114],[121.1341,23.2124],[121.1324,23.2155],[121.1323,23.2168],[121.1314,23.2198],[121.1307,23.2206],[121.1299,23.2228],[121.1294,23.2233],[121.1265,23.2246],[121.1244,23.225],[121.1209,23.225],[121.1195,23.2245],[121.1155,23.225],[121.1089,23.2235],[121.1056,23.2242],[121.1043,23.2264],[121.1033,23.2271],[121.1018,23.2271],[121.1009,23.2276],[121.0989,23.2281],[121.0964,23.2296],[121.095,23.2312],[121.0939,23.2332],[121.0924,23.2339],[121.0883,23.2336],[121.0865,23.2339],[121.0852,23.2333],[121.0836,23.233],[121.0809,23.2338],[121.0794,23.2326],[121.0782,23.2336],[121.078,23.2344],[121.0785,23.2374],[121.0773,23.2388],[121.0759,23.2418],[121.0743,23.2436],[121.074,23.2444],[121.0719,23.2458],[121.0712,23.2466],[121.07,23.2488],[121.0699,23.25],[121.0701,23.252],[121.0692,23.2552],[121.0672,23.2569],[121.0662,23.2573],[121.0658,23.2587],[121.065,23.2593],[121.0645,23.2607],[121.0648,23.2612],[121.0642,23.2631],[121.0624,23.2658],[121.0618,23.268],[121.0629,23.2687],[121.062,23.2694],[121.0615,23.271],[121.0617,23.272],[121.0607,23.2729],[121.061,23.2736],[121.0607,23.2766],[121.0619,23.2786],[121.0621,23.2794],[121.0599,23.2833],[121.06,23.2841],[121.0594,23.2852],[121.0594,23.2862],[121.0575,23.2874],[121.0563,23.2903],[121.0547,23.2911],[121.0534,23.2912],[121.051,23.2924],[121.0483,23.2947],[121.0459,23.2958],[121.0431,23.2963],[121.0416,23.2975],[121.0399,23.2998],[121.0389,23.3007],[121.0367,23.2998],[121.035,23.2998],[121.0341,23.2995],[121.0322,23.2984],[121.0283,23.2971],[121.0299,23.2984],[121.0314,23.3004],[121.032,23.3026],[121.0319,23.3037],[121.0343,23.3042],[121.0362,23.3038],[121.0405,23.3061],[121.0417,23.307],[121.0442,23.3075],[121.0458,23.3082],[121.0464,23.3091],[121.0464,23.3103],[121.0469,23.3121],[121.0478,23.313],[121.0481,23.3146],[121.0478,23.3169],[121.0472,23.32],[121.0488,23.3229],[121.049,23.3247],[121.0482,23.3259],[121.0456,23.3275],[121.0436,23.3281],[121.0418,23.328],[121.0394,23.3291],[121.039,23.3297],[121.0379,23.3321],[121.0365,23.3335],[121.0349,23.3339],[121.0328,23.3339],[121.0322,23.3345],[121.0315,23.3364],[121.03,23.3373],[121.0282,23.3372],[121.027,23.3376],[121.0247,23.3399],[121.0233,23.3434],[121.0224,23.3461],[121.0223,23.3483],[121.0207,23.3495],[121.02,23.3504],[121.0183,23.3502],[121.0175,23.3481],[121.0152,23.3463],[121.0117,23.3458],[121.0101,23.3459],[121.0088,23.3471],[121.0075,23.3492],[121.008,23.3504],[121.0076,23.352],[121.0033,23.3545],[121.0029,23.355],[121.0001,23.3565],[120.9988,23.3568],[120.9947,23.3564],[120.9922,23.3572],[120.9912,23.3572],[120.989,23.3583],[120.9871,23.3587],[120.987,23.3609],[120.9866,23.3634],[120.9868,23.3658],[120.9881,23.3707],[120.9901,23.3709],[120.9912,23.3714],[120.9923,23.373],[120.9924,23.3737],[120.9939,23.3759],[120.9968,23.3787],[120.9976,23.38],[120.9993,23.3811],[121.0001,23.3824],[121.0029,23.3831],[121.0053,23.3834],[121.0069,23.384],[121.0077,23.3847],[121.0077,23.3867],[121.007,23.3873],[121.0048,23.3882],[121.0037,23.3889],[121.0011,23.3917],[121.0032,23.3948],[121.005,23.396],[121.0064,23.3966],[121.008,23.3966],[121.0088,23.3955],[121.0105,23.3951],[121.0117,23.3959],[121.0146,23.3966],[121.0155,23.3971],[121.0167,23.3988],[121.0181,23.4001],[121.0191,23.4014],[121.0212,23.4007],[121.0215,23.4],[121.0226,23.4003],[121.026,23.4029],[121.0271,23.403],[121.0283,23.4038],[121.0281,23.4045],[121.0267,23.406],[121.0273,23.4081],[121.0274,23.4097],[121.0269,23.4118],[121.0271,23.4128],[121.0249,23.4146],[121.0263,23.4151],[121.0277,23.4163],[121.0284,23.4185],[121.0294,23.4202],[121.0295,23.4222],[121.0292,23.4228],[121.0274,23.4232],[121.026,23.4241],[121.0227,23.4248],[121.0223,23.4255],[121.0223,23.4274],[121.0211,23.4294],[121.0198,23.4297],[121.019,23.4303],[121.0173,23.4305],[121.0166,23.431],[121.0142,23.4309],[121.0129,23.4331],[121.0139,23.4338],[121.0145,23.435],[121.0153,23.4354],[121.0185,23.436],[121.0196,23.4364],[121.0211,23.4376],[121.0219,23.4389],[121.024,23.4392],[121.0265,23.4392],[121.0277,23.4402],[121.0287,23.4416],[121.0314,23.4422],[121.0327,23.443],[121.0338,23.4442],[121.0335,23.4454],[121.035,23.4461],[121.0375,23.4465],[121.0393,23.4476],[121.0408,23.4482],[121.044,23.449],[121.0465,23.4509],[121.0496,23.4509],[121.0516,23.4508],[121.0521,23.451],[121.0533,23.4535],[121.0532,23.4554],[121.0557,23.459],[121.0581,23.46],[121.059,23.4619],[121.0576,23.4624],[121.0557,23.4627],[121.0541,23.4638],[121.0518,23.4641],[121.0511,23.4645],[121.0498,23.4671],[121.0497,23.4678],[121.0463,23.4692],[121.0444,23.4701],[121.0436,23.4711],[121.0425,23.472],[121.039,23.4737],[121.039,23.4744],[121.0416,23.4769],[121.0431,23.478],[121.045,23.4805],[121.0469,23.4814],[121.0476,23.4823],[121.0487,23.4827],[121.0497,23.4851],[121.0501,23.4865],[121.0533,23.4875],[121.0541,23.4899],[121.0528,23.4936],[121.0541,23.4956],[121.0549,23.4961],[121.0572,23.4962],[121.0584,23.4974],[121.0621,23.4994],[121.0629,23.5015],[121.063,23.5038],[121.0638,23.5047],[121.066,23.5061],[121.0661,23.508],[121.0669,23.51],[121.0679,23.512],[121.0688,23.5148],[121.0688,23.5168],[121.0685,23.5185],[121.0731,23.5175],[121.075,23.5174],[121.0787,23.5164],[121.0802,23.5155],[121.0814,23.5153],[121.0828,23.5147],[121.0857,23.5145],[121.0881,23.514],[121.0905,23.5146],[121.0916,23.5144],[121.0921,23.5148],[121.0931,23.5176],[121.0944,23.5186],[121.0959,23.5205],[121.0976,23.5217],[121.0984,23.5213],[121.101,23.5212],[121.1022,23.5197],[121.1037,23.5189],[121.1058,23.519],[121.1067,23.5194],[121.1096,23.519],[121.1155,23.5202],[121.1169,23.5215],[121.1181,23.5216],[121.1205,23.521],[121.1223,23.5198],[121.1264,23.517],[121.1283,23.5185],[121.1288,23.5185],[121.1311,23.5175],[121.1323,23.5151],[121.1329,23.5148],[121.1351,23.5149],[121.1356,23.5152],[121.1363,23.5173],[121.1383,23.5206],[121.1398,23.5219],[121.143,23.524],[121.1444,23.5256],[121.147,23.5272],[121.1481,23.5269],[121.1495,23.5271],[121.1506,23.5265],[121.1511,23.5273],[121.1508,23.5288],[121.1491,23.5316],[121.1469,23.5341],[121.1479,23.5354],[121.1483,23.5363],[121.1484,23.5392],[121.149,23.5403],[121.1501,23.5432],[121.151,23.5444],[121.1509,23.5458],[121.1496,23.5489],[121.149,23.5498],[121.1482,23.552],[121.1477,23.5529],[121.1462,23.5542],[121.1463,23.5549],[121.148,23.5566],[121.15,23.5573],[121.1512,23.5599],[121.152,23.5605],[121.1533,23.5599],[121.1555,23.56],[121.1571,23.5596],[121.1576,23.5609],[121.158,23.564],[121.1603,23.5678],[121.1604,23.5698],[121.1583,23.5698],[121.1571,23.5705],[121.1551,23.5709],[121.1534,23.5717],[121.1521,23.5732],[121.1519,23.5739],[121.1519,23.5769],[121.1522,23.5779],[121.152,23.579],[121.152,23.5813],[121.1524,23.5841],[121.1534,23.5868],[121.1556,23.5871],[121.1564,23.5864],[121.1582,23.5857],[121.1596,23.5863],[121.1605,23.587],[121.1624,23.5869],[121.1647,23.5872],[121.1667,23.5871],[121.1694,23.5866],[121.1704,23.5859],[121.1711,23.5844],[121.1754,23.5837],[121.1772,23.5826],[121.1788,23.5831],[121.1791,23.5852],[121.18,23.5875],[121.1798,23.5901],[121.181,23.5903],[121.1823,23.5912],[121.183,23.5927],[121.1836,23.5932],[121.1859,23.5937],[121.1871,23.5943],[121.1894,23.5948],[121.1898,23.5965],[121.1909,23.5979],[121.192,23.5986],[121.1937,23.6003],[121.1946,23.6005],[121.1968,23.5985],[121.1982,23.5978],[121.2001,23.5964],[121.2017,23.5968],[121.2028,23.5961],[121.2062,23.5958],[121.2068,23.5961],[121.2081,23.5982],[121.21,23.5986],[121.2131,23.6001],[121.214,23.6024],[121.2141,23.6037],[121.2147,23.6055],[121.2159,23.6073],[121.2164,23.6091],[121.2165,23.6107],[121.2171,23.6126],[121.2173,23.6147],[121.22,23.6169],[121.2209,23.6192],[121.2223,23.6215],[121.2238,23.6236],[121.2247,23.6268],[121.225,23.6288],[121.2248,23.6304],[121.224,23.6329],[121.2243,23.6391],[121.2252,23.6401],[121.2277,23.6452],[121.229,23.6464],[121.2302,23.648],[121.2305,23.6502],[121.2312,23.6514],[121.2307,23.6535],[121.2317,23.6552],[121.2319,23.6579],[121.2342,23.6605],[121.2354,23.6614],[121.2358,23.6625],[121.236,23.6647],[121.236,23.6705],[121.2346,23.6738],[121.2326,23.6763],[121.2327,23.6781],[121.2337,23.6793],[121.2343,23.681],[121.236,23.6823],[121.2374,23.6851],[121.2393,23.6867],[121.2395,23.6884],[121.2393,23.6919],[121.2394,23.6947],[121.2402,23.697],[121.2412,23.6985],[121.2394,23.6998],[121.2393,23.7002],[121.2404,23.7027],[121.2411,23.7058],[121.2412,23.709],[121.2398,23.7101],[121.2393,23.711],[121.2388,23.7129],[121.2389,23.7139],[121.2396,23.7154],[121.2393,23.717],[121.2378,23.7199],[121.2388,23.7232],[121.2394,23.7243],[121.2382,23.7241],[121.2362,23.7244],[121.2352,23.7253],[121.2348,23.7263],[121.2337,23.7276],[121.2332,23.73],[121.2323,23.7295],[121.231,23.7301],[121.2296,23.7302],[121.2299,23.7314],[121.2297,23.7332],[121.2287,23.7348],[121.2284,23.7365],[121.2289,23.7399],[121.229,23.7428],[121.2288,23.7443],[121.2301,23.7472],[121.2318,23.7478],[121.2331,23.748],[121.2333,23.7489],[121.2325,23.7506],[121.2307,23.751],[121.2293,23.7523],[121.2284,23.7519],[121.2269,23.7521],[121.2252,23.7518],[121.2232,23.7527],[121.2215,23.7527],[121.22,23.7542],[121.2186,23.7564],[121.2175,23.757],[121.2147,23.7571],[121.2132,23.7576],[121.2119,23.7601],[121.211,23.7611],[121.208,23.7619],[121.2065,23.7629],[121.208,23.7643],[121.2086,23.766],[121.2074,23.7665],[121.2066,23.7674],[121.2058,23.7695],[121.2053,23.7711],[121.2047,23.7724],[121.2056,23.7724],[121.2066,23.7734],[121.207,23.7751],[121.2092,23.776],[121.2117,23.7756],[121.2124,23.7758],[121.213,23.7769],[121.2153,23.7781],[121.2163,23.7788],[121.2183,23.7797],[121.2194,23.7816],[121.2207,23.7817],[121.2237,23.7824],[121.2263,23.7837],[121.2283,23.7852],[121.2305,23.7883],[121.2303,23.7903],[121.2287,23.7906],[121.2271,23.7913],[121.2264,23.7934],[121.2266,23.7961],[121.2255,23.7982],[121.2265,23.8044],[121.2279,23.8053],[121.2275,23.807],[121.2276,23.8086],[121.2293,23.8088],[121.2305,23.8102],[121.2321,23.8104],[121.2346,23.8122],[121.2347,23.8142],[121.2347,23.8175],[121.2361,23.8191],[121.2365,23.8199],[121.2381,23.8215],[121.2391,23.8218],[121.2369,23.8238],[121.2367,23.8252],[121.2373,23.8264],[121.2381,23.8302],[121.2377,23.8325],[121.2387,23.8349],[121.2393,23.8371],[121.2393,23.8401],[121.2398,23.8411],[121.2417,23.8429],[121.2435,23.845],[121.2441,23.8462],[121.2438,23.8475],[121.2445,23.8489],[121.2459,23.85],[121.2471,23.8505],[121.2489,23.8521],[121.2488,23.8539],[121.2494,23.8544],[121.2502,23.8566],[121.2499,23.8591],[121.2504,23.8608],[121.2521,23.8613],[121.253,23.8637],[121.2527,23.8654],[121.253,23.8679],[121.2536,23.8684],[121.2549,23.8685],[121.2569,23.8695],[121.258,23.8723],[121.2601,23.8727],[121.2617,23.8723],[121.2653,23.8729],[121.2645,23.8748],[121.2642,23.8766],[121.2636,23.8775],[121.2629,23.8795],[121.2634,23.8812],[121.2655,23.8831],[121.2683,23.8834],[121.2684,23.8849],[121.2678,23.8855],[121.2674,23.8872],[121.2674,23.889],[121.2655,23.8912],[121.2655,23.8924],[121.266,23.8942],[121.2652,23.8964],[121.2654,23.8973],[121.2665,23.8984],[121.266,23.8987],[121.2643,23.8986],[121.2623,23.8993],[121.2627,23.9001],[121.2618,23.9011],[121.2611,23.9026],[121.2629,23.9045],[121.2654,23.9061],[121.2663,23.9073],[121.2704,23.9065],[121.2749,23.9075],[121.2761,23.9101],[121.2754,23.9121],[121.2754,23.9147],[121.2762,23.9164],[121.2752,23.9174],[121.2751,23.9189],[121.2757,23.9202],[121.2759,23.9217],[121.2765,23.9232],[121.2763,23.9239],[121.2752,23.9248],[121.2743,23.927],[121.2734,23.9285],[121.2737,23.9293],[121.2746,23.93],[121.2748,23.9315],[121.2739,23.9331],[121.2737,23.9341],[121.2739,23.9362],[121.2721,23.9382],[121.2731,23.9396],[121.274,23.942],[121.2735,23.9437],[121.2743,23.9457],[121.2729,23.9466],[121.2718,23.9482],[121.2719,23.9488],[121.273,23.9496],[121.2747,23.9514],[121.2754,23.9535],[121.2758,23.9559],[121.2752,23.9582],[121.2752,23.9604],[121.2763,23.9634],[121.2778,23.9652],[121.2779,23.9658],[121.2756,23.9684],[121.2751,23.9719],[121.2739,23.9748],[121.2732,23.9754],[121.2699,23.9752],[121.2649,23.9754],[121.264,23.9763],[121.2632,23.9787],[121.2616,23.9812],[121.2613,23.9824],[121.2614,23.9848],[121.2611,23.9872],[121.2608,23.9886],[121.2601,23.9898],[121.2601,23.9923],[121.2613,23.9945],[121.2639,23.9977],[121.265,23.9995],[121.2654,24.001],[121.268,24.0038],[121.2682,24.0046],[121.2694,24.0063],[121.2701,24.0067],[121.2696,24.0079],[121.2703,24.0091],[121.2703,24.01],[121.2714,24.0114],[121.2718,24.0131],[121.2738,24.0152],[121.274,24.0163],[121.2763,24.0202],[121.2764,24.0229],[121.2766,24.0246],[121.2787,24.0268],[121.2802,24.0306],[121.2819,24.0321],[121.2823,24.0343],[121.2827,24.0352],[121.2842,24.0372],[121.2857,24.0397],[121.2855,24.0418],[121.2856,24.0452],[121.2849,24.047],[121.285,24.0482],[121.2846,24.0492],[121.2836,24.05],[121.2826,24.0513],[121.2832,24.0543],[121.2837,24.0549],[121.2846,24.0552],[121.2857,24.0564],[121.2865,24.058],[121.2878,24.0587],[121.2894,24.0589],[121.2905,24.0603],[121.2934,24.0616],[121.2955,24.0638],[121.2965,24.0629],[121.2989,24.0616],[121.2999,24.0622],[121.301,24.0637],[121.3014,24.065],[121.3023,24.0663],[121.3061,24.0695],[121.3064,24.0709],[121.3082,24.0733],[121.31,24.0748],[121.312,24.0757],[121.3144,24.0777],[121.3161,24.0785],[121.3184,24.0801],[121.3195,24.0815],[121.3208,24.0824],[121.3231,24.0849],[121.3233,24.0865],[121.3211,24.0889],[121.3201,24.0913],[121.3192,24.0928],[121.3189,24.0943],[121.3191,24.0954],[121.3223,24.0995],[121.324,24.1006],[121.3252,24.1018],[121.3258,24.103],[121.3258,24.1042],[121.3265,24.106],[121.3262,24.1074],[121.3269,24.1103],[121.3281,24.1115],[121.3284,24.1146],[121.3271,24.1147],[121.3253,24.1159],[121.3231,24.116],[121.3197,24.1166],[121.3159,24.1164],[121.3144,24.118],[121.3116,24.1202],[121.308,24.1224],[121.3053,24.1235],[121.3035,24.1246],[121.3015,24.1275],[121.2984,24.1304],[121.2967,24.1311],[121.2959,24.1324],[121.2908,24.1334],[121.2865,24.1345],[121.2848,24.1347],[121.2814,24.1359],[121.2818,24.1368],[121.2821,24.1397],[121.2828,24.1417],[121.2836,24.1433],[121.2842,24.1459],[121.2843,24.1487],[121.2847,24.152],[121.2845,24.1528],[121.2832,24.1538],[121.281,24.1545],[121.2807,24.1567],[121.2803,24.1579],[121.282,24.1582],[121.2848,24.1573],[121.2862,24.1571],[121.2878,24.1572],[121.2884,24.1583],[121.2879,24.1617],[121.288,24.1646],[121.2883,24.1662],[121.2877,24.1733],[121.2862,24.176],[121.2862,24.1774],[121.2881,24.1777],[121.2917,24.1771],[121.2948,24.1776],[121.2964,24.1783],[121.2988,24.1801],[121.3003,24.1799],[121.3056,24.18],[121.3076,24.1806],[121.311,24.1832],[121.3161,24.1855],[121.3174,24.1881],[121.3186,24.1892],[121.3205,24.1915],[121.3223,24.1915],[121.323,24.192],[121.3242,24.1947],[121.3258,24.1962],[121.3288,24.1966],[121.3307,24.1978],[121.3339,24.1983],[121.3358,24.1991],[121.3386,24.1992],[121.3409,24.1985],[121.3441,24.1993],[121.3448,24.1999],[121.3474,24.1999],[121.3492,24.1996],[121.3497,24.2002],[121.3492,24.2045],[121.3483,24.2073],[121.3493,24.2093],[121.3493,24.2106],[121.3479,24.2126],[121.3466,24.2154],[121.3463,24.2166],[121.3446,24.2196],[121.3433,24.2221],[121.343,24.2236],[121.3484,24.23],[121.349,24.2316],[121.3506,24.2331],[121.352,24.2341],[121.353,24.2364],[121.3532,24.2401],[121.3525,24.2432],[121.3526,24.2439],[121.3562,24.2446],[121.3585,24.2436],[121.3607,24.2439],[121.3617,24.2446],[121.3643,24.2471],[121.3661,24.2501],[121.3667,24.2519],[121.3672,24.2522],[121.3699,24.2525],[121.3716,24.2532],[121.3731,24.2541],[121.3766,24.253],[121.3784,24.2528],[121.3802,24.2533],[121.3838,24.255],[121.3851,24.2551],[121.3857,24.2568],[121.3858,24.2586],[121.3853,24.2605],[121.3852,24.2622],[121.3857,24.264],[121.3833,24.268],[121.3829,24.2695],[121.3828,24.2716],[121.3822,24.2762],[121.3805,24.2795],[121.3808,24.2801],[121.3823,24.2816],[121.3856,24.2834],[121.3872,24.2847],[121.3896,24.2873],[121.3906,24.2896],[121.3909,24.2897],[121.3935,24.2882],[121.3951,24.2881],[121.3966,24.2887],[121.3972,24.2905],[121.4,24.2937],[121.4028,24.2959],[121.4035,24.297],[121.4032,24.2977],[121.4046,24.3023],[121.405,24.3049],[121.4048,24.3076],[121.4054,24.3083],[121.4073,24.3081],[121.4099,24.3074],[121.4114,24.3073],[121.4156,24.3085],[121.4169,24.3092],[121.4181,24.3083],[121.4202,24.3076],[121.4218,24.3075],[121.4232,24.3082],[121.4261,24.314],[121.4285,24.3174],[121.4303,24.319],[121.4314,24.3202],[121.434,24.3211],[121.4349,24.3226],[121.4344,24.3257],[121.4334,24.3268],[121.4325,24.3296],[121.4327,24.3311],[121.4335,24.3348],[121.4336,24.3361],[121.4343,24.3383],[121.4357,24.3404],[121.4373,24.3416],[121.4377,24.3425],[121.4362,24.3452],[121.4356,24.3472],[121.4365,24.3484],[121.4378,24.3521],[121.4395,24.354],[121.4402,24.3553],[121.4406,24.3569],[121.4416,24.3586],[121.4475,24.3598],[121.4478,24.3615],[121.4487,24.3628],[121.452,24.3647],[121.4543,24.3636],[121.4566,24.3618],[121.4575,24.3609],[121.4588,24.36],[121.4613,24.3579],[121.4634,24.357],[121.465,24.3556],[121.4667,24.3548],[121.4691,24.3542],[121.4707,24.3534],[121.4732,24.3526],[121.4753,24.3513],[121.4789,24.3519],[121.4808,24.35],[121.4809,24.3493],[121.4825,24.3487],[121.4855,24.3484],[121.4867,24.3473],[121.4874,24.3461],[121.4889,24.3454],[121.4908,24.3441],[121.4922,24.3421],[121.494,24.3409],[121.4981,24.3392],[121.4996,24.3394],[121.5013,24.3411],[121.5028,24.3418],[121.5044,24.3429],[121.507,24.3432],[121.5081,24.3431],[121.5087,24.342],[121.5101,24.3411],[121.5126,24.3411],[121.5137,24.3408],[121.5155,24.3418],[121.5174,24.341],[121.5185,24.3412],[121.5204,24.3426],[121.5222,24.343],[121.5246,24.3426],[121.5256,24.342],[121.5278,24.3392],[121.5309,24.3386],[121.5333,24.3371],[121.5354,24.3374],[121.5367,24.3371],[121.5385,24.3361],[121.5405,24.3359],[121.5425,24.3371],[121.5447,24.3378],[121.5468,24.3372],[121.5486,24.3362],[121.5507,24.3342],[121.5537,24.3322],[121.5561,24.3312],[121.5572,24.3287],[121.5573,24.3275],[121.5577,24.326],[121.5588,24.3241],[121.5601,24.3226],[121.5633,24.3222],[121.5664,24.3192],[121.5674,24.3192],[121.5696,24.3179],[121.5718,24.3182],[121.5737,24.3194],[121.5759,24.3197],[121.5776,24.319],[121.5785,24.3181],[121.5805,24.3178],[121.5824,24.3178],[121.5843,24.3167],[121.5875,24.3161],[121.5885,24.3153],[121.5892,24.314],[121.5899,24.314],[121.5908,24.3149],[121.5926,24.3156],[121.5938,24.3164],[121.5972,24.3163],[121.5986,24.3156],[121.6012,24.3147],[121.6031,24.3132],[121.6051,24.3107],[121.6057,24.3095],[121.6065,24.3104],[121.607,24.3126],[121.6067,24.3137],[121.6051,24.3154],[121.6054,24.3166],[121.6046,24.3183],[121.6022,24.3196],[121.6011,24.3206],[121.601,24.3216],[121.6014,24.323],[121.601,24.3237],[121.5989,24.3253],[121.5986,24.3265],[121.5966,24.3281],[121.5959,24.3294],[121.5957,24.3315],[121.5968,24.3333],[121.5985,24.3337],[121.5995,24.3334],[121.6005,24.3311],[121.6031,24.3293],[121.604,24.329],[121.6054,24.3293],[121.6065,24.3301],[121.6063,24.3309],[121.6065,24.3327],[121.6076,24.3352],[121.6094,24.3353],[121.6113,24.336],[121.6132,24.3356],[121.6146,24.3338],[121.6157,24.3332],[121.6174,24.3336],[121.6184,24.3344],[121.6187,24.3357],[121.6183,24.3363],[121.6165,24.3369],[121.6161,24.3381],[121.6166,24.3407],[121.618,24.3446],[121.6188,24.3454],[121.6203,24.3453],[121.6206,24.3449],[121.6215,24.342],[121.6224,24.34],[121.6229,24.3394],[121.6251,24.3399],[121.6275,24.3411],[121.6281,24.3393],[121.6281,24.3386],[121.6267,24.3363],[121.6267,24.3356],[121.6279,24.3348],[121.6286,24.3337],[121.6294,24.3335],[121.632,24.3343],[121.633,24.335],[121.6327,24.3384],[121.633,24.3399],[121.6323,24.3416],[121.6317,24.342],[121.6313,24.3434],[121.6315,24.3443],[121.6325,24.3445],[121.634,24.3444],[121.6353,24.3448],[121.6359,24.3461],[121.6351,24.3484],[121.6332,24.3492],[121.6322,24.3492],[121.6309,24.3483],[121.6301,24.3484],[121.6293,24.3495],[121.6274,24.3494],[121.6268,24.3498],[121.6272,24.351],[121.6272,24.3528],[121.6269,24.3541],[121.6263,24.3548],[121.624,24.3557],[121.6223,24.3567],[121.6212,24.3581],[121.6215,24.3599],[121.6234,24.3616],[121.6234,24.3625],[121.6208,24.3625],[121.6204,24.363],[121.6207,24.3643],[121.6216,24.3655],[121.6217,24.3666],[121.6233,24.3672],[121.625,24.3686],[121.6267,24.3694],[121.628,24.3694],[121.631,24.3705],[121.6316,24.3703],[121.6317,24.3692],[121.6306,24.3676],[121.6309,24.3661],[121.6323,24.3659],[121.6348,24.3665],[121.6351,24.366],[121.6348,24.3644],[121.635,24.3637],[121.6373,24.3631],[121.6383,24.3623],[121.6387,24.3609],[121.6403,24.3596],[121.64,24.3583],[121.6406,24.357],[121.6423,24.3561],[121.6439,24.3535],[121.6451,24.3523],[121.6466,24.3519],[121.6489,24.3494],[121.6498,24.3492],[121.6505,24.3498],[121.6507,24.3509],[121.65,24.3549],[121.648,24.3567],[121.6482,24.3584],[121.6495,24.3597],[121.6507,24.3599],[121.6512,24.3594],[121.6519,24.3578],[121.6533,24.3566],[121.6538,24.3554],[121.6534,24.3532],[121.6539,24.3521],[121.6559,24.3532],[121.6575,24.3529],[121.6587,24.3513],[121.6602,24.3512],[121.6614,24.352],[121.6613,24.3529],[121.6625,24.3532],[121.6632,24.3528],[121.6634,24.3511],[121.6639,24.3492],[121.6648,24.3482],[121.6665,24.3475],[121.6676,24.3459],[121.6678,24.3448],[121.6693,24.343],[121.6701,24.3428],[121.6729,24.3438],[121.674,24.3434],[121.6741,24.3423],[121.6735,24.3398],[121.6744,24.3382],[121.6759,24.3375],[121.6783,24.3381],[121.684,24.3408],[121.6857,24.3407],[121.6868,24.3392],[121.6873,24.3367],[121.6873,24.3349],[121.6881,24.3338],[121.6895,24.3336],[121.6936,24.3349],[121.695,24.3349],[121.6973,24.3343],[121.6996,24.3326],[121.7027,24.3309],[121.7065,24.3291],[121.709,24.3284],[121.7131,24.327],[121.7143,24.3267],[121.7211,24.3259],[121.7235,24.3255],[121.7259,24.3259],[121.7278,24.326],[121.7298,24.3253],[121.7314,24.3245],[121.7352,24.3231],[121.7401,24.3236],[121.7447,24.3229],[121.7481,24.321],[121.7513,24.3188],[121.7537,24.3176],[121.7552,24.3163],[121.7573,24.3154],[121.7591,24.3142],[121.7617,24.314],[121.7657,24.3133],[121.7678,24.3134],[121.7701,24.3131],[121.7727,24.3136],[121.7741,24.3153],[121.7738,24.3124]]]]}},{"type":"Feature","properties":{"name":"臺東縣","nameEn":"Taitung County","code":"10014"},"geometry":{"type":"MultiPolygon","coordinates":[[[[121.4955,23.4329],[121.4948,23.4318],[121.4925,23.4268],[121.4897,23.4243],[121.4892,23.4233],[121.4879,23.4185],[121.4881,23.4179],[121.4873,23.4171],[121.4862,23.4138],[121.4862,23.4129],[121.4851,23.4125],[121.4841,23.4107],[121.4834,23.4058],[121.4835,23.4046],[121.484,23.4041],[121.4828,23.4037],[121.4818,23.4021],[121.4816,23.3983],[121.482,23.3973],[121.4808,23.3965],[121.4791,23.3962],[121.4782,23.3955],[121.4771,23.3933],[121.4768,23.3895],[121.4749,23.3866],[121.4749,23.385],[121.474,23.3804],[121.4739,23.3783],[121.4722,23.3715],[121.4722,23.3697],[121.4727,23.3673],[121.4737,23.3642],[121.473,23.3619],[121.4717,23.3597],[121.4708,23.3567],[121.4719,23.3558],[121.472,23.3532],[121.4722,23.3524],[121.4712,23.3512],[121.4699,23.3502],[121.4682,23.348],[121.4676,23.3456],[121.4677,23.3417],[121.4677,23.3366],[121.4681,23.3344],[121.4677,23.3319],[121.4665,23.3298],[121.4657,23.3253],[121.4657,23.3219],[121.4629,23.3178],[121.4625,23.3147],[121.462,23.3125],[121.4616,23.313],[121.4601,23.312],[121.459,23.3134],[121.4577,23.3138],[121.4553,23.3134],[121.454,23.3135],[121.4478,23.3096],[121.447,23.3089],[121.4477,23.3067],[121.4466,23.3049],[121.4453,23.3041],[121.4435,23.3039],[121.4424,23.3025],[121.4415,23.2999],[121.442,23.2983],[121.4417,23.2972],[121.4406,23.2977],[121.4392,23.2969],[121.4388,23.2962],[121.4382,23.2941],[121.4362,23.2925],[121.4343,23.2889],[121.4341,23.2879],[121.4335,23.2885],[121.4329,23.2881],[121.4319,23.2853],[121.4313,23.2851],[121.4297,23.2814],[121.4293,23.2789],[121.4286,23.2771],[121.4274,23.2727],[121.4271,23.2691],[121.4278,23.268],[121.4274,23.266],[121.4261,23.2648],[121.4241,23.2643],[121.4237,23.263],[121.4227,23.2619],[121.4219,23.2586],[121.4208,23.2576],[121.4211,23.2535],[121.4208,23.25],[121.4187,23.2469],[121.419,23.2453],[121.4177,23.2424],[121.417,23.2415],[121.4172,23.2402],[121.4169,23.2386],[121.4159,23.2363],[121.4149,23.2349],[121.4151,23.2302],[121.4155,23.2284],[121.4161,23.2275],[121.418,23.2283],[121.4203,23.2277],[121.4204,23.2263],[121.417,23.2225],[121.4172,23.2221],[121.4144,23.2197],[121.4127,23.2169],[121.4115,23.216],[121.4112,23.2151],[121.4102,23.2149],[121.4098,23.2135],[121.4093,23.214],[121.4088,23.2131],[121.4079,23.2129],[121.4068,23.2133],[121.4045,23.213],[121.4028,23.2122],[121.4017,23.211],[121.4005,23.209],[121.3999,23.2086],[121.3983,23.2082],[121.397,23.2051],[121.3962,23.2011],[121.3961,23.1992],[121.3965,23.1959],[121.3975,23.1929],[121.3979,23.1892],[121.3978,23.1884],[121.3984,23.1857],[121.3993,23.1831],[121.4006,23.1814],[121.4027,23.18],[121.4036,23.1787],[121.4039,23.1765],[121.4027,23.1742],[121.4029,23.1718],[121.4039,23.1711],[121.405,23.1712],[121.4068,23.1703],[121.4075,23.1685],[121.4078,23.1668],[121.4078,23.1642],[121.4076,23.1623],[121.4066,23.1589],[121.4052,23.1561],[121.405,23.1541],[121.4044,23.1534],[121.4031,23.1513],[121.4025,23.1508],[121.4016,23.1511],[121.4004,23.1507],[121.3993,23.1484],[121.4,23.147],[121.4008,23.1469],[121.4011,23.146],[121.401,23.142],[121.3999,23.1379],[121.3998,23.1351],[121.4008,23.1331],[121.4026,23.1303],[121.403,23.1287],[121.4042,23.1272],[121.4065,23.1257],[121.4112,23.124],[121.4137,23.1241],[121.4164,23.1268],[121.4182,23.127],[121.4209,23.1269],[121.4231,23.1278],[121.424,23.1275],[121.4246,23.1257],[121.4241,23.1249],[121.4223,23.1247],[121.4195,23.1235],[121.4185,23.1227],[121.4165,23.1233],[121.4154,23.1234],[121.4141,23.1227],[121.4131,23.1237],[121.4117,23.1233],[121.4115,23.1228],[121.4125,23.1224],[121.4116,23.1213],[121.41,23.12],[121.408,23.1177],[121.4076,23.1165],[121.407,23.1159],[121.4029,23.1138],[121.401,23.1135],[121.3986,23.114],[121.3975,23.1146],[121.3952,23.1134],[121.3937,23.1114],[121.3933,23.1105],[121.3916,23.1083],[121.3893,23.1066],[121.3886,23.1057],[121.3873,23.1054],[121.3877,23.1051],[121.3878,23.1034],[121.3871,23.1017],[121.3865,23.1022],[121.3853,23.1009],[121.3843,23.0985],[121.385,23.0976],[121.3846,23.0968],[121.3829,23.0955],[121.3769,23.096],[121.376,23.0959],[121.3751,23.0965],[121.3715,23.0963],[121.371,23.0958],[121.3683,23.0961],[121.3673,23.0965],[121.3661,23.0962],[121.3635,23.094],[121.3595,23.0889],[121.3578,23.0854],[121.358,23.0826],[121.3566,23.0816],[121.3551,23.0797],[121.3551,23.0788],[121.3561,23.0768],[121.3567,23.0738],[121.3552,23.0727],[121.3541,23.0714],[121.3528,23.0713],[121.3527,23.0702],[121.3508,23.0684],[121.3493,23.0667],[121.3481,23.0646],[121.3465,23.0589],[121.3461,23.0561],[121.3463,23.0529],[121.3457,23.051],[121.3444,23.0498],[121.3437,23.0483],[121.3437,23.0466],[121.3441,23.0464],[121.3433,23.0437],[121.3416,23.0424],[121.3408,23.0404],[121.3394,23.0361],[121.3396,23.0357],[121.3388,23.0341],[121.3383,23.0324],[121.3385,23.0318],[121.3382,23.0293],[121.3392,23.0291],[121.3395,23.028],[121.3392,23.0259],[121.3366,23.0252],[121.336,23.024],[121.3354,23.0239],[121.335,23.0228],[121.3352,23.0218],[121.3369,23.0209],[121.3372,23.0201],[121.3364,23.0193],[121.3344,23.0183],[121.3327,23.0179],[121.3304,23.017],[121.3287,23.0152],[121.3282,23.0112],[121.3274,23.0097],[121.3283,23.0092],[121.3264,23.0057],[121.325,23.0045],[121.3232,23.0049],[121.3227,23.0029],[121.3219,23.0018],[121.3216,23.0001],[121.3216,22.9972],[121.3238,22.9939],[121.3207,22.9897],[121.3197,22.9879],[121.3182,22.9845],[121.3165,22.9812],[121.3149,22.9785],[121.3137,22.9768],[121.3114,22.9749],[121.3108,22.9739],[121.3108,22.9729],[121.3091,22.9711],[121.3085,22.9709],[121.3073,22.9696],[121.3021,22.9628],[121.3011,22.9619],[121.2994,22.9596],[121.296,22.9567],[121.2952,22.9546],[121.2933,22.9536],[121.2937,22.9544],[121.292,22.9556],[121.2914,22.9555],[121.2895,22.9536],[121.2874,22.9528],[121.2866,22.9517],[121.2865,22.9507],[121.287,22.9499],[121.288,22.9504],[121.2881,22.9496],[121.2868,22.9488],[121.287,22.9497],[121.2859,22.9502],[121.2843,22.9496],[121.2826,22.9471],[121.2817,22.9452],[121.2798,22.9391],[121.2796,22.9377],[121.2788,22.9342],[121.2789,22.9316],[121.2782,22.9299],[121.2762,22.9275],[121.2749,22.9249],[121.2743,22.9226],[121.2728,22.9178],[121.2715,22.9153],[121.2687,22.9111],[121.2658,22.909],[121.2637,22.9081],[121.2622,22.9064],[121.2617,22.9045],[121.2604,22.9026],[121.2603,22.9013],[121.2599,22.9014],[121.2597,22.9],[121.2591,22.8983],[121.2577,22.8968],[121.2556,22.8952],[121.254,22.8916],[121.2518,22.8879],[121.251,22.8861],[121.2471,22.8813],[121.2455,22.8807],[121.2428,22.8805],[121.2399,22.8796],[121.2381,22.8774],[121.2372,22.8756],[121.237,22.8744],[121.2362,22.8738],[121.2352,22.871],[121.2351,22.8696],[121.2359,22.8688],[121.2361,22.8679],[121.2352,22.8665],[121.2341,22.8656],[121.2334,22.8645],[121.2321,22.8641],[121.2297,22.865],[121.2256,22.8671],[121.2236,22.8669],[121.2216,22.8656],[121.2202,22.865],[121.2174,22.8649],[121.2155,22.8641],[121.2124,22.8636],[121.2109,22.8632],[121.209,22.8631],[121.2072,22.8619],[121.2064,22.861],[121.2045,22.8602],[121.2047,22.8599],[121.2014,22.8571],[121.1998,22.8573],[121.1988,22.8567],[121.1973,22.8541],[121.1961,22.8534],[121.1928,22.8506],[121.1915,22.8497],[121.1911,22.8484],[121.1896,22.8469],[121.1893,22.8463],[121.1901,22.8441],[121.19,22.843],[121.1888,22.8391],[121.1888,22.8379],[121.1879,22.8354],[121.1864,22.8343],[121.1863,22.8329],[121.1875,22.8301],[121.1875,22.8293],[121.1885,22.828],[121.1908,22.8271],[121.1924,22.8256],[121.192,22.8249],[121.1922,22.8236],[121.1919,22.8227],[121.1936,22.8213],[121.1936,22.8185],[121.1941,22.8177],[121.1967,22.8157],[121.1977,22.8155],[121.1972,22.8147],[121.1981,22.8147],[121.1969,22.814],[121.1967,22.8126],[121.1975,22.8123],[121.1968,22.8115],[121.1971,22.8098],[121.1988,22.8067],[121.1996,22.8044],[121.1994,22.8037],[121.1999,22.8028],[121.1999,22.8006],[121.2009,22.7988],[121.2009,22.7957],[121.2,22.7946],[121.1987,22.795],[121.1981,22.7944],[121.1979,22.793],[121.1963,22.7927],[121.1953,22.7919],[121.1952,22.7905],[121.1942,22.79],[121.1927,22.7899],[121.1916,22.7908],[121.1879,22.7907],[121.1859,22.7889],[121.1833,22.7853],[121.1814,22.7829],[121.1809,22.7818],[121.1805,22.7794],[121.1802,22.7761],[121.1802,22.7713],[121.1794,22.7671],[121.1787,22.7646],[121.177,22.7601],[121.1762,22.7588],[121.1738,22.7561],[121.172,22.7548],[121.167,22.752],[121.166,22.7512],[121.1611,22.7497],[121.1568,22.7473],[121.1549,22.7455],[121.1519,22.742],[121.1502,22.7406],[121.1479,22.7382],[121.1471,22.7368],[121.1451,22.7344],[121.1433,22.7328],[121.1419,22.7319],[121.1396,22.7313],[121.1369,22.7291],[121.1332,22.7249],[121.132,22.7239],[121.1315,22.723],[121.1292,22.721],[121.1281,22.7194],[121.1257,22.7178],[121.1237,22.7162],[121.1206,22.7148],[121.1176,22.7141],[121.1112,22.7105],[121.1097,22.7094],[121.1081,22.7088],[121.1058,22.7074],[121.1011,22.7052],[121.0979,22.7049],[121.0961,22.7046],[121.0925,22.7034],[121.0887,22.7016],[121.0873,22.7008],[121.0849,22.6998],[121.0814,22.6982],[121.0771,22.6953],[121.0731,22.6918],[121.0708,22.6886],[121.0683,22.6865],[121.0672,22.6851],[121.0657,22.6836],[121.0649,22.6834],[121.0642,22.682],[121.0615,22.6806],[121.0596,22.6794],[121.0571,22.6772],[121.0554,22.6761],[121.0518,22.6749],[121.048,22.6732],[121.0456,22.6729],[121.0429,22.6719],[121.0393,22.6703],[121.0378,22.6693],[121.0353,22.6675],[121.032,22.6641],[121.0292,22.6609],[121.0257,22.6558],[121.0223,22.6492],[121.0218,22.6473],[121.0197,22.6423],[121.0172,22.6357],[121.0143,22.6254],[121.0139,22.623],[121.0126,22.6195],[121.0122,22.6157],[121.0118,22.6138],[121.0117,22.6098],[121.0113,22.6079],[121.0113,22.605],[121.0103,22.5994],[121.0103,22.5958],[121.0096,22.5921],[121.0096,22.591],[121.0092,22.589],[121.0083,22.5875],[121.0072,22.5862],[121.0037,22.5834],[121.0012,22.581],[120.998,22.5781],[120.9948,22.5761],[120.99,22.5733],[120.9882,22.5718],[120.9856,22.5695],[120.9837,22.567],[120.9811,22.5626],[120.9771,22.5541],[120.976,22.5509],[120.9757,22.5495],[120.9746,22.5468],[120.9712,22.5354],[120.9684,22.5269],[120.9671,22.5237],[120.9643,22.5168],[120.9621,22.512],[120.961,22.5087],[120.9599,22.5065],[120.9594,22.5048],[120.9588,22.5021],[120.9589,22.5011],[120.9566,22.4952],[120.9551,22.49],[120.9545,22.4869],[120.9545,22.4855],[120.9532,22.4818],[120.9522,22.4781],[120.9515,22.4763],[120.9499,22.4706],[120.9491,22.4667],[120.9467,22.4587],[120.9464,22.4569],[120.9456,22.4555],[120.9444,22.4519],[120.9432,22.4498],[120.9418,22.4466],[120.9392,22.4399],[120.9377,22.4356],[120.9343,22.4272],[120.9331,22.4232],[120.9324,22.4223],[120.9316,22.4204],[120.9288,22.4172],[120.9285,22.4162],[120.9269,22.413],[120.9252,22.409],[120.9236,22.4044],[120.9224,22.3999],[120.9221,22.3984],[120.9205,22.3948],[120.9189,22.393],[120.9168,22.3891],[120.9149,22.3849],[120.9134,22.3805],[120.912,22.3746],[120.9115,22.3721],[120.9103,22.3672],[120.9096,22.3635],[120.9088,22.3592],[120.907,22.3571],[120.9048,22.3555],[120.9039,22.3545],[120.9026,22.3525],[120.9014,22.3499],[120.9003,22.3468],[120.8987,22.3437],[120.8966,22.3373],[120.8957,22.3367],[120.8949,22.3347],[120.8941,22.33],[120.8933,22.3246],[120.893,22.3231],[120.8924,22.3181],[120.8923,22.3158],[120.8926,22.3146],[120.8922,22.314],[120.8922,22.312],[120.892,22.3061],[120.8917,22.3038],[120.8917,22.2993],[120.8916,22.2979],[120.8918,22.2941],[120.8917,22.2933],[120.8919,22.2897],[120.8918,22.2841],[120.8917,22.283],[120.892,22.2788],[120.8919,22.2775],[120.8927,22.2715],[120.8931,22.2667],[120.8933,22.2659],[120.8945,22.2651],[120.8953,22.2619],[120.8945,22.2609],[120.8946,22.2589],[120.8953,22.2576],[120.896,22.2527],[120.8959,22.251],[120.8963,22.2483],[120.8963,22.2464],[120.8922,22.2455],[120.8914,22.2443],[120.8887,22.2433],[120.8876,22.2424],[120.8859,22.242],[120.884,22.2406],[120.8829,22.239],[120.8825,22.2374],[120.8809,22.235],[120.8803,22.2347],[120.8795,22.2352],[120.8765,22.2348],[120.8759,22.2342],[120.8747,22.2342],[120.874,22.2336],[120.8715,22.2329],[120.8715,22.2319],[120.8708,22.2314],[120.8687,22.2313],[120.8675,22.23],[120.8667,22.2298],[120.865,22.2303],[120.8639,22.2311],[120.8625,22.231],[120.8623,22.2313],[120.864,22.2334],[120.8643,22.2343],[120.8635,22.2356],[120.8616,22.2375],[120.8592,22.2385],[120.8587,22.2392],[120.8587,22.2408],[120.8555,22.2415],[120.8543,22.2424],[120.8532,22.2425],[120.8508,22.2437],[120.8464,22.2435],[120.8449,22.2428],[120.8424,22.2435],[120.8413,22.2446],[120.8402,22.2443],[120.8398,22.2437],[120.8381,22.244],[120.8369,22.2451],[120.8359,22.2455],[120.8346,22.2454],[120.8325,22.2473],[120.8318,22.2488],[120.8315,22.2501],[120.8301,22.2518],[120.8294,22.2522],[120.8275,22.2549],[120.8267,22.2554],[120.8259,22.2566],[120.8229,22.2577],[120.8212,22.2587],[120.8187,22.2612],[120.8177,22.2614],[120.8165,22.2626],[120.8152,22.2633],[120.815,22.2625],[120.8139,22.2619],[120.8126,22.2621],[120.8094,22.2607],[120.808,22.2594],[120.8067,22.2598],[120.7997,22.2572],[120.7991,22.2572],[120.7979,22.2579],[120.7988,22.26],[120.799,22.2621],[120.7986,22.2636],[120.7996,22.265],[120.7985,22.266],[120.7973,22.2665],[120.7962,22.2679],[120.7963,22.2699],[120.7975,22.2724],[120.7981,22.2746],[120.7982,22.2765],[120.8001,22.2773],[120.8031,22.277],[120.8043,22.2774],[120.8049,22.2768],[120.8068,22.2772],[120.8071,22.2781],[120.8072,22.2803],[120.8064,22.2804],[120.8058,22.2813],[120.8061,22.2824],[120.8057,22.2838],[120.8035,22.2843],[120.8007,22.2842],[120.8003,22.2848],[120.799,22.2854],[120.796,22.2852],[120.7934,22.2857],[120.7926,22.287],[120.7911,22.2881],[120.7911,22.2906],[120.7899,22.2933],[120.7886,22.294],[120.7879,22.2938],[120.7868,22.2944],[120.7857,22.2943],[120.7816,22.2946],[120.7801,22.2956],[120.7797,22.2964],[120.7786,22.2969],[120.7777,22.298],[120.7768,22.3026],[120.7771,22.3039],[120.7778,22.3054],[120.7782,22.3085],[120.7819,22.3091],[120.7832,22.3095],[120.7864,22.3091],[120.7871,22.3092],[120.7889,22.3105],[120.7905,22.3113],[120.7924,22.3119],[120.793,22.3124],[120.7942,22.3147],[120.7959,22.3162],[120.7966,22.3172],[120.7968,22.3183],[120.7964,22.3199],[120.7955,22.3207],[120.7948,22.323],[120.7934,22.3236],[120.7934,22.3254],[120.7929,22.3263],[120.7925,22.3284],[120.7924,22.3307],[120.7928,22.3333],[120.7925,22.3356],[120.7904,22.337],[120.7892,22.3384],[120.7885,22.3416],[120.7876,22.3421],[120.7865,22.3421],[120.786,22.3427],[120.7851,22.3445],[120.7851,22.3455],[120.7833,22.3462],[120.7811,22.3464],[120.7791,22.3479],[120.7778,22.3481],[120.7758,22.3487],[120.775,22.3493],[120.7741,22.3485],[120.7717,22.3486],[120.7703,22.3478],[120.7679,22.3474],[120.7668,22.348],[120.7653,22.3495],[120.7636,22.3522],[120.7631,22.3539],[120.7628,22.3567],[120.7632,22.359],[120.761,22.3604],[120.7598,22.3603],[120.7584,22.3595],[120.7572,22.3596],[120.7557,22.3603],[120.7539,22.3602],[120.7524,22.3605],[120.7517,22.3615],[120.7504,22.3621],[120.7474,22.3641],[120.7454,22.3659],[120.7435,22.3673],[120.7442,22.3695],[120.7448,22.3702],[120.7475,22.3714],[120.7488,22.3732],[120.7491,22.3757],[120.7486,22.3804],[120.7505,22.3841],[120.7524,22.3858],[120.7546,22.3866],[120.7565,22.3884],[120.7555,22.3894],[120.7538,22.3906],[120.7524,22.3921],[120.7523,22.3939],[120.7538,22.3964],[120.7543,22.3968],[120.7563,22.3974],[120.7576,22.3981],[120.7561,22.401],[120.7555,22.403],[120.7534,22.4051],[120.7563,22.4047],[120.7581,22.4049],[120.7603,22.4062],[120.7632,22.4072],[120.7649,22.4089],[120.7662,22.409],[120.7683,22.4086],[120.7706,22.4069],[120.7734,22.4069],[120.7748,22.409],[120.7761,22.4097],[120.7773,22.4089],[120.7786,22.4093],[120.7804,22.4095],[120.783,22.4113],[120.7834,22.4126],[120.7846,22.4128],[120.7865,22.4149],[120.7867,22.4159],[120.7886,22.4173],[120.7896,22.4176],[120.7881,22.4199],[120.788,22.4209],[120.7871,22.423],[120.7869,22.4252],[120.7848,22.4281],[120.7847,22.4291],[120.7839,22.4302],[120.7828,22.4333],[120.7803,22.4371],[120.7787,22.4386],[120.7768,22.44],[120.7751,22.4433],[120.775,22.4443],[120.7757,22.4458],[120.7758,22.4472],[120.7764,22.4489],[120.7759,22.4503],[120.7719,22.4518],[120.7711,22.4518],[120.7687,22.4526],[120.7655,22.4529],[120.7627,22.4545],[120.7591,22.4573],[120.7582,22.4585],[120.7565,22.4574],[120.7542,22.4573],[120.7516,22.4584],[120.751,22.459],[120.7511,22.4599],[120.7518,22.4616],[120.7516,22.4638],[120.7517,22.4645],[120.753,22.4667],[120.753,22.4678],[120.7542,22.4694],[120.7546,22.4714],[120.7544,22.4724],[120.7531,22.4758],[120.752,22.478],[120.7508,22.4792],[120.7515,22.4797],[120.7549,22.4811],[120.7575,22.4818],[120.7582,22.4845],[120.7586,22.4884],[120.7604,22.4885],[120.7619,22.4893],[120.7638,22.4912],[120.7643,22.4954],[120.7636,22.4976],[120.7635,22.4989],[120.7627,22.5011],[120.7617,22.5026],[120.7589,22.5059],[120.7585,22.5073],[120.7575,22.5085],[120.7539,22.5108],[120.7535,22.5115],[120.7536,22.5131],[120.753,22.5167],[120.7531,22.518],[120.7525,22.5195],[120.7515,22.521],[120.7513,22.522],[120.7517,22.5253],[120.7501,22.5286],[120.7499,22.5294],[120.75,22.534],[120.7485,22.5362],[120.748,22.5384],[120.7457,22.5407],[120.744,22.5431],[120.7433,22.5445],[120.7409,22.5487],[120.7407,22.5497],[120.7395,22.5515],[120.739,22.5537],[120.7397,22.5566],[120.74,22.5592],[120.7396,22.5625],[120.7401,22.5642],[120.7412,22.5665],[120.7415,22.5687],[120.7423,22.5693],[120.7442,22.5696],[120.7468,22.5708],[120.7479,22.5711],[120.7488,22.5723],[120.7492,22.5756],[120.7491,22.5786],[120.7486,22.5803],[120.7475,22.5821],[120.7467,22.584],[120.7464,22.586],[120.7458,22.5883],[120.7458,22.5895],[120.7466,22.591],[120.749,22.5939],[120.7519,22.5967],[120.7544,22.6003],[120.7548,22.6016],[120.7541,22.6044],[120.7543,22.6062],[120.7541,22.6086],[120.7529,22.6121],[120.7537,22.6135],[120.7549,22.617],[120.7559,22.619],[120.7587,22.6238],[120.761,22.6258],[120.7615,22.6275],[120.7613,22.63],[120.7631,22.6311],[120.764,22.6333],[120.7677,22.6362],[120.7686,22.6383],[120.7693,22.6392],[120.7713,22.6412],[120.773,22.6442],[120.7738,22.6462],[120.7771,22.6505],[120.7798,22.6525],[120.7813,22.6545],[120.7829,22.657],[120.7837,22.6589],[120.7857,22.6612],[120.7863,22.663],[120.7862,22.6637],[120.7862,22.6682],[120.7864,22.6705],[120.7862,22.672],[120.7875,22.6736],[120.7886,22.6759],[120.7901,22.6771],[120.7916,22.6792],[120.7913,22.6804],[120.7902,22.6819],[120.7893,22.6838],[120.7895,22.6865],[120.7889,22.6879],[120.7877,22.6898],[120.7867,22.6927],[120.7877,22.6933],[120.7891,22.6933],[120.7923,22.6915],[120.7949,22.6909],[120.796,22.6904],[120.7968,22.6894],[120.7977,22.6891],[120.8057,22.689],[120.808,22.6892],[120.8093,22.6884],[120.8108,22.6916],[120.8114,22.692],[120.8133,22.6921],[120.8143,22.6918],[120.8163,22.6918],[120.8189,22.6909],[120.8194,22.6927],[120.8188,22.6941],[120.819,22.6948],[120.8199,22.6956],[120.8222,22.6959],[120.8243,22.6956],[120.826,22.6959],[120.8265,22.6967],[120.8287,22.6977],[120.8301,22.6976],[120.8312,22.6968],[120.835,22.6966],[120.8368,22.6971],[120.8377,22.6978],[120.8383,22.6991],[120.8379,22.7008],[120.838,22.7018],[120.8397,22.704],[120.8402,22.7067],[120.8422,22.7069],[120.8434,22.7076],[120.8425,22.7088],[120.8427,22.7102],[120.8442,22.7106],[120.8452,22.7123],[120.8479,22.7156],[120.8487,22.717],[120.8531,22.7169],[120.8551,22.7175],[120.8568,22.715],[120.8581,22.7137],[120.8586,22.7136],[120.8602,22.7157],[120.8614,22.7167],[120.8631,22.7166],[120.8672,22.7169],[120.8683,22.7167],[120.8691,22.7159],[120.8704,22.7162],[120.8727,22.717],[120.8755,22.7172],[120.8794,22.7161],[120.8835,22.7171],[120.8853,22.7192],[120.8873,22.7224],[120.8883,22.7267],[120.8894,22.7281],[120.891,22.7287],[120.8914,22.7294],[120.8924,22.7329],[120.8923,22.7352],[120.8928,22.736],[120.8947,22.7376],[120.8952,22.7406],[120.8956,22.7418],[120.8941,22.7433],[120.8942,22.7442],[120.8954,22.7482],[120.8941,22.7511],[120.8942,22.7522],[120.8956,22.7557],[120.8952,22.7576],[120.8944,22.7591],[120.895,22.7606],[120.8948,22.7626],[120.8941,22.7633],[120.8929,22.7637],[120.892,22.7636],[120.8931,22.7663],[120.8936,22.7668],[120.896,22.7679],[120.8986,22.7687],[120.8996,22.7688],[120.9003,22.7694],[120.9011,22.7721],[120.9032,22.7738],[120.9039,22.7758],[120.9032,22.7785],[120.9032,22.7805],[120.9042,22.7832],[120.9038,22.7846],[120.9026,22.7866],[120.9017,22.7875],[120.9024,22.7914],[120.9033,22.7937],[120.9029,22.7955],[120.903,22.7968],[120.9037,22.7982],[120.9033,22.7998],[120.9025,22.8013],[120.9017,22.8033],[120.9009,22.8043],[120.8993,22.8047],[120.8965,22.808],[120.8944,22.8085],[120.8925,22.8101],[120.8912,22.8116],[120.889,22.8118],[120.8879,22.8126],[120.8854,22.8133],[120.884,22.8134],[120.8831,22.8141],[120.8811,22.8145],[120.8778,22.8136],[120.8773,22.813],[120.8754,22.8144],[120.8747,22.8153],[120.8734,22.8153],[120.8717,22.8148],[120.8704,22.8159],[120.8686,22.8169],[120.8668,22.8197],[120.8658,22.8232],[120.8651,22.8248],[120.864,22.8256],[120.862,22.8261],[120.8617,22.827],[120.863,22.8297],[120.8646,22.8322],[120.8653,22.8361],[120.8646,22.8371],[120.864,22.8394],[120.8646,22.8419],[120.8646,22.8431],[120.8649,22.8453],[120.8656,22.8471],[120.8677,22.8496],[120.8683,22.8505],[120.8682,22.8513],[120.8666,22.8533],[120.8672,22.8547],[120.8693,22.8566],[120.8694,22.858],[120.8617,22.8614],[120.8592,22.8634],[120.8598,22.8641],[120.8622,22.8657],[120.8635,22.8661],[120.8642,22.8667],[120.8655,22.8697],[120.865,22.8712],[120.865,22.8722],[120.8625,22.8751],[120.8612,22.8761],[120.8597,22.8784],[120.8584,22.8783],[120.8552,22.8787],[120.8521,22.8781],[120.8479,22.8796],[120.842,22.8812],[120.8399,22.8826],[120.8388,22.8846],[120.8387,22.8877],[120.8382,22.8899],[120.8369,22.8915],[120.8352,22.8928],[120.8347,22.894],[120.8342,22.8962],[120.8332,22.8982],[120.8335,22.8998],[120.8321,22.901],[120.8306,22.9018],[120.8287,22.904],[120.8285,22.9052],[120.83,22.9095],[120.8308,22.9105],[120.8323,22.911],[120.8333,22.9123],[120.8326,22.9138],[120.8315,22.9196],[120.831,22.9202],[120.8292,22.9208],[120.8278,22.9256],[120.8266,22.9286],[120.8254,22.9298],[120.8247,22.9313],[120.8235,22.9332],[120.8219,22.935],[120.8222,22.9367],[120.8215,22.9389],[120.822,22.9432],[120.8218,22.9451],[120.8226,22.9482],[120.8233,22.9492],[120.8236,22.9505],[120.8248,22.9525],[120.8242,22.9539],[120.823,22.9549],[120.8228,22.9564],[120.8209,22.9609],[120.8209,22.9623],[120.8223,22.9637],[120.8222,22.9646],[120.825,22.9665],[120.8257,22.9673],[120.8278,22.9683],[120.8301,22.97],[120.8289,22.9735],[120.8293,22.9751],[120.8307,22.9758],[120.8316,22.9779],[120.8322,22.9801],[120.8329,22.9808],[120.8345,22.9808],[120.8358,22.9818],[120.8387,22.9827],[120.84,22.9836],[120.8412,22.984],[120.8417,22.985],[120.8419,22.9879],[120.8414,22.9899],[120.8422,22.9912],[120.8453,22.9924],[120.847,22.9929],[120.8477,22.994],[120.8486,22.9943],[120.8501,22.9964],[120.8508,22.9982],[120.8521,22.9999],[120.8522,23.0019],[120.852,23.0033],[120.851,23.005],[120.8538,23.0049],[120.8545,23.0054],[120.8563,23.0048],[120.8582,23.0051],[120.8607,23.0081],[120.8605,23.0105],[120.8613,23.0132],[120.8611,23.014],[120.8616,23.0167],[120.8614,23.0179],[120.8619,23.0189],[120.8617,23.0202],[120.862,23.0221],[120.8607,23.026],[120.8607,23.0279],[120.861,23.0294],[120.8616,23.0308],[120.8634,23.0323],[120.8643,23.0325],[120.8662,23.0323],[120.8701,23.0335],[120.8711,23.0341],[120.8726,23.0345],[120.8764,23.0342],[120.8781,23.0343],[120.8795,23.0347],[120.8801,23.0361],[120.8808,23.04],[120.8814,23.0419],[120.8813,23.0442],[120.8802,23.0457],[120.8797,23.0478],[120.8787,23.049],[120.8772,23.0496],[120.8745,23.0511],[120.8746,23.0521],[120.8737,23.0534],[120.8724,23.0545],[120.8716,23.0547],[120.87,23.0578],[120.8693,23.0599],[120.8705,23.0614],[120.8731,23.0659],[120.8742,23.067],[120.8753,23.0685],[120.876,23.0705],[120.8769,23.0757],[120.8781,23.0782],[120.879,23.0791],[120.8794,23.0799],[120.8805,23.0808],[120.8813,23.0821],[120.8826,23.0833],[120.8836,23.0866],[120.8851,23.0883],[120.8858,23.0896],[120.8856,23.0926],[120.8866,23.0949],[120.8878,23.0967],[120.8892,23.1005],[120.8881,23.1042],[120.8891,23.1071],[120.8894,23.1104],[120.8887,23.1116],[120.8875,23.1125],[120.8868,23.1136],[120.8863,23.1165],[120.8851,23.1185],[120.885,23.12],[120.8877,23.1218],[120.8878,23.1232],[120.8865,23.1262],[120.886,23.128],[120.8859,23.1295],[120.8863,23.1307],[120.8862,23.1319],[120.8879,23.1364],[120.8878,23.1371],[120.8866,23.1408],[120.8856,23.1446],[120.8836,23.1451],[120.8811,23.1465],[120.8795,23.1486],[120.8781,23.1496],[120.8766,23.1509],[120.8767,23.1516],[120.8794,23.1526],[120.8833,23.1534],[120.8865,23.1558],[120.887,23.1579],[120.8874,23.1582],[120.8906,23.1586],[120.892,23.1591],[120.895,23.1607],[120.8948,23.1626],[120.8956,23.1656],[120.8955,23.1685],[120.8959,23.1714],[120.8964,23.1723],[120.8983,23.1731],[120.8986,23.174],[120.8984,23.1763],[120.9002,23.1771],[120.9017,23.1786],[120.9059,23.1806],[120.9091,23.1798],[120.9099,23.1802],[120.9113,23.1828],[120.9115,23.1854],[120.9125,23.1868],[120.9109,23.1922],[120.9097,23.1935],[120.9081,23.1946],[120.9064,23.1967],[120.9057,23.1996],[120.9072,23.2011],[120.9065,23.2033],[120.9066,23.2054],[120.9076,23.2071],[120.9088,23.2077],[120.9105,23.2081],[120.9114,23.2089],[120.9117,23.2102],[120.9118,23.2132],[120.912,23.217],[120.9117,23.2209],[120.9121,23.2251],[120.9116,23.2272],[120.9118,23.2284],[120.9143,23.2325],[120.9155,23.2375],[120.916,23.2381],[120.9172,23.2383],[120.9178,23.2396],[120.9194,23.241],[120.9213,23.2411],[120.9217,23.2417],[120.9237,23.2418],[120.9261,23.2444],[120.9272,23.2446],[120.9296,23.2428],[120.9306,23.2425],[120.9317,23.2426],[120.934,23.2438],[120.9353,23.2439],[120.9379,23.2449],[120.9383,23.2475],[120.9396,23.2492],[120.9413,23.2519],[120.9459,23.2528],[120.9467,23.2531],[120.9477,23.2549],[120.949,23.2559],[120.9497,23.2577],[120.9511,23.2595],[120.9525,23.2605],[120.9536,23.2608],[120.9548,23.2622],[120.9574,23.2642],[120.9582,23.2654],[120.9591,23.2698],[120.9597,23.2708],[120.9619,23.2714],[120.9634,23.2721],[120.9647,23.2747],[120.9661,23.2766],[120.9677,23.2776],[120.9687,23.2779],[120.9703,23.2806],[120.9726,23.2822],[120.9737,23.2818],[120.9772,23.2819],[120.979,23.2823],[120.9809,23.2816],[120.9841,23.2811],[120.9861,23.2803],[120.9878,23.2808],[120.9904,23.2839],[120.9911,23.2842],[120.994,23.2844],[120.9955,23.2853],[120.9993,23.2869],[121.0014,23.2874],[121.0056,23.2906],[121.0069,23.2912],[121.0084,23.2913],[121.0098,23.2925],[121.0108,23.2928],[121.0172,23.2928],[121.019,23.2934],[121.0201,23.2946],[121.0237,23.2937],[121.0247,23.2944],[121.0256,23.296],[121.0265,23.2966],[121.0283,23.2971],[121.0322,23.2984],[121.0341,23.2995],[121.035,23.2998],[121.0367,23.2998],[121.0389,23.3007],[121.0399,23.2998],[121.0416,23.2975],[121.0431,23.2963],[121.0459,23.2958],[121.0483,23.2947],[121.051,23.2924],[121.0534,23.2912],[121.0547,23.2911],[121.0563,23.2903],[121.0575,23.2874],[121.0594,23.2862],[121.0594,23.2852],[121.06,23.2841],[121.0599,23.2833],[121.0621,23.2794],[121.0619,23.2786],[121.0607,23.2766],[121.061,23.2736],[121.0607,23.2729],[121.0617,23.272],[121.0615,23.271],[121.062,23.2694],[121.0629,23.2687],[121.0618,23.268],[121.0624,23.2658],[121.0642,23.2631],[121.0648,23.2612],[121.0645,23.2607],[121.065,23.2593],[121.0658,23.2587],[121.0662,23.2573],[121.0672,23.2569],[121.0692,23.2552],[121.0701,23.252],[121.0699,23.25],[121.07,23.2488],[121.0712,23.2466],[121.0719,23.2458],[121.074,23.2444],[121.0743,23.2436],[121.0759,23.2418],[121.0773,23.2388],[121.0785,23.2374],[121.078,23.2344],[121.0782,23.2336],[121.0794,23.2326],[121.0809,23.2338],[121.0836,23.233],[121.0852,23.2333],[121.0865,23.2339],[121.0883,23.2336],[121.0924,23.2339],[121.0939,23.2332],[121.095,23.2312],[121.0964,23.2296],[121.0989,23.2281],[121.1009,23.2276],[121.1018,23.2271],[121.1033,23.2271],[121.1043,23.2264],[121.1056,23.2242],[121.1089,23.2235],[121.1155,23.225],[121.1195,23.2245],[121.1209,23.225],[121.1244,23.225],[121.1265,23.2246],[121.1294,23.2233],[121.1299,23.2228],[121.1307,23.2206],[121.1314,23.2198],[121.1323,23.2168],[121.1324,23.2155],[121.1341,23.2124],[121.1344,23.2114],[121.1352,23.2106],[121.1375,23.2089],[121.1381,23.2081],[121.139,23.2028],[121.1399,23.2015],[121.1428,23.2008],[121.1456,23.1995],[121.1489,23.1987],[121.1501,23.1986],[121.1532,23.1988],[121.1547,23.1991],[121.1561,23.2002],[121.1587,23.2037],[121.1609,23.206],[121.1637,23.2064],[121.1651,23.2071],[121.1669,23.2072],[121.169,23.2076],[121.1697,23.2071],[121.1731,23.2087],[121.1741,23.2095],[121.1756,23.2102],[121.1794,23.2086],[121.1809,23.2072],[121.1838,23.2055],[121.1844,23.2049],[121.1865,23.2048],[121.1876,23.2041],[121.1895,23.2037],[121.1909,23.2023],[121.1919,23.1992],[121.1919,23.1984],[121.1929,23.1963],[121.1944,23.1925],[121.1983,23.1884],[121.1979,23.186],[121.1983,23.1843],[121.1991,23.1826],[121.1993,23.1794],[121.1997,23.1779],[121.1992,23.1761],[121.1992,23.1751],[121.2007,23.1732],[121.2017,23.1714],[121.2036,23.1688],[121.2057,23.1667],[121.2056,23.1648],[121.2061,23.1634],[121.2072,23.1621],[121.2103,23.1599],[121.211,23.1584],[121.2112,23.1573],[121.2125,23.1547],[121.2118,23.1537],[121.2106,23.1481],[121.2121,23.1452],[121.212,23.1442],[121.2146,23.1439],[121.2168,23.143],[121.2202,23.142],[121.2251,23.1399],[121.2291,23.1397],[121.231,23.1392],[121.2332,23.1366],[121.2346,23.1334],[121.2363,23.1315],[121.2377,23.1302],[121.2385,23.1287],[121.2401,23.1287],[121.2423,23.128],[121.245,23.1284],[121.2468,23.1293],[121.2483,23.1296],[121.2494,23.1314],[121.2541,23.1282],[121.2578,23.126],[121.2582,23.1244],[121.259,23.1235],[121.2596,23.121],[121.2619,23.1191],[121.2638,23.1181],[121.2645,23.117],[121.2642,23.1155],[121.2652,23.1148],[121.2671,23.1143],[121.2677,23.1122],[121.2674,23.1094],[121.2665,23.108],[121.2662,23.1067],[121.2655,23.106],[121.2643,23.1039],[121.2694,23.102],[121.271,23.1009],[121.2724,23.0979],[121.2747,23.0985],[121.2769,23.1001],[121.2786,23.1011],[121.2794,23.1024],[121.2811,23.1041],[121.2829,23.1038],[121.2844,23.1066],[121.2858,23.1069],[121.2873,23.1067],[121.2888,23.1077],[121.2896,23.1078],[121.2914,23.1094],[121.294,23.1099],[121.2959,23.1098],[121.2969,23.1093],[121.2979,23.11],[121.3,23.1093],[121.3013,23.1098],[121.3034,23.1112],[121.3087,23.1112],[121.3124,23.111],[121.3148,23.1104],[121.3157,23.1097],[121.316,23.1105],[121.3196,23.1137],[121.3199,23.1143],[121.322,23.1172],[121.3219,23.1183],[121.3226,23.1199],[121.3223,23.1215],[121.3229,23.1238],[121.3227,23.1253],[121.3218,23.1277],[121.3215,23.1297],[121.3221,23.1321],[121.3205,23.1361],[121.3203,23.1378],[121.3208,23.1386],[121.3221,23.1396],[121.3229,23.1424],[121.3238,23.1433],[121.3234,23.145],[121.3245,23.1466],[121.3244,23.149],[121.3258,23.1509],[121.3272,23.1522],[121.325,23.1544],[121.3236,23.1551],[121.3223,23.1551],[121.3222,23.1568],[121.3213,23.1593],[121.3204,23.1599],[121.3196,23.1614],[121.3175,23.1644],[121.3173,23.1652],[121.3179,23.1659],[121.3187,23.1683],[121.3208,23.1688],[121.3219,23.1695],[121.322,23.1724],[121.3239,23.1748],[121.3238,23.1784],[121.3256,23.1793],[121.3284,23.1793],[121.3297,23.1804],[121.3312,23.1789],[121.3324,23.1789],[121.3331,23.1781],[121.3349,23.1779],[121.3354,23.1792],[121.3353,23.1813],[121.3368,23.1826],[121.3364,23.1838],[121.3373,23.1851],[121.3379,23.1853],[121.3376,23.1886],[121.3383,23.1896],[121.3383,23.1907],[121.3391,23.1916],[121.339,23.1923],[121.34,23.1941],[121.3413,23.1949],[121.3421,23.1958],[121.3425,23.1978],[121.3432,23.1986],[121.343,23.2002],[121.3436,23.2007],[121.3433,23.2022],[121.3437,23.204],[121.3452,23.2081],[121.3469,23.2092],[121.3468,23.2109],[121.3461,23.2116],[121.3457,23.2136],[121.3461,23.2153],[121.3466,23.2163],[121.3466,23.2172],[121.3487,23.2173],[121.35,23.2179],[121.3517,23.2202],[121.3533,23.22],[121.3546,23.2217],[121.3572,23.2238],[121.356,23.2239],[121.3544,23.2255],[121.3542,23.2265],[121.3545,23.2276],[121.3542,23.2286],[121.3532,23.2291],[121.3526,23.2303],[121.3526,23.2313],[121.3535,23.2334],[121.3551,23.2347],[121.3578,23.2383],[121.3578,23.2406],[121.3595,23.2421],[121.3609,23.2444],[121.3615,23.2469],[121.3608,23.2482],[121.3592,23.2491],[121.359,23.2508],[121.3595,23.2528],[121.3614,23.2536],[121.3629,23.2568],[121.3645,23.258],[121.3658,23.258],[121.3669,23.2602],[121.3683,23.2612],[121.3704,23.262],[121.3711,23.2631],[121.3716,23.2654],[121.3716,23.2668],[121.3723,23.2678],[121.3738,23.2689],[121.3755,23.2694],[121.3779,23.2696],[121.3777,23.2709],[121.3785,23.2732],[121.3786,23.2745],[121.3782,23.2776],[121.3774,23.28],[121.3769,23.2821],[121.3771,23.2834],[121.3773,23.2875],[121.3765,23.289],[121.3772,23.2913],[121.377,23.293],[121.3763,23.2958],[121.3782,23.2994],[121.3778,23.3007],[121.3795,23.3028],[121.3805,23.3043],[121.3822,23.3056],[121.3829,23.307],[121.3842,23.3084],[121.3856,23.3089],[121.3878,23.3106],[121.3879,23.312],[121.3891,23.3137],[121.389,23.3147],[121.3901,23.3159],[121.3903,23.3176],[121.3902,23.3206],[121.3921,23.3217],[121.3977,23.3217],[121.3995,23.3231],[121.3999,23.3232],[121.3997,23.3243],[121.3996,23.3264],[121.4007,23.3286],[121.4012,23.3317],[121.4019,23.3326],[121.4021,23.3339],[121.4032,23.3363],[121.4049,23.3382],[121.406,23.3391],[121.4067,23.34],[121.4069,23.3414],[121.4083,23.3425],[121.4098,23.3459],[121.4114,23.3468],[121.414,23.3475],[121.415,23.3485],[121.4168,23.3495],[121.4168,23.3499],[121.4183,23.3522],[121.4196,23.3533],[121.4205,23.3537],[121.4222,23.355],[121.4226,23.3559],[121.4226,23.3581],[121.423,23.3593],[121.4228,23.36],[121.418,23.3606],[121.4172,23.3617],[121.416,23.3617],[121.4132,23.3638],[121.411,23.3643],[121.4101,23.3649],[121.4083,23.3645],[121.4061,23.3655],[121.4043,23.3676],[121.4048,23.3693],[121.4042,23.371],[121.4035,23.3745],[121.4036,23.3758],[121.4026,23.3791],[121.4018,23.3803],[121.401,23.3829],[121.4,23.3852],[121.4,23.3865],[121.4016,23.3888],[121.4036,23.3894],[121.4037,23.3904],[121.4056,23.3922],[121.4074,23.3947],[121.408,23.3961],[121.4091,23.3969],[121.4105,23.399],[121.4119,23.4019],[121.4125,23.4023],[121.4126,23.4036],[121.4132,23.4052],[121.4157,23.4082],[121.4163,23.4102],[121.4176,23.412],[121.4172,23.4126],[121.4185,23.4139],[121.4183,23.4156],[121.42,23.4169],[121.4196,23.4194],[121.4203,23.4207],[121.4209,23.4209],[121.4229,23.423],[121.4257,23.4249],[121.4256,23.4262],[121.4289,23.4294],[121.4307,23.4306],[121.4331,23.4317],[121.4334,23.4329],[121.4351,23.4332],[121.4369,23.4329],[121.4383,23.4333],[121.4395,23.4327],[121.4411,23.4341],[121.4413,23.4352],[121.4424,23.4372],[121.4441,23.4385],[121.4443,23.4409],[121.446,23.4435],[121.4474,23.4438],[121.4482,23.4429],[121.4508,23.4432],[121.4523,23.4418],[121.4551,23.4411],[121.4567,23.4422],[121.4576,23.4422],[121.4602,23.4416],[121.4617,23.4415],[121.462,23.4396],[121.4634,23.4389],[121.4639,23.4395],[121.4666,23.4397],[121.4697,23.4403],[121.4706,23.4408],[121.4733,23.4406],[121.4743,23.4395],[121.4749,23.4378],[121.476,23.4363],[121.4776,23.4349],[121.4797,23.4312],[121.4824,23.4302],[121.4837,23.4303],[121.4847,23.431],[121.4856,23.4324],[121.4862,23.4325],[121.487,23.4336],[121.4891,23.4342],[121.4903,23.4352],[121.4911,23.4353],[121.4921,23.4344],[121.4938,23.4349],[121.4941,23.4353],[121.4961,23.4348],[121.4955,23.4329]]],[[[121.5085,22.0823],[121.5112,22.0808],[121.5134,22.0804],[121.5194,22.0808],[121.5219,22.0807],[121.5256,22.0811],[121.5268,22.0809],[121.5289,22.0797],[121.5303,22.0811],[121.5329,22.0817],[121.5371,22.0815],[121.5442,22.0826],[121.546,22.0823],[121.5521,22.0826],[121.5545,22.0825],[121.5568,22.0817],[121.5581,22.0805],[121.56,22.0804],[121.5632,22.0827],[121.5654,22.084],[121.5665,22.0843],[121.568,22.084],[121.5701,22.0824],[121.5704,22.0807],[121.5694,22.0793],[121.5683,22.0762],[121.5678,22.0755],[121.5678,22.0732],[121.5685,22.0721],[121.5701,22.0701],[121.5709,22.0647],[121.5741,22.0614],[121.5759,22.06],[121.5761,22.0594],[121.5751,22.0593],[121.5728,22.0599],[121.571,22.0597],[121.5697,22.0588],[121.5676,22.0581],[121.5659,22.0565],[121.5654,22.0553],[121.5639,22.054],[121.5637,22.0524],[121.5641,22.0487],[121.5651,22.0475],[121.5659,22.0443],[121.5672,22.0424],[121.5662,22.0415],[121.568,22.0409],[121.5673,22.0395],[121.5695,22.0394],[121.5705,22.0389],[121.573,22.0367],[121.5762,22.0341],[121.5787,22.0324],[121.5817,22.0311],[121.5883,22.0284],[121.591,22.0278],[121.595,22.0254],[121.5967,22.0251],[121.5967,22.0245],[121.5979,22.0241],[121.6009,22.0217],[121.6027,22.0198],[121.6029,22.0185],[121.6026,22.0161],[121.6021,22.0152],[121.5986,22.0119],[121.5979,22.0093],[121.597,22.0082],[121.5953,22.005],[121.5931,22.0018],[121.5908,22.0002],[121.5885,21.9997],[121.5875,21.9998],[121.5852,22.0007],[121.581,22.0038],[121.5821,22.0044],[121.5811,22.0049],[121.5797,22.005],[121.5796,22.004],[121.5782,22.0032],[121.5764,22.0029],[121.5737,22.0032],[121.5722,22.0037],[121.5713,22.0036],[121.5703,22.0022],[121.5698,22.004],[121.57,22.0056],[121.5694,22.0088],[121.567,22.011],[121.5655,22.014],[121.5647,22.0146],[121.5623,22.0173],[121.5597,22.0191],[121.5577,22.0212],[121.5569,22.0217],[121.5534,22.0231],[121.5533,22.0241],[121.5504,22.0248],[121.5489,22.0257],[121.5477,22.026],[121.5462,22.0258],[121.5453,22.0253],[121.5436,22.0257],[121.5422,22.0247],[121.5396,22.0246],[121.5387,22.0244],[121.5375,22.0249],[121.5367,22.0258],[121.5336,22.0283],[121.5317,22.0302],[121.5307,22.0316],[121.5295,22.0324],[121.5274,22.0344],[121.5264,22.0365],[121.5249,22.0385],[121.524,22.0392],[121.5217,22.039],[121.5209,22.0387],[121.5208,22.0398],[121.5201,22.0413],[121.5175,22.044],[121.5172,22.0458],[121.5152,22.0469],[121.512,22.0474],[121.5107,22.0475],[121.5093,22.0471],[121.5087,22.0464],[121.5089,22.0477],[121.5104,22.0485],[121.5108,22.0496],[121.5096,22.0527],[121.5091,22.0546],[121.5091,22.0556],[121.5086,22.0569],[121.5068,22.0571],[121.5072,22.0592],[121.5088,22.0593],[121.5092,22.061],[121.5107,22.0633],[121.5107,22.0644],[121.51,22.0677],[121.5087,22.0702],[121.5066,22.0728],[121.5037,22.0759],[121.5032,22.0773],[121.4999,22.0793],[121.4993,22.0805],[121.5009,22.0829],[121.5022,22.084],[121.5046,22.0848],[121.506,22.0847],[121.5085,22.0823]]],[[[121.4918,22.6768],[121.4935,22.6751],[121.4955,22.6757],[121.496,22.6765],[121.4972,22.6759],[121.4987,22.6758],[121.5025,22.6763],[121.5048,22.677],[121.5071,22.6786],[121.5095,22.6779],[121.51,22.6771],[121.5094,22.6754],[121.5091,22.6728],[121.5097,22.6704],[121.5112,22.6697],[121.5105,22.6691],[121.5104,22.6669],[121.509,22.6648],[121.5086,22.6612],[121.5088,22.6602],[121.5078,22.6595],[121.5069,22.6572],[121.5072,22.6559],[121.5089,22.6545],[121.5088,22.6538],[121.5059,22.6528],[121.506,22.6517],[121.5051,22.6515],[121.5039,22.6521],[121.5022,22.6522],[121.5012,22.651],[121.5012,22.6504],[121.4995,22.6459],[121.4997,22.6452],[121.5021,22.6439],[121.5021,22.6414],[121.5028,22.6402],[121.5046,22.6383],[121.5046,22.6369],[121.505,22.6357],[121.5077,22.6346],[121.5064,22.6343],[121.5067,22.6329],[121.5062,22.6326],[121.5058,22.6341],[121.5043,22.6344],[121.504,22.6341],[121.5021,22.6343],[121.501,22.635],[121.4997,22.6351],[121.498,22.6341],[121.4987,22.6331],[121.4988,22.6324],[121.4977,22.6318],[121.4952,22.6325],[121.4944,22.6332],[121.4938,22.6349],[121.4934,22.6384],[121.493,22.639],[121.492,22.6391],[121.491,22.6402],[121.4888,22.6418],[121.4888,22.6426],[121.4859,22.644],[121.4843,22.6443],[121.4805,22.6454],[121.4776,22.6461],[121.4735,22.6465],[121.4735,22.6476],[121.4748,22.6514],[121.4745,22.6522],[121.4748,22.6558],[121.4753,22.6587],[121.4747,22.6596],[121.4733,22.6608],[121.4707,22.665],[121.4676,22.6686],[121.4653,22.6705],[121.4647,22.6715],[121.4643,22.6733],[121.4654,22.6751],[121.4657,22.6764],[121.4669,22.6759],[121.4696,22.6763],[121.4724,22.6754],[121.4728,22.675],[121.4761,22.6744],[121.4798,22.6741],[121.4821,22.6754],[121.4834,22.6766],[121.485,22.6773],[121.4883,22.677],[121.49,22.677],[121.4917,22.6789],[121.4915,22.6775],[121.4918,22.6768]]]]}},{"type":"Feature","properties":{"name":"澎湖縣","nameEn":"Penghu County","code":"10016"},"geometry":{"type":"MultiPolygon","coordinates":[[[[119.5868,23.6746],[119.5875,23.6729],[119.5906,23.6718],[119.5936,23.6716],[119.5951,23.6721],[119.5956,23.6737],[119.5968,23.6744],[119.5979,23.6745],[119.5999,23.6738],[119.5997,23.6717],[119.6016,23.6699],[119.6048,23.6688],[119.6055,23.6683],[119.6036,23.6689],[119.6033,23.668],[119.6051,23.6672],[119.6033,23.6677],[119.6025,23.6654],[119.6032,23.6652],[119.6029,23.6645],[119.6059,23.6634],[119.6066,23.663],[119.6084,23.6628],[119.6094,23.6636],[119.6098,23.6634],[119.6085,23.6626],[119.6077,23.661],[119.6066,23.6605],[119.6065,23.6591],[119.6072,23.6573],[119.6094,23.6547],[119.6124,23.6527],[119.6117,23.6518],[119.612,23.6501],[119.6102,23.6481],[119.6096,23.6483],[119.6097,23.6492],[119.6085,23.6489],[119.6062,23.649],[119.6037,23.6495],[119.6023,23.6489],[119.602,23.648],[119.6009,23.6477],[119.6005,23.6452],[119.6016,23.6435],[119.6017,23.6425],[119.6002,23.6417],[119.5976,23.6412],[119.5974,23.6396],[119.5992,23.6363],[119.6009,23.6352],[119.6027,23.6374],[119.603,23.6374],[119.6008,23.6348],[119.6021,23.6339],[119.6034,23.6335],[119.6048,23.6342],[119.6048,23.6349],[119.6056,23.6351],[119.606,23.6359],[119.6073,23.6367],[119.6081,23.6358],[119.6093,23.6352],[119.6104,23.6357],[119.6101,23.6335],[119.6095,23.6326],[119.6076,23.6322],[119.6063,23.6324],[119.6051,23.6314],[119.6042,23.6316],[119.6044,23.6306],[119.6033,23.6291],[119.6023,23.6291],[119.6023,23.6285],[119.6047,23.6251],[119.6059,23.621],[119.6068,23.6213],[119.6071,23.6224],[119.6084,23.6214],[119.6103,23.6206],[119.6119,23.6202],[119.6131,23.6203],[119.6136,23.6195],[119.6133,23.618],[119.6138,23.617],[119.6133,23.616],[119.6138,23.6144],[119.6129,23.6136],[119.6127,23.6126],[119.6117,23.6122],[119.6099,23.6105],[119.6126,23.6066],[119.6132,23.602],[119.6144,23.6024],[119.6148,23.6037],[119.6156,23.6036],[119.616,23.6013],[119.6168,23.601],[119.6209,23.6021],[119.6217,23.6031],[119.621,23.6049],[119.6203,23.6048],[119.6203,23.6066],[119.6229,23.6072],[119.6244,23.6081],[119.6251,23.6072],[119.627,23.6067],[119.6274,23.6073],[119.6289,23.6067],[119.6309,23.6074],[119.6303,23.6055],[119.6308,23.6049],[119.6289,23.6037],[119.628,23.604],[119.6272,23.6031],[119.6267,23.6016],[119.6258,23.6014],[119.6252,23.6005],[119.6276,23.5971],[119.6279,23.5957],[119.6273,23.5949],[119.6262,23.5946],[119.6247,23.5928],[119.6249,23.5916],[119.6245,23.591],[119.625,23.5902],[119.6249,23.589],[119.6243,23.588],[119.624,23.5868],[119.6264,23.5846],[119.6266,23.584],[119.6262,23.5827],[119.6257,23.5826],[119.6246,23.5804],[119.6288,23.5803],[119.6298,23.5821],[119.6318,23.5831],[119.6316,23.5846],[119.6322,23.5852],[119.6322,23.5861],[119.6329,23.5873],[119.6328,23.5885],[119.6339,23.5891],[119.6344,23.5909],[119.6331,23.594],[119.6317,23.5939],[119.6331,23.5946],[119.6329,23.5953],[119.6342,23.5964],[119.6354,23.597],[119.637,23.5974],[119.6376,23.599],[119.6398,23.5991],[119.6401,23.5976],[119.6414,23.5964],[119.6402,23.5946],[119.6402,23.5939],[119.6381,23.5922],[119.6377,23.5915],[119.6396,23.5898],[119.6414,23.5888],[119.6396,23.5882],[119.6402,23.5867],[119.641,23.5878],[119.6422,23.5875],[119.6425,23.5881],[119.6437,23.5883],[119.6446,23.5892],[119.6419,23.5903],[119.6428,23.5933],[119.6438,23.5958],[119.6465,23.597],[119.6465,23.5994],[119.6467,23.601],[119.6482,23.6028],[119.6501,23.6038],[119.6507,23.6058],[119.6508,23.6073],[119.6502,23.608],[119.6493,23.6068],[119.6474,23.6065],[119.6466,23.6068],[119.6472,23.6073],[119.6498,23.6084],[119.6501,23.6095],[119.6512,23.6099],[119.6552,23.6085],[119.6573,23.6061],[119.6568,23.6056],[119.6574,23.6039],[119.6572,23.6029],[119.6563,23.6019],[119.6553,23.6017],[119.6549,23.6004],[119.6544,23.6003],[119.6553,23.5985],[119.6552,23.6],[119.6557,23.599],[119.6574,23.5981],[119.6608,23.5961],[119.6624,23.5964],[119.6628,23.5948],[119.6646,23.5951],[119.6659,23.5958],[119.6661,23.5955],[119.6649,23.5948],[119.6624,23.5944],[119.6622,23.5956],[119.6601,23.5953],[119.6608,23.5944],[119.6596,23.5933],[119.6602,23.5916],[119.6625,23.5908],[119.6638,23.5905],[119.6657,23.5907],[119.668,23.5912],[119.6694,23.5935],[119.6692,23.5949],[119.6681,23.5952],[119.6699,23.5966],[119.6692,23.5978],[119.6684,23.598],[119.6677,23.5969],[119.6681,23.5984],[119.6692,23.5992],[119.6681,23.6006],[119.6693,23.6017],[119.6722,23.6011],[119.6716,23.599],[119.6721,23.5979],[119.6737,23.5955],[119.6759,23.5938],[119.6762,23.5927],[119.6776,23.5903],[119.6789,23.5883],[119.6805,23.5852],[119.6818,23.5841],[119.6826,23.584],[119.6812,23.5821],[119.6812,23.5799],[119.6819,23.5785],[119.6825,23.5764],[119.6817,23.5782],[119.6808,23.5783],[119.6807,23.5767],[119.681,23.5753],[119.68,23.5747],[119.6806,23.5729],[119.6821,23.5718],[119.6824,23.5702],[119.683,23.5701],[119.6828,23.5671],[119.6831,23.5656],[119.6844,23.5642],[119.6868,23.5622],[119.6894,23.5614],[119.6903,23.5616],[119.6913,23.5609],[119.6943,23.5603],[119.6944,23.5594],[119.6934,23.5589],[119.6933,23.5596],[119.6927,23.5585],[119.6946,23.5546],[119.6959,23.5537],[119.6952,23.5537],[119.6936,23.5552],[119.6899,23.5543],[119.6885,23.5547],[119.6875,23.5543],[119.6851,23.5527],[119.6831,23.5535],[119.6819,23.5534],[119.6807,23.5521],[119.6782,23.5514],[119.6754,23.5524],[119.6752,23.5536],[119.6743,23.5548],[119.6752,23.5558],[119.6744,23.5579],[119.6752,23.5564],[119.677,23.5569],[119.6767,23.558],[119.6757,23.5578],[119.6755,23.5583],[119.6765,23.5585],[119.6761,23.5597],[119.6748,23.5603],[119.6746,23.5588],[119.6744,23.5603],[119.6729,23.5603],[119.6729,23.5594],[119.6719,23.5594],[119.672,23.5614],[119.6702,23.5614],[119.6694,23.561],[119.6692,23.5621],[119.6675,23.562],[119.6675,23.5612],[119.6689,23.5599],[119.6682,23.5598],[119.6682,23.5581],[119.6696,23.5567],[119.6695,23.5564],[119.6669,23.5587],[119.6666,23.5614],[119.6638,23.5603],[119.6625,23.5601],[119.6608,23.5605],[119.6582,23.5604],[119.6553,23.5608],[119.6523,23.5606],[119.6466,23.5605],[119.6453,23.5602],[119.6416,23.5581],[119.64,23.5565],[119.6388,23.5543],[119.6386,23.5531],[119.6392,23.5525],[119.6379,23.5529],[119.6352,23.5513],[119.6344,23.549],[119.6354,23.5473],[119.6336,23.5463],[119.633,23.5466],[119.6321,23.5461],[119.6314,23.5477],[119.6294,23.5477],[119.6286,23.5473],[119.6276,23.5458],[119.6269,23.5459],[119.6249,23.5448],[119.6245,23.5449],[119.6236,23.5438],[119.6215,23.5419],[119.6209,23.5421],[119.621,23.5394],[119.6215,23.5381],[119.621,23.5377],[119.6195,23.5377],[119.6182,23.5389],[119.616,23.5389],[119.6143,23.538],[119.613,23.537],[119.6123,23.536],[119.6123,23.535],[119.6117,23.5341],[119.6117,23.5327],[119.6107,23.5331],[119.6096,23.5321],[119.6097,23.5307],[119.6092,23.53],[119.6077,23.5295],[119.6073,23.5298],[119.6057,23.5287],[119.6051,23.5277],[119.6055,23.5271],[119.6045,23.5251],[119.6064,23.5221],[119.6089,23.5221],[119.6102,23.5227],[119.6116,23.5225],[119.6117,23.5215],[119.6109,23.5197],[119.6117,23.5189],[119.6101,23.5185],[119.6076,23.5171],[119.6066,23.5172],[119.6055,23.5162],[119.6063,23.5148],[119.6078,23.5129],[119.608,23.5092],[119.6074,23.508],[119.6063,23.5078],[119.6049,23.5092],[119.6027,23.5091],[119.6017,23.5094],[119.6006,23.511],[119.5987,23.5118],[119.5979,23.5102],[119.5976,23.5103],[119.5983,23.5118],[119.5969,23.5118],[119.5973,23.5131],[119.5981,23.5134],[119.5978,23.5142],[119.5967,23.5138],[119.5959,23.5116],[119.5957,23.5124],[119.5943,23.5127],[119.5918,23.5129],[119.5895,23.5128],[119.5886,23.5121],[119.589,23.5115],[119.5879,23.5107],[119.5872,23.5111],[119.5858,23.5098],[119.5843,23.5092],[119.5828,23.5095],[119.5806,23.5092],[119.5791,23.5095],[119.578,23.5091],[119.5771,23.5078],[119.5754,23.5073],[119.5728,23.5081],[119.5718,23.5086],[119.5708,23.5104],[119.571,23.5113],[119.5708,23.5131],[119.5718,23.5149],[119.5737,23.5166],[119.574,23.5177],[119.573,23.5212],[119.5725,23.5221],[119.5699,23.5244],[119.5672,23.5258],[119.5645,23.5263],[119.5628,23.5261],[119.5617,23.5244],[119.5603,23.5239],[119.5587,23.5242],[119.557,23.5235],[119.5554,23.5251],[119.5548,23.5269],[119.5535,23.5283],[119.5544,23.5301],[119.5534,23.532],[119.5517,23.5332],[119.5502,23.5336],[119.5488,23.5332],[119.5483,23.534],[119.5483,23.5354],[119.5495,23.5356],[119.5502,23.5369],[119.5495,23.539],[119.5477,23.5395],[119.5476,23.5392],[119.5446,23.5382],[119.5438,23.5372],[119.5412,23.5389],[119.5415,23.5413],[119.541,23.543],[119.5414,23.5431],[119.5425,23.5455],[119.5421,23.5464],[119.5422,23.548],[119.5429,23.5481],[119.5431,23.5467],[119.5445,23.546],[119.5454,23.5465],[119.5453,23.5478],[119.5464,23.5482],[119.5468,23.5489],[119.5463,23.5497],[119.5471,23.5524],[119.5478,23.5538],[119.5489,23.5539],[119.549,23.5533],[119.5478,23.5516],[119.5481,23.5508],[119.5496,23.5496],[119.5518,23.5485],[119.5509,23.5476],[119.5511,23.546],[119.5508,23.5438],[119.5514,23.5438],[119.5511,23.5429],[119.5502,23.5428],[119.5504,23.5422],[119.5498,23.5407],[119.5506,23.5401],[119.551,23.5406],[119.5543,23.5388],[119.5568,23.538],[119.5569,23.5364],[119.5564,23.5352],[119.5573,23.5339],[119.5568,23.5331],[119.5546,23.5314],[119.5549,23.53],[119.5548,23.5293],[119.5556,23.5283],[119.5572,23.5273],[119.5574,23.5268],[119.5584,23.5264],[119.5604,23.5265],[119.5613,23.5274],[119.5598,23.5284],[119.5609,23.5308],[119.5628,23.5302],[119.5629,23.5293],[119.5645,23.5298],[119.566,23.5317],[119.5644,23.5337],[119.5657,23.5346],[119.5659,23.5333],[119.5667,23.5318],[119.568,23.5311],[119.5719,23.532],[119.5722,23.5295],[119.5712,23.529],[119.5723,23.5272],[119.574,23.528],[119.5741,23.5269],[119.5731,23.5262],[119.5719,23.526],[119.5715,23.5252],[119.5717,23.5243],[119.5731,23.5234],[119.5741,23.5199],[119.5758,23.5199],[119.5759,23.5212],[119.5784,23.5219],[119.5803,23.5237],[119.5798,23.5249],[119.5799,23.5258],[119.5807,23.5257],[119.5813,23.5262],[119.581,23.5282],[119.5802,23.5289],[119.5806,23.5317],[119.5827,23.5327],[119.5841,23.532],[119.5852,23.5319],[119.5849,23.5314],[119.5864,23.5291],[119.5881,23.53],[119.5884,23.5314],[119.5887,23.5306],[119.5895,23.5311],[119.5908,23.531],[119.5925,23.5289],[119.5925,23.528],[119.5935,23.5272],[119.5941,23.5274],[119.5948,23.5267],[119.5959,23.5265],[119.5964,23.5272],[119.5967,23.5286],[119.5983,23.5294],[119.5997,23.5313],[119.5977,23.5328],[119.5972,23.5328],[119.5958,23.5349],[119.5949,23.537],[119.5951,23.5382],[119.597,23.5393],[119.5982,23.5384],[119.5994,23.5384],[119.6003,23.5394],[119.6004,23.54],[119.6031,23.5403],[119.603,23.5409],[119.6004,23.5434],[119.6001,23.5453],[119.6008,23.546],[119.6021,23.5463],[119.6024,23.5478],[119.5996,23.5503],[119.5984,23.5493],[119.5984,23.55],[119.5959,23.5497],[119.5959,23.5481],[119.5954,23.5502],[119.5942,23.5504],[119.5935,23.5499],[119.5921,23.5528],[119.591,23.5525],[119.5915,23.5515],[119.5911,23.5498],[119.591,23.5523],[119.5888,23.5514],[119.588,23.5513],[119.5875,23.5519],[119.5866,23.5496],[119.585,23.5497],[119.5839,23.5484],[119.582,23.5487],[119.5813,23.5497],[119.578,23.548],[119.5771,23.5483],[119.5763,23.5474],[119.5744,23.5473],[119.573,23.5462],[119.5726,23.5469],[119.5723,23.5491],[119.5718,23.5493],[119.5688,23.5484],[119.5697,23.551],[119.5683,23.5515],[119.5681,23.5499],[119.5665,23.5504],[119.5656,23.549],[119.5624,23.5501],[119.5629,23.5514],[119.5653,23.5516],[119.5656,23.5527],[119.5651,23.5531],[119.5623,23.5525],[119.5624,23.5533],[119.5619,23.5548],[119.5626,23.5557],[119.5625,23.5573],[119.563,23.5577],[119.5641,23.5562],[119.5661,23.5557],[119.5675,23.5548],[119.5682,23.5539],[119.5682,23.5529],[119.5695,23.5532],[119.5707,23.5528],[119.5729,23.5538],[119.5735,23.5545],[119.5757,23.5549],[119.574,23.5572],[119.5729,23.5579],[119.5735,23.5589],[119.5738,23.5585],[119.5763,23.557],[119.5775,23.5587],[119.5746,23.5604],[119.5751,23.5611],[119.5742,23.5616],[119.5724,23.5631],[119.5734,23.5636],[119.5768,23.5605],[119.5782,23.5619],[119.5764,23.5634],[119.5766,23.5637],[119.5784,23.5622],[119.5795,23.5634],[119.5768,23.5658],[119.5756,23.5646],[119.5748,23.5652],[119.5761,23.5664],[119.5743,23.568],[119.572,23.5657],[119.5719,23.5652],[119.5703,23.5666],[119.5689,23.5653],[119.5702,23.5643],[119.5713,23.5651],[119.5682,23.5621],[119.5681,23.5624],[119.5698,23.564],[119.569,23.5647],[119.5667,23.5626],[119.5637,23.5626],[119.5627,23.5619],[119.5621,23.5625],[119.5597,23.5621],[119.5596,23.5609],[119.5582,23.5607],[119.5573,23.5623],[119.5563,23.5627],[119.5562,23.5634],[119.5587,23.5637],[119.5601,23.5645],[119.5605,23.5668],[119.5601,23.5671],[119.5598,23.5699],[119.5607,23.5712],[119.5628,23.5717],[119.5662,23.5734],[119.5674,23.5749],[119.5673,23.5759],[119.5666,23.5779],[119.562,23.5837],[119.562,23.5853],[119.5635,23.5852],[119.5641,23.5858],[119.5659,23.5856],[119.5669,23.585],[119.5682,23.5849],[119.5694,23.5853],[119.571,23.5849],[119.5725,23.585],[119.5725,23.5857],[119.5739,23.5855],[119.5744,23.5848],[119.5754,23.5856],[119.5771,23.5863],[119.5766,23.5877],[119.5785,23.5878],[119.5801,23.5894],[119.5818,23.5901],[119.5826,23.5918],[119.5817,23.5921],[119.5823,23.594],[119.5841,23.5943],[119.5838,23.5933],[119.5839,23.5916],[119.5829,23.5908],[119.584,23.5901],[119.5845,23.5886],[119.5851,23.5892],[119.5862,23.5877],[119.5861,23.5867],[119.5835,23.5844],[119.5834,23.5832],[119.5826,23.5833],[119.5833,23.5814],[119.5856,23.5808],[119.5855,23.5805],[119.5832,23.5812],[119.5827,23.5798],[119.5831,23.5794],[119.5854,23.5783],[119.5875,23.5785],[119.5882,23.5793],[119.5882,23.5804],[119.5889,23.5808],[119.5889,23.5788],[119.5882,23.578],[119.5856,23.576],[119.5855,23.5737],[119.586,23.5729],[119.5875,23.5719],[119.5886,23.5717],[119.5899,23.5723],[119.5911,23.5745],[119.5931,23.5749],[119.5942,23.5748],[119.5944,23.5733],[119.5939,23.5721],[119.5939,23.5707],[119.5955,23.5695],[119.5973,23.569],[119.5969,23.5704],[119.5971,23.572],[119.5976,23.5718],[119.5974,23.5732],[119.5978,23.5748],[119.599,23.5758],[119.6004,23.5756],[119.6002,23.5766],[119.6021,23.5771],[119.5999,23.5768],[119.5994,23.577],[119.5993,23.5784],[119.5981,23.5789],[119.5991,23.579],[119.5996,23.5803],[119.5995,23.5818],[119.5984,23.5828],[119.5996,23.5841],[119.6006,23.5847],[119.6026,23.5846],[119.6045,23.5853],[119.6066,23.5852],[119.6072,23.5866],[119.6061,23.5869],[119.6071,23.5882],[119.6073,23.5894],[119.607,23.5924],[119.6077,23.5937],[119.6063,23.5948],[119.6066,23.596],[119.6055,23.5963],[119.6049,23.5959],[119.6043,23.5977],[119.6032,23.5986],[119.6038,23.5999],[119.603,23.6006],[119.6044,23.6019],[119.6057,23.6025],[119.6058,23.6056],[119.6105,23.6056],[119.6109,23.6048],[119.6124,23.6054],[119.6118,23.6074],[119.6096,23.6104],[119.607,23.61],[119.6056,23.6107],[119.605,23.6101],[119.6056,23.6097],[119.6044,23.6091],[119.603,23.6108],[119.6033,23.6116],[119.6013,23.6126],[119.6013,23.6131],[119.6002,23.6135],[119.5975,23.6156],[119.597,23.6166],[119.5974,23.6174],[119.5981,23.6175],[119.5993,23.6169],[119.6001,23.6172],[119.6018,23.6171],[119.6027,23.6174],[119.603,23.6183],[119.6055,23.6201],[119.6054,23.6221],[119.6046,23.625],[119.6037,23.6243],[119.6022,23.6242],[119.6009,23.6227],[119.6007,23.6209],[119.6,23.6204],[119.599,23.6215],[119.5994,23.6223],[119.5985,23.6233],[119.5966,23.6243],[119.5948,23.6248],[119.5917,23.6242],[119.5906,23.6229],[119.5895,23.6223],[119.5885,23.6228],[119.5894,23.6236],[119.5891,23.6252],[119.59,23.6259],[119.5902,23.6269],[119.5913,23.6282],[119.5907,23.6296],[119.5946,23.6321],[119.5955,23.6331],[119.5959,23.6346],[119.5956,23.636],[119.5944,23.6386],[119.5948,23.64],[119.5938,23.6415],[119.5911,23.643],[119.5891,23.6443],[119.5879,23.6442],[119.5888,23.6455],[119.5883,23.6474],[119.587,23.6477],[119.5862,23.6498],[119.5824,23.6526],[119.582,23.654],[119.5829,23.6545],[119.5833,23.6554],[119.5818,23.6568],[119.5807,23.6567],[119.5807,23.6576],[119.5819,23.6576],[119.5827,23.658],[119.5821,23.6588],[119.5809,23.6591],[119.5816,23.6609],[119.5807,23.6618],[119.5796,23.6614],[119.5778,23.6625],[119.5728,23.6626],[119.5714,23.6624],[119.5675,23.66],[119.5669,23.6591],[119.5666,23.6566],[119.5671,23.656],[119.5654,23.6553],[119.5647,23.6544],[119.5643,23.6528],[119.5633,23.6514],[119.5628,23.6521],[119.5586,23.6556],[119.5557,23.6567],[119.5545,23.6575],[119.5481,23.6503],[119.5463,23.6482],[119.5423,23.643],[119.5417,23.6416],[119.5407,23.6406],[119.541,23.6401],[119.5437,23.6408],[119.5429,23.6399],[119.543,23.6379],[119.5418,23.6378],[119.5407,23.6369],[119.5406,23.635],[119.5402,23.6341],[119.5388,23.6333],[119.5374,23.6341],[119.5374,23.6327],[119.5364,23.6328],[119.5365,23.6337],[119.5331,23.6329],[119.5319,23.6323],[119.5309,23.6314],[119.5302,23.6302],[119.5246,23.6301],[119.5245,23.6309],[119.5234,23.6312],[119.5228,23.6291],[119.5223,23.6313],[119.5217,23.6313],[119.5198,23.6302],[119.5182,23.6286],[119.5177,23.6268],[119.5181,23.6254],[119.5195,23.6242],[119.5198,23.6226],[119.5211,23.6207],[119.5197,23.6199],[119.5195,23.6187],[119.5199,23.6178],[119.5216,23.6155],[119.5218,23.6145],[119.5211,23.6125],[119.5201,23.6122],[119.5212,23.6119],[119.521,23.6108],[119.5198,23.6112],[119.5203,23.6094],[119.5216,23.608],[119.5217,23.6064],[119.523,23.6048],[119.5225,23.6033],[119.5231,23.6018],[119.5221,23.6003],[119.5214,23.5983],[119.5198,23.5957],[119.5193,23.5943],[119.5172,23.5942],[119.5166,23.5947],[119.5148,23.5945],[119.5123,23.5922],[119.5129,23.5918],[119.5131,23.5906],[119.514,23.5893],[119.5144,23.5878],[119.5163,23.5853],[119.5162,23.5838],[119.5152,23.5825],[119.5153,23.5818],[119.5133,23.5801],[119.515,23.5819],[119.5148,23.5824],[119.5131,23.5824],[119.512,23.5819],[119.512,23.5795],[119.5128,23.5792],[119.5133,23.5773],[119.5123,23.5765],[119.5125,23.5757],[119.5152,23.5745],[119.5145,23.5734],[119.5138,23.5731],[119.5138,23.5713],[119.5131,23.5706],[119.5141,23.5692],[119.5154,23.5681],[119.5174,23.5679],[119.518,23.567],[119.5162,23.5648],[119.5151,23.5641],[119.5129,23.5644],[119.5112,23.5637],[119.5108,23.5644],[119.5083,23.5654],[119.5068,23.5657],[119.5055,23.5664],[119.5031,23.5664],[119.4979,23.5682],[119.4962,23.5681],[119.4938,23.5674],[119.4921,23.5661],[119.4912,23.5633],[119.4897,23.5627],[119.4865,23.5632],[119.4844,23.5639],[119.4829,23.5634],[119.4831,23.5643],[119.4812,23.5645],[119.4796,23.5641],[119.479,23.5629],[119.48,23.5631],[119.4803,23.5619],[119.4796,23.5626],[119.479,23.5618],[119.4782,23.5615],[119.4765,23.5598],[119.4744,23.5601],[119.4722,23.5593],[119.4695,23.5603],[119.468,23.5605],[119.4673,23.5615],[119.468,23.5635],[119.4695,23.5654],[119.4714,23.5658],[119.4723,23.5664],[119.4744,23.5672],[119.4754,23.5678],[119.4773,23.5685],[119.478,23.5691],[119.4806,23.5732],[119.4811,23.5751],[119.4834,23.5754],[119.4852,23.574],[119.485,23.5733],[119.4861,23.5725],[119.4871,23.5722],[119.488,23.5706],[119.4889,23.57],[119.4912,23.5701],[119.4918,23.5698],[119.4935,23.5705],[119.4958,23.5722],[119.4972,23.5722],[119.497,23.5731],[119.4988,23.5747],[119.4992,23.5761],[119.4994,23.575],[119.4989,23.5742],[119.4995,23.5742],[119.5006,23.575],[119.5008,23.5758],[119.5,23.5762],[119.4993,23.5772],[119.5009,23.5762],[119.5012,23.5769],[119.5029,23.5784],[119.5034,23.5791],[119.5029,23.5804],[119.5035,23.5828],[119.5033,23.5836],[119.5039,23.5841],[119.5041,23.5854],[119.5032,23.5863],[119.5046,23.586],[119.5045,23.5874],[119.5035,23.5889],[119.502,23.5905],[119.5002,23.5921],[119.4991,23.5924],[119.4985,23.593],[119.4957,23.5933],[119.4921,23.5944],[119.4912,23.5939],[119.4898,23.594],[119.4898,23.5952],[119.4928,23.596],[119.4936,23.5956],[119.4941,23.5961],[119.4941,23.5972],[119.492,23.598],[119.4915,23.5986],[119.4918,23.5996],[119.4933,23.601],[119.494,23.602],[119.4942,23.6007],[119.4953,23.6004],[119.4968,23.6011],[119.4971,23.6002],[119.4983,23.6005],[119.4976,23.5981],[119.4981,23.5977],[119.4975,23.5969],[119.498,23.596],[119.4994,23.5953],[119.5,23.5954],[119.5005,23.5966],[119.5014,23.5967],[119.502,23.596],[119.5042,23.597],[119.5045,23.5986],[119.5042,23.5995],[119.503,23.6005],[119.5022,23.6022],[119.5024,23.6042],[119.5035,23.6045],[119.5035,23.6054],[119.5029,23.6052],[119.5031,23.6068],[119.5047,23.607],[119.5052,23.6091],[119.5045,23.6097],[119.5058,23.6106],[119.5082,23.6107],[119.509,23.6122],[119.5087,23.6133],[119.5071,23.6145],[119.5073,23.6152],[119.506,23.6151],[119.5048,23.6163],[119.5057,23.6164],[119.5057,23.6174],[119.5042,23.617],[119.5046,23.6162],[119.5039,23.6153],[119.5039,23.6161],[119.5018,23.6169],[119.5008,23.6177],[119.4993,23.6201],[119.4996,23.6207],[119.5019,23.6228],[119.5025,23.6227],[119.504,23.6237],[119.5043,23.6255],[119.5035,23.6269],[119.5025,23.6278],[119.5028,23.6293],[119.5022,23.6309],[119.5032,23.6328],[119.5034,23.6345],[119.5039,23.6355],[119.5048,23.6361],[119.506,23.6355],[119.5075,23.6363],[119.5081,23.6389],[119.509,23.6399],[119.5097,23.6415],[119.5097,23.6425],[119.5108,23.6455],[119.5116,23.6461],[119.5116,23.6477],[119.5125,23.6487],[119.5137,23.6485],[119.5141,23.6476],[119.5151,23.6487],[119.5154,23.6498],[119.5166,23.6495],[119.5169,23.649],[119.518,23.649],[119.5182,23.6477],[119.5193,23.6477],[119.5197,23.6482],[119.5196,23.6494],[119.5177,23.6507],[119.5175,23.652],[119.5168,23.6526],[119.5153,23.6517],[119.5142,23.652],[119.5135,23.6544],[119.5143,23.6556],[119.5165,23.6551],[119.518,23.6546],[119.5193,23.6549],[119.5196,23.6554],[119.522,23.6554],[119.5241,23.6558],[119.524,23.6551],[119.5246,23.6544],[119.5245,23.6535],[119.5238,23.6523],[119.5243,23.6513],[119.523,23.6504],[119.5226,23.6496],[119.5213,23.6489],[119.5211,23.6482],[119.5198,23.6479],[119.5195,23.6469],[119.5199,23.6462],[119.5194,23.6445],[119.5216,23.6427],[119.5236,23.6425],[119.5237,23.6433],[119.5249,23.6435],[119.5252,23.644],[119.5259,23.6436],[119.5252,23.6428],[119.5254,23.6421],[119.5277,23.6405],[119.5295,23.6399],[119.5306,23.6392],[119.5349,23.6386],[119.5357,23.6387],[119.5362,23.6394],[119.5377,23.6394],[119.5403,23.6404],[119.5414,23.6423],[119.5422,23.6431],[119.5487,23.6514],[119.5534,23.6568],[119.554,23.6576],[119.5538,23.6583],[119.5522,23.6595],[119.5518,23.6586],[119.5502,23.6578],[119.5504,23.659],[119.5521,23.6603],[119.551,23.6623],[119.551,23.6628],[119.5525,23.6637],[119.5528,23.6645],[119.5528,23.6658],[119.5539,23.6665],[119.5552,23.6686],[119.5567,23.6687],[119.5608,23.6707],[119.5652,23.6709],[119.5686,23.6718],[119.5697,23.671],[119.5713,23.6716],[119.572,23.6723],[119.5738,23.6732],[119.5744,23.6731],[119.5777,23.6744],[119.5788,23.6755],[119.5787,23.6762],[119.5795,23.6762],[119.5806,23.6769],[119.5824,23.6775],[119.5834,23.6769],[119.5851,23.6763],[119.5868,23.6746]]],[[[119.495,23.395],[119.4962,23.3944],[119.4967,23.3948],[119.4981,23.3921],[119.4975,23.3906],[119.4991,23.3898],[119.5004,23.3898],[119.5012,23.3891],[119.5021,23.3895],[119.5026,23.3904],[119.5022,23.3913],[119.5034,23.3921],[119.5042,23.3918],[119.504,23.3939],[119.5042,23.3946],[119.5053,23.3949],[119.5062,23.3941],[119.5055,23.3933],[119.5059,23.3926],[119.5066,23.3928],[119.5071,23.3918],[119.5074,23.3923],[119.5081,23.3907],[119.5074,23.3887],[119.5073,23.387],[119.5077,23.3851],[119.507,23.3848],[119.5068,23.3834],[119.5072,23.3823],[119.5085,23.3824],[119.5085,23.3805],[119.509,23.3788],[119.5084,23.3771],[119.5086,23.3764],[119.5102,23.3758],[119.5112,23.3761],[119.5118,23.3758],[119.5121,23.3767],[119.513,23.3772],[119.5121,23.3751],[119.5115,23.3744],[119.5103,23.3744],[119.5098,23.3732],[119.5088,23.3729],[119.5083,23.372],[119.5087,23.3711],[119.5097,23.3704],[119.5111,23.3713],[119.5127,23.3707],[119.5142,23.3713],[119.5135,23.3721],[119.5143,23.3728],[119.5146,23.375],[119.5156,23.3747],[119.5156,23.374],[119.5164,23.3739],[119.5166,23.3724],[119.5153,23.3717],[119.5148,23.3704],[119.516,23.3701],[119.5157,23.3689],[119.5163,23.3678],[119.5139,23.3667],[119.5127,23.3666],[119.5118,23.3656],[119.5104,23.3664],[119.5097,23.3663],[119.5077,23.3647],[119.508,23.3636],[119.5091,23.3633],[119.508,23.363],[119.508,23.3613],[119.5084,23.3605],[119.5083,23.3585],[119.5097,23.3563],[119.511,23.3551],[119.5138,23.3535],[119.5131,23.3525],[119.5117,23.3535],[119.5099,23.3539],[119.5074,23.3539],[119.5072,23.3534],[119.5061,23.3531],[119.5062,23.3543],[119.5049,23.3554],[119.5035,23.3557],[119.5018,23.3555],[119.4994,23.3543],[119.4969,23.3546],[119.4944,23.354],[119.4927,23.354],[119.4906,23.3531],[119.4902,23.3538],[119.4891,23.3545],[119.4879,23.3547],[119.4874,23.3555],[119.4863,23.356],[119.4879,23.3578],[119.4901,23.3596],[119.4888,23.3602],[119.49,23.3606],[119.4901,23.3614],[119.4912,23.3619],[119.4922,23.3633],[119.4946,23.3653],[119.4946,23.3663],[119.4939,23.3676],[119.4933,23.3706],[119.4946,23.3717],[119.4949,23.3727],[119.4939,23.3738],[119.4935,23.3751],[119.4921,23.3753],[119.4923,23.376],[119.4938,23.3771],[119.4938,23.378],[119.4918,23.379],[119.4919,23.3806],[119.4928,23.3818],[119.4932,23.3834],[119.4943,23.3844],[119.495,23.3846],[119.4957,23.3857],[119.4959,23.3876],[119.4937,23.3887],[119.4931,23.3893],[119.4933,23.3905],[119.4929,23.3921],[119.4922,23.393],[119.4907,23.3936],[119.4894,23.3946],[119.4905,23.3954],[119.4905,23.3964],[119.4918,23.3972],[119.4934,23.3974],[119.495,23.397],[119.495,23.395]]],[[[119.4431,23.2209],[119.4464,23.2207],[119.4476,23.2204],[119.448,23.2197],[119.4466,23.2171],[119.4449,23.2158],[119.4438,23.2145],[119.4434,23.2129],[119.4436,23.2107],[119.443,23.2088],[119.4434,23.2084],[119.4422,23.207],[119.4434,23.2046],[119.443,23.2038],[119.4429,23.2004],[119.44,23.2014],[119.4399,23.2008],[119.439,23.2016],[119.4375,23.2012],[119.4365,23.2019],[119.4353,23.2012],[119.4357,23.2007],[119.4332,23.1991],[119.4325,23.1995],[119.4331,23.1979],[119.4321,23.1973],[119.4299,23.1968],[119.4294,23.1954],[119.4296,23.1946],[119.4291,23.1935],[119.4301,23.1926],[119.4307,23.1914],[119.4316,23.1911],[119.4312,23.188],[119.4305,23.1866],[119.4295,23.1868],[119.4291,23.1884],[119.4277,23.1896],[119.4255,23.1905],[119.4237,23.1916],[119.4224,23.1906],[119.4215,23.1913],[119.4217,23.1927],[119.4198,23.1929],[119.42,23.1933],[119.4216,23.1934],[119.4217,23.1961],[119.4204,23.196],[119.4178,23.1954],[119.4185,23.1957],[119.419,23.1972],[119.4202,23.1978],[119.4208,23.1994],[119.4202,23.2008],[119.4208,23.2018],[119.4206,23.2033],[119.4186,23.2055],[119.4165,23.2061],[119.4156,23.2088],[119.4145,23.2091],[119.4135,23.2105],[119.4128,23.2104],[119.4123,23.2118],[119.4115,23.2115],[119.4098,23.2139],[119.4104,23.2137],[119.4095,23.2163],[119.4101,23.2159],[119.4102,23.2167],[119.4116,23.2161],[119.4115,23.2149],[119.4121,23.2142],[119.413,23.2142],[119.4149,23.2163],[119.4147,23.2173],[119.4166,23.2176],[119.4173,23.2174],[119.4183,23.2178],[119.4197,23.2174],[119.4211,23.2178],[119.4215,23.2184],[119.4237,23.219],[119.4264,23.2192],[119.4277,23.2191],[119.4296,23.22],[119.4329,23.2205],[119.4361,23.2206],[119.44,23.2214],[119.4419,23.2213],[119.4431,23.2209]]],[[[119.4163,23.1939],[119.4172,23.1931],[119.4157,23.1938],[119.4167,23.1949],[119.4178,23.1954],[119.4163,23.1939]]],[[[119.6116,23.7539],[119.6125,23.7528],[119.6141,23.7519],[119.6154,23.7515],[119.6166,23.7516],[119.6178,23.7511],[119.619,23.7501],[119.6204,23.7498],[119.6215,23.7484],[119.6228,23.748],[119.6228,23.7467],[119.6232,23.7458],[119.6229,23.7449],[119.6236,23.744],[119.6231,23.7428],[119.6224,23.743],[119.6211,23.7424],[119.6204,23.743],[119.6195,23.7415],[119.6188,23.7411],[119.6198,23.7404],[119.619,23.7403],[119.618,23.7408],[119.6182,23.7417],[119.6165,23.7419],[119.6155,23.7411],[119.6154,23.7399],[119.615,23.7407],[119.6138,23.7403],[119.613,23.7406],[119.6123,23.7417],[119.6112,23.7412],[119.6105,23.7396],[119.612,23.7393],[119.6143,23.7386],[119.615,23.7374],[119.6099,23.7391],[119.6085,23.7386],[119.6064,23.7368],[119.6051,23.734],[119.6048,23.7326],[119.6034,23.7318],[119.6031,23.7303],[119.6033,23.7279],[119.604,23.7269],[119.6031,23.7254],[119.6014,23.7261],[119.6013,23.7266],[119.602,23.7291],[119.602,23.7302],[119.6002,23.7348],[119.5986,23.7362],[119.5965,23.7366],[119.5958,23.7377],[119.5966,23.739],[119.596,23.739],[119.5971,23.7398],[119.5974,23.7419],[119.5996,23.743],[119.6014,23.7434],[119.603,23.7445],[119.6041,23.7456],[119.6052,23.7496],[119.6067,23.7523],[119.6078,23.752],[119.6086,23.7524],[119.6086,23.7535],[119.6056,23.7524],[119.6058,23.7533],[119.6072,23.7541],[119.6083,23.7543],[119.6079,23.7553],[119.6097,23.7559],[119.61,23.7566],[119.6114,23.7579],[119.6125,23.7557],[119.6116,23.7539]]],[[[119.5435,23.495],[119.5438,23.4943],[119.5434,23.4935],[119.5412,23.4931],[119.5399,23.4931],[119.5369,23.4919],[119.5342,23.4902],[119.5306,23.4878],[119.5288,23.4867],[119.5264,23.4864],[119.5247,23.4866],[119.5232,23.4864],[119.5198,23.4854],[119.5186,23.4857],[119.5173,23.4855],[119.5149,23.4845],[119.5143,23.4836],[119.5112,23.4831],[119.5097,23.484],[119.5089,23.4856],[119.509,23.4866],[119.5098,23.4883],[119.5095,23.4897],[119.5097,23.491],[119.5109,23.4915],[119.5123,23.4913],[119.5128,23.4908],[119.5127,23.4899],[119.5138,23.4882],[119.5141,23.487],[119.5154,23.4865],[119.516,23.4869],[119.5167,23.4865],[119.5177,23.4872],[119.5165,23.4884],[119.5181,23.4878],[119.5206,23.49],[119.5209,23.4907],[119.5207,23.4922],[119.5229,23.4924],[119.524,23.4929],[119.5256,23.4927],[119.5274,23.494],[119.5278,23.4949],[119.5293,23.4958],[119.5328,23.4963],[119.5348,23.4959],[119.5363,23.4967],[119.537,23.4979],[119.5376,23.4981],[119.5419,23.4955],[119.5435,23.495]]],[[[119.5408,23.3727],[119.5408,23.3721],[119.542,23.3699],[119.5421,23.3688],[119.5415,23.3676],[119.5424,23.3669],[119.5433,23.3669],[119.5438,23.365],[119.5415,23.3651],[119.5402,23.3662],[119.5373,23.3655],[119.5343,23.3662],[119.5333,23.367],[119.5321,23.3667],[119.5313,23.3657],[119.5301,23.3655],[119.5293,23.3648],[119.528,23.3646],[119.5271,23.3637],[119.527,23.3627],[119.5259,23.3628],[119.5258,23.361],[119.5266,23.3603],[119.5263,23.3587],[119.5252,23.3573],[119.5241,23.3573],[119.5238,23.3578],[119.5245,23.3585],[119.5245,23.3602],[119.5224,23.3611],[119.5213,23.3612],[119.5207,23.3599],[119.5196,23.3624],[119.5205,23.3613],[119.5213,23.3623],[119.5199,23.3635],[119.5195,23.3632],[119.5186,23.364],[119.5195,23.3667],[119.5212,23.367],[119.5227,23.3659],[119.5235,23.3659],[119.5253,23.3666],[119.5264,23.3676],[119.5254,23.3697],[119.5265,23.3679],[119.5277,23.3687],[119.5268,23.371],[119.5269,23.3721],[119.5282,23.3728],[119.5292,23.3717],[119.5304,23.3717],[119.5311,23.3727],[119.5308,23.3738],[119.5314,23.3738],[119.5318,23.3729],[119.5328,23.3723],[119.536,23.3737],[119.5359,23.3749],[119.5367,23.3758],[119.5376,23.3742],[119.5408,23.3727]]],[[[119.6792,23.2635],[119.6795,23.2629],[119.6791,23.2618],[119.6801,23.2601],[119.6787,23.2604],[119.6782,23.2597],[119.6779,23.2578],[119.6782,23.2565],[119.677,23.255],[119.6749,23.254],[119.6731,23.2517],[119.6725,23.2505],[119.6733,23.2498],[119.6729,23.2489],[119.6741,23.248],[119.6742,23.2467],[119.6726,23.2462],[119.6721,23.2452],[119.6722,23.2441],[119.671,23.2443],[119.6709,23.2457],[119.6696,23.2463],[119.6694,23.2477],[119.6676,23.2492],[119.6667,23.2493],[119.6659,23.2484],[119.6665,23.2502],[119.665,23.2507],[119.6658,23.2518],[119.6668,23.2525],[119.6663,23.2533],[119.6674,23.2531],[119.6679,23.2555],[119.667,23.2558],[119.6662,23.2568],[119.6654,23.2586],[119.6667,23.2614],[119.6705,23.2627],[119.6715,23.2632],[119.6741,23.2626],[119.6754,23.263],[119.6761,23.2638],[119.6769,23.2639],[119.6782,23.2633],[119.6792,23.2635]]]]}},{"type":"Feature","properties":{"name":"金門縣","nameEn":"Kinmen County","code":"09020"},"geometry":{"type":"MultiPolygon","coordinates":[[[[118.4109,24.5306],[118.4132,24.5293],[118.4145,24.5283],[118.4166,24.5294],[118.4192,24.5304],[118.4217,24.5296],[118.4241,24.5277],[118.4258,24.5283],[118.4293,24.5274],[118.429,24.526],[118.4295,24.5253],[118.4317,24.5248],[118.4336,24.525],[118.4334,24.5227],[118.4315,24.5219],[118.4327,24.5185],[118.4342,24.5158],[118.4357,24.5145],[118.4389,24.5136],[118.4397,24.5136],[118.4442,24.512],[118.4459,24.5115],[118.4486,24.5115],[118.4501,24.511],[118.4506,24.5099],[118.45,24.5077],[118.4496,24.5047],[118.4501,24.5035],[118.4507,24.501],[118.4517,24.4994],[118.4534,24.4988],[118.4545,24.4982],[118.4558,24.4959],[118.4552,24.4943],[118.4551,24.4928],[118.4557,24.4913],[118.4564,24.4907],[118.4577,24.4888],[118.4586,24.487],[118.4596,24.4859],[118.4619,24.4843],[118.4646,24.4838],[118.4658,24.484],[118.4689,24.4837],[118.4691,24.483],[118.4685,24.4822],[118.469,24.4804],[118.4677,24.4795],[118.4666,24.4794],[118.4656,24.4786],[118.4643,24.4765],[118.4634,24.4766],[118.4632,24.475],[118.4634,24.4736],[118.4641,24.4711],[118.464,24.4677],[118.4655,24.4638],[118.4654,24.4627],[118.4662,24.4611],[118.468,24.4585],[118.469,24.4576],[118.4703,24.4552],[118.4721,24.4548],[118.4732,24.4536],[118.4762,24.4533],[118.4767,24.4517],[118.4782,24.4503],[118.4775,24.4495],[118.4754,24.45],[118.4742,24.4496],[118.4741,24.4464],[118.4736,24.4444],[118.4723,24.4431],[118.4726,24.4415],[118.4709,24.4413],[118.471,24.4405],[118.4698,24.4401],[118.4681,24.4405],[118.4684,24.4413],[118.4675,24.4419],[118.4662,24.442],[118.4639,24.4413],[118.4624,24.4397],[118.4632,24.4386],[118.4628,24.438],[118.4615,24.4385],[118.4606,24.4375],[118.4605,24.4363],[118.4621,24.4354],[118.4635,24.4359],[118.4634,24.4344],[118.4638,24.4335],[118.4651,24.4322],[118.4665,24.4316],[118.4661,24.4304],[118.464,24.4298],[118.4653,24.4292],[118.4646,24.4279],[118.4631,24.4268],[118.4623,24.4271],[118.4619,24.4252],[118.4606,24.4245],[118.4604,24.4237],[118.4599,24.4246],[118.4586,24.4258],[118.4573,24.426],[118.457,24.4252],[118.4577,24.424],[118.4571,24.4224],[118.4568,24.4204],[118.4555,24.4198],[118.456,24.4178],[118.4556,24.4177],[118.455,24.4163],[118.4548,24.4171],[118.4528,24.4166],[118.453,24.4154],[118.4504,24.4153],[118.4497,24.4159],[118.4484,24.4155],[118.4471,24.4144],[118.446,24.414],[118.4463,24.4127],[118.4458,24.4121],[118.4449,24.4125],[118.4447,24.4116],[118.4434,24.4111],[118.441,24.4112],[118.4374,24.4101],[118.4369,24.4092],[118.4357,24.4087],[118.4358,24.4081],[118.4344,24.4075],[118.4325,24.4075],[118.4317,24.408],[118.4305,24.4068],[118.4293,24.4073],[118.4277,24.4068],[118.4262,24.4068],[118.427,24.4074],[118.4272,24.4082],[118.4262,24.4091],[118.4278,24.4086],[118.43,24.4086],[118.4323,24.4098],[118.431,24.4095],[118.4291,24.4104],[118.4302,24.4122],[118.4308,24.4127],[118.4317,24.4151],[118.433,24.4165],[118.4322,24.4187],[118.4306,24.421],[118.4275,24.4239],[118.4264,24.4244],[118.4219,24.426],[118.4182,24.427],[118.4146,24.4275],[118.4137,24.4272],[118.4126,24.4285],[118.4105,24.4286],[118.4091,24.4278],[118.4105,24.4291],[118.4107,24.4298],[118.4101,24.4305],[118.411,24.4314],[118.4099,24.4318],[118.4094,24.4306],[118.4092,24.4287],[118.409,24.4304],[118.4084,24.4318],[118.4077,24.4323],[118.4063,24.4325],[118.4043,24.4337],[118.4032,24.4336],[118.4032,24.4345],[118.4026,24.435],[118.3999,24.4355],[118.3977,24.4353],[118.3974,24.4349],[118.396,24.4351],[118.3954,24.4358],[118.391,24.4351],[118.3906,24.4354],[118.388,24.4345],[118.3872,24.4353],[118.3858,24.4351],[118.3803,24.4337],[118.3796,24.4336],[118.3756,24.4325],[118.3728,24.4319],[118.3703,24.431],[118.3624,24.4275],[118.3618,24.427],[118.3571,24.4249],[118.3539,24.423],[118.3528,24.4214],[118.351,24.421],[118.3483,24.4184],[118.3477,24.415],[118.3461,24.4141],[118.346,24.4129],[118.3451,24.4116],[118.3426,24.4101],[118.3412,24.4088],[118.3387,24.4045],[118.3375,24.4018],[118.3365,24.3972],[118.3351,24.394],[118.3342,24.3911],[118.3313,24.3897],[118.3307,24.3884],[118.3292,24.3878],[118.3288,24.3884],[118.3276,24.387],[118.3269,24.3877],[118.325,24.388],[118.3237,24.3867],[118.3236,24.386],[118.3223,24.3856],[118.3217,24.3859],[118.32,24.3858],[118.3198,24.3869],[118.3182,24.3884],[118.3164,24.3883],[118.316,24.3894],[118.3145,24.3896],[118.3132,24.3904],[118.3121,24.3904],[118.3111,24.3898],[118.3092,24.3902],[118.3088,24.3917],[118.3076,24.3922],[118.3075,24.3929],[118.3064,24.3932],[118.3063,24.3944],[118.3052,24.3948],[118.3055,24.3954],[118.3049,24.3958],[118.3024,24.3963],[118.3,24.3962],[118.297,24.3957],[118.2959,24.3959],[118.2963,24.3978],[118.2956,24.3982],[118.2956,24.3992],[118.2929,24.4011],[118.2906,24.402],[118.2913,24.4033],[118.29,24.4049],[118.2871,24.4064],[118.2855,24.4075],[118.2848,24.4076],[118.2844,24.4086],[118.2803,24.4109],[118.2803,24.4115],[118.2782,24.413],[118.2784,24.4146],[118.2809,24.4152],[118.2804,24.4163],[118.281,24.417],[118.2832,24.4176],[118.2882,24.4181],[118.2909,24.4188],[118.2921,24.4214],[118.2939,24.4234],[118.2958,24.4265],[118.2984,24.4296],[118.2993,24.4315],[118.3015,24.4353],[118.3022,24.4362],[118.303,24.4385],[118.303,24.4412],[118.3026,24.4446],[118.3022,24.4462],[118.301,24.4487],[118.2994,24.4513],[118.2964,24.454],[118.2956,24.456],[118.2959,24.4587],[118.2959,24.4606],[118.2954,24.4624],[118.2917,24.4673],[118.2912,24.4682],[118.2887,24.4696],[118.2885,24.4707],[118.2891,24.4709],[118.2876,24.4726],[118.2862,24.4748],[118.286,24.4771],[118.2866,24.4789],[118.2897,24.486],[118.292,24.4886],[118.2927,24.4899],[118.2945,24.4913],[118.2965,24.4919],[118.2998,24.4937],[118.3028,24.4947],[118.3075,24.4958],[118.3105,24.496],[118.3129,24.4955],[118.3156,24.4941],[118.3182,24.4932],[118.3204,24.4915],[118.3226,24.4896],[118.3243,24.4877],[118.3256,24.4857],[118.327,24.483],[118.3289,24.4815],[118.3314,24.479],[118.3346,24.477],[118.3387,24.475],[118.3414,24.4743],[118.3437,24.4746],[118.3465,24.4741],[118.3478,24.4731],[118.3504,24.4717],[118.3566,24.471],[118.3595,24.4711],[118.3618,24.4717],[118.3631,24.4717],[118.3647,24.4726],[118.3697,24.4773],[118.372,24.4791],[118.3752,24.482],[118.3791,24.485],[118.3802,24.4877],[118.3807,24.4912],[118.3827,24.4918],[118.3848,24.4922],[118.3857,24.4936],[118.3852,24.4956],[118.3847,24.4993],[118.3837,24.5027],[118.384,24.5081],[118.3845,24.5088],[118.3869,24.5098],[118.3886,24.5099],[118.392,24.5116],[118.3939,24.5142],[118.3943,24.5162],[118.3968,24.5196],[118.3995,24.521],[118.4008,24.5222],[118.4003,24.5247],[118.3997,24.5254],[118.3983,24.5258],[118.3965,24.5257],[118.3966,24.5265],[118.3977,24.5281],[118.3994,24.5286],[118.4021,24.5281],[118.4038,24.5272],[118.4056,24.5275],[118.4067,24.5283],[118.4077,24.5301],[118.4074,24.5315],[118.4062,24.5313],[118.4057,24.5318],[118.4059,24.5326],[118.4073,24.5342],[118.4093,24.534],[118.4113,24.5321],[118.4109,24.5306]]],[[[118.2501,24.4558],[118.253,24.4556],[118.2553,24.4552],[118.2581,24.454],[118.26,24.4528],[118.2622,24.4495],[118.2637,24.4482],[118.2658,24.4468],[118.2692,24.446],[118.2692,24.4445],[118.2685,24.4427],[118.2687,24.4416],[118.2682,24.4397],[118.2698,24.4382],[118.2697,24.4376],[118.2672,24.4357],[118.2664,24.4347],[118.2673,24.4339],[118.2668,24.4319],[118.266,24.431],[118.2657,24.4293],[118.2663,24.4281],[118.265,24.426],[118.2651,24.4254],[118.2631,24.4245],[118.2628,24.4233],[118.2631,24.4225],[118.262,24.4222],[118.2603,24.4227],[118.2601,24.4243],[118.2585,24.4251],[118.2561,24.4253],[118.2546,24.4249],[118.2521,24.4235],[118.2499,24.4216],[118.2487,24.4194],[118.25,24.4183],[118.2487,24.4166],[118.2475,24.4159],[118.2474,24.4154],[118.2454,24.4136],[118.2436,24.4133],[118.2421,24.4116],[118.2415,24.4113],[118.241,24.412],[118.2412,24.4133],[118.2417,24.4141],[118.2394,24.4149],[118.2378,24.4149],[118.2354,24.4143],[118.2323,24.4127],[118.23,24.4093],[118.2293,24.4083],[118.2275,24.4078],[118.226,24.405],[118.225,24.4051],[118.2237,24.4064],[118.2235,24.4078],[118.2231,24.4083],[118.2211,24.4091],[118.2189,24.4096],[118.2135,24.4098],[118.213,24.4109],[118.2116,24.4121],[118.2119,24.4128],[118.2137,24.4118],[118.2157,24.4125],[118.2164,24.4131],[118.2147,24.4136],[118.2146,24.4148],[118.2155,24.416],[118.2164,24.4182],[118.2165,24.4194],[118.2174,24.4208],[118.2173,24.4245],[118.2166,24.4262],[118.2168,24.4281],[118.2183,24.4302],[118.2195,24.4314],[118.221,24.4325],[118.2228,24.4349],[118.2238,24.4366],[118.2242,24.4397],[118.2265,24.4448],[118.2265,24.4463],[118.2273,24.4479],[118.2305,24.4521],[118.2334,24.4537],[118.2354,24.4538],[118.2383,24.4553],[118.2414,24.4561],[118.2434,24.455],[118.2444,24.4557],[118.2459,24.4562],[118.2489,24.4564],[118.2501,24.4558]]]]}},{"type":"Feature","properties":{"name":"連江縣","nameEn":"Lienchiang County","code":"09007"},"geometry":{"type":"MultiPolygon","coordinates":[[[[119.9184,26.1744],[119.92,26.175],[119.9205,26.1743],[119.9203,26.1728],[119.9217,26.1726],[119.9218,26.1719],[119.9234,26.1716],[119.9245,26.1719],[119.9251,26.1715],[119.9264,26.1722],[119.9283,26.172],[119.9277,26.171],[119.9284,26.1707],[119.9284,26.1698],[119.9277,26.1696],[119.9268,26.1703],[119.9258,26.1701],[119.9257,26.169],[119.9262,26.1679],[119.9255,26.1672],[119.9255,26.1664],[119.9236,26.1638],[119.924,26.162],[119.9246,26.1612],[119.9266,26.1613],[119.9269,26.1609],[119.929,26.1605],[119.9303,26.1621],[119.9312,26.16],[119.9303,26.1606],[119.9299,26.1594],[119.9301,26.1587],[119.9312,26.1581],[119.9332,26.1589],[119.9343,26.1588],[119.935,26.1595],[119.9358,26.1585],[119.9357,26.1545],[119.9373,26.1543],[119.9372,26.1549],[119.939,26.1562],[119.9395,26.1573],[119.9404,26.1576],[119.9419,26.1589],[119.9401,26.1621],[119.9396,26.1658],[119.9443,26.165],[119.9456,26.1657],[119.9462,26.1656],[119.949,26.1675],[119.9509,26.1674],[119.9512,26.1682],[119.9519,26.1682],[119.9532,26.1672],[119.9533,26.1663],[119.9527,26.1656],[119.9529,26.1644],[119.9537,26.1642],[119.955,26.1658],[119.9557,26.1677],[119.9566,26.168],[119.9607,26.1683],[119.9604,26.1678],[119.9615,26.1677],[119.9635,26.1669],[119.9652,26.1666],[119.9648,26.1652],[119.9636,26.1649],[119.9635,26.1639],[119.963,26.1639],[119.9637,26.1621],[119.9625,26.1615],[119.9628,26.161],[119.9626,26.1595],[119.9621,26.1583],[119.9607,26.1582],[119.9609,26.1578],[119.9594,26.1576],[119.9583,26.1548],[119.9576,26.154],[119.9578,26.1534],[119.9571,26.153],[119.9573,26.1523],[119.9559,26.1519],[119.9557,26.151],[119.955,26.1506],[119.9541,26.151],[119.954,26.1521],[119.9521,26.1515],[119.9533,26.1523],[119.9524,26.1534],[119.95,26.1535],[119.9484,26.1521],[119.9491,26.1514],[119.9484,26.151],[119.9491,26.1501],[119.9485,26.1493],[119.9488,26.1486],[119.9481,26.1484],[119.9469,26.1488],[119.9462,26.1483],[119.946,26.1467],[119.9441,26.1458],[119.9435,26.1446],[119.942,26.1433],[119.9407,26.1431],[119.9394,26.1435],[119.938,26.1429],[119.9372,26.1448],[119.9376,26.1452],[119.937,26.146],[119.9361,26.1461],[119.935,26.1454],[119.9344,26.1457],[119.9336,26.144],[119.9321,26.1446],[119.9316,26.1436],[119.9301,26.1427],[119.9288,26.1414],[119.9289,26.1409],[119.9307,26.1403],[119.9304,26.1397],[119.9286,26.1395],[119.9277,26.1399],[119.9269,26.1391],[119.9261,26.1391],[119.9258,26.1384],[119.9247,26.1384],[119.9246,26.1378],[119.9233,26.1382],[119.9232,26.1396],[119.9244,26.1409],[119.9237,26.1419],[119.921,26.1422],[119.919,26.1415],[119.9174,26.1415],[119.9168,26.1411],[119.9159,26.1419],[119.9148,26.1419],[119.9137,26.1427],[119.9126,26.1426],[119.9132,26.1434],[119.913,26.1453],[119.9119,26.1453],[119.9101,26.1441],[119.9089,26.1453],[119.9092,26.1465],[119.9105,26.1477],[119.9107,26.1497],[119.9123,26.1508],[119.9151,26.1532],[119.9142,26.1549],[119.9158,26.1556],[119.9165,26.1568],[119.9177,26.1579],[119.9173,26.1592],[119.9161,26.1593],[119.9153,26.1601],[119.9141,26.1597],[119.9125,26.1596],[119.9128,26.1602],[119.9143,26.1613],[119.915,26.1629],[119.916,26.1623],[119.9174,26.1625],[119.9173,26.1639],[119.9177,26.1654],[119.9184,26.1654],[119.9189,26.167],[119.9187,26.1679],[119.917,26.1678],[119.9165,26.1687],[119.9153,26.1693],[119.9152,26.1697],[119.9169,26.1714],[119.9156,26.1724],[119.9165,26.1744],[119.9164,26.1752],[119.9175,26.1751],[119.9184,26.1744]]],[[[120.0001,26.238],[120.0011,26.2358],[120.0014,26.2339],[120.0024,26.2337],[120.0037,26.2343],[120.0052,26.2346],[120.0064,26.234],[120.0056,26.2322],[120.0054,26.23],[120.0065,26.2293],[120.0065,26.2279],[120.0054,26.2272],[120.0033,26.2239],[120.0047,26.2233],[120.0058,26.2234],[120.0065,26.2243],[120.0063,26.2255],[120.0066,26.2265],[120.0093,26.228],[120.0115,26.2285],[120.0126,26.2279],[120.0141,26.2285],[120.015,26.2278],[120.0154,26.2268],[120.0141,26.2252],[120.0132,26.2245],[120.0135,26.2238],[120.0145,26.2241],[120.0145,26.2235],[120.0122,26.2217],[120.0105,26.2212],[120.0098,26.2197],[120.0104,26.2182],[120.0112,26.2185],[120.0117,26.2176],[120.0116,26.2143],[120.0096,26.2148],[120.0091,26.2167],[120.0092,26.2185],[120.0075,26.2194],[120.0071,26.2204],[120.0067,26.2225],[120.0033,26.2229],[120.0027,26.2225],[120.0004,26.2188],[119.9991,26.2192],[120.0006,26.2218],[119.9994,26.2226],[119.9984,26.2226],[119.9977,26.2217],[119.998,26.2213],[119.9978,26.2197],[119.9969,26.2181],[119.9943,26.218],[119.9939,26.2186],[119.9931,26.2186],[119.9919,26.2171],[119.9918,26.2162],[119.9906,26.2146],[119.9899,26.2144],[119.989,26.2151],[119.9896,26.2171],[119.9892,26.2179],[119.9876,26.2186],[119.9838,26.2187],[119.9827,26.2173],[119.9805,26.2163],[119.9787,26.2159],[119.9778,26.2149],[119.9759,26.2152],[119.9726,26.2119],[119.9725,26.2098],[119.9729,26.2093],[119.9715,26.2075],[119.9726,26.2062],[119.9726,26.2041],[119.9729,26.2015],[119.9714,26.1994],[119.972,26.1986],[119.9726,26.1986],[119.9735,26.1978],[119.9736,26.1957],[119.9729,26.1952],[119.975,26.195],[119.9758,26.1946],[119.976,26.1932],[119.9744,26.1922],[119.9735,26.1923],[119.9729,26.1938],[119.9732,26.1945],[119.9709,26.1952],[119.9694,26.1943],[119.9682,26.1944],[119.9675,26.1937],[119.9665,26.194],[119.9662,26.1962],[119.9665,26.1984],[119.966,26.1993],[119.9661,26.2018],[119.9655,26.2025],[119.9667,26.2035],[119.9656,26.2048],[119.9664,26.2067],[119.9674,26.207],[119.968,26.208],[119.9683,26.2093],[119.9695,26.2108],[119.9709,26.212],[119.971,26.2128],[119.9696,26.2138],[119.9686,26.2154],[119.9689,26.2186],[119.9674,26.2191],[119.9675,26.2213],[119.9685,26.2207],[119.9699,26.2213],[119.9712,26.2208],[119.9721,26.2213],[119.9733,26.2225],[119.974,26.2225],[119.975,26.2237],[119.9759,26.2236],[119.9786,26.226],[119.9798,26.2261],[119.9802,26.225],[119.9818,26.2247],[119.9833,26.225],[119.9844,26.2258],[119.9854,26.2273],[119.9884,26.2307],[119.9895,26.2316],[119.9915,26.2324],[119.9916,26.2335],[119.9932,26.234],[119.9929,26.2349],[119.9936,26.2353],[119.9931,26.2364],[119.9954,26.2382],[119.9983,26.2379],[120.0001,26.238]]],[[[120.4823,26.3807],[120.4826,26.3791],[120.4835,26.3772],[120.4827,26.3762],[120.4819,26.3739],[120.4822,26.3727],[120.4815,26.3712],[120.4835,26.3705],[120.4844,26.371],[120.4849,26.3699],[120.4862,26.37],[120.4874,26.3708],[120.4881,26.3718],[120.4886,26.3708],[120.4905,26.3713],[120.4914,26.3706],[120.4923,26.371],[120.4925,26.373],[120.4922,26.3746],[120.4934,26.377],[120.4959,26.3786],[120.4981,26.3784],[120.4985,26.3779],[120.4996,26.3784],[120.5005,26.3775],[120.5003,26.3761],[120.4996,26.3753],[120.4992,26.3741],[120.4985,26.3736],[120.4987,26.3727],[120.4993,26.3725],[120.5002,26.3732],[120.5013,26.3732],[120.5018,26.3722],[120.5025,26.372],[120.5025,26.3711],[120.5035,26.3713],[120.5049,26.3722],[120.5057,26.3718],[120.5058,26.3729],[120.5069,26.3728],[120.5082,26.3708],[120.5083,26.3694],[120.509,26.3694],[120.5102,26.3684],[120.5111,26.3684],[120.5108,26.367],[120.5114,26.3662],[120.5113,26.3652],[120.5102,26.3646],[120.5089,26.3648],[120.5078,26.3653],[120.5065,26.367],[120.505,26.3656],[120.5042,26.3656],[120.5041,26.3669],[120.5029,26.3689],[120.5013,26.3687],[120.5007,26.3668],[120.501,26.366],[120.5006,26.3645],[120.5,26.3636],[120.4988,26.3631],[120.4985,26.3618],[120.4962,26.3612],[120.4961,26.3603],[120.4954,26.3602],[120.4946,26.3588],[120.4946,26.3581],[120.4935,26.3569],[120.4931,26.3573],[120.4936,26.3585],[120.4924,26.3592],[120.4912,26.3581],[120.4907,26.3585],[120.4885,26.3574],[120.4881,26.3579],[120.4886,26.359],[120.4877,26.3596],[120.4868,26.3593],[120.4862,26.3598],[120.4853,26.3587],[120.4857,26.3571],[120.4852,26.3559],[120.484,26.3559],[120.484,26.3572],[120.482,26.3587],[120.4819,26.3597],[120.4832,26.3606],[120.4838,26.3635],[120.4821,26.365],[120.483,26.3645],[120.4854,26.3655],[120.4855,26.3675],[120.4854,26.3689],[120.4845,26.3698],[120.4836,26.3698],[120.481,26.3708],[120.4797,26.3691],[120.4778,26.3675],[120.4778,26.3688],[120.4773,26.3691],[120.4778,26.3739],[120.4769,26.3741],[120.4767,26.375],[120.4772,26.3776],[120.4775,26.3779],[120.4765,26.379],[120.4754,26.377],[120.4745,26.3768],[120.4733,26.3759],[120.4728,26.3741],[120.4717,26.3723],[120.471,26.3724],[120.4705,26.3711],[120.4702,26.3718],[120.4694,26.3711],[120.4693,26.3725],[120.4705,26.3748],[120.4692,26.3769],[120.4703,26.3781],[120.4718,26.3782],[120.4721,26.3788],[120.4736,26.3787],[120.4747,26.3798],[120.4744,26.3807],[120.4745,26.3821],[120.4738,26.3826],[120.4742,26.3835],[120.4749,26.383],[120.476,26.3837],[120.4768,26.3835],[120.4772,26.3819],[120.4779,26.3819],[120.4787,26.3831],[120.4799,26.3839],[120.4796,26.3831],[120.4803,26.381],[120.4823,26.3807]]],[[[119.9865,25.9698],[119.9874,25.9703],[119.9878,25.9695],[119.9875,25.9688],[119.9886,25.9688],[119.9886,25.9681],[119.9868,25.9661],[119.9846,25.9642],[119.9849,25.9625],[119.9838,25.9617],[119.9815,25.9607],[119.9804,25.9598],[119.9786,25.9597],[119.9783,25.959],[119.9792,25.9567],[119.9786,25.9559],[119.9772,25.9564],[119.9762,25.9551],[119.9747,25.9553],[119.9751,25.9546],[119.9745,25.9534],[119.973,25.9537],[119.9722,25.9548],[119.9722,25.9556],[119.9714,25.9566],[119.9713,25.9558],[119.9704,25.9545],[119.9697,25.9541],[119.9674,25.9513],[119.9665,25.9516],[119.9655,25.9511],[119.9649,25.9492],[119.963,25.9487],[119.962,25.9494],[119.9621,25.95],[119.9606,25.95],[119.9608,25.9505],[119.9622,25.9501],[119.9629,25.9515],[119.9627,25.9524],[119.9636,25.9534],[119.9644,25.9556],[119.9656,25.9563],[119.9651,25.9582],[119.9638,25.958],[119.9637,25.9586],[119.9647,25.9588],[119.9662,25.9584],[119.9682,25.9592],[119.9696,25.9605],[119.9696,25.9616],[119.9704,25.9622],[119.9716,25.9645],[119.9712,25.9665],[119.9716,25.9671],[119.9732,25.9674],[119.9746,25.9684],[119.9766,25.9681],[119.9774,25.9685],[119.9787,25.9684],[119.9785,25.9672],[119.98,25.9664],[119.9819,25.9665],[119.9829,25.9669],[119.983,25.9677],[119.982,25.969],[119.9838,25.9696],[119.9841,25.9707],[119.9862,25.9706],[119.9865,25.9698]]],[[[119.9439,25.9818],[119.9451,25.9807],[119.9479,25.9818],[119.9474,25.9814],[119.9485,25.9811],[119.9477,25.9782],[119.9465,25.9781],[119.9465,25.9769],[119.9449,25.9759],[119.9453,25.9755],[119.9433,25.9745],[119.9419,25.9729],[119.9397,25.974],[119.9385,25.9734],[119.9373,25.9722],[119.9375,25.9713],[119.9384,25.9709],[119.9372,25.9703],[119.9355,25.9686],[119.935,25.9677],[119.9339,25.9675],[119.9316,25.9675],[119.9325,25.9692],[119.9333,25.9686],[119.9336,25.9694],[119.9332,25.9701],[119.9317,25.9709],[119.9318,25.9716],[119.9305,25.9719],[119.9292,25.9708],[119.9287,25.9711],[119.9289,25.9725],[119.9267,25.9751],[119.9256,25.9767],[119.9257,25.9775],[119.9242,25.9793],[119.9253,25.9809],[119.9269,25.9816],[119.9271,25.9812],[119.9285,25.9812],[119.9289,25.9816],[119.9317,25.9816],[119.9325,25.9802],[119.9334,25.98],[119.9341,25.9804],[119.9364,25.9812],[119.9373,25.9817],[119.9389,25.9807],[119.94,25.982],[119.943,25.9819],[119.9427,25.9824],[119.9446,25.9821],[119.9439,25.9818]]]]}}]}